s,o,h,l,c,v,date,psar,PosDI,NegDI,ADX,accumulated_sentiment
ok,173.26,173.26,173.26,173.26,0.0,1997-07-20,173.26,0.0,0.0,0.0,
,173.25,173.25,173.25,173.25,0.0,1997-07-21,173.25,0.0,0.0,0.0,
,173.03,173.03,173.03,173.03,0.0,1997-07-22,173.26,0.0,0.0,0.0,
,173.03,173.03,173.03,173.03,0.0,1997-07-23,173.2554,0.0,0.0,0.0,
,172.66,172.66,172.66,172.66,0.0,1997-07-24,173.250892,0.0,0.0,0.0,
,173.15,173.15,173.15,173.15,0.0,1997-07-27,173.2272563,0.0,0.0,0.0,
,172.88,172.88,172.88,172.88,0.0,1997-07-29,173.2045661,34.32574431,65.67425569,0.0,
,172.12,172.12,172.12,172.12,0.0,1997-07-30,173.1827834,18.73804971,81.26195029,0.0,
,171.7,171.7,171.7,171.7,0.0,1997-07-31,173.1190164,14.26362231,85.73637769,0.0,
,171.52,171.52,171.52,171.52,0.0,1997-08-03,173.0054951,12.64592616,87.35407384,50.02901163,
,171.36,171.36,171.36,171.36,0.0,1997-08-04,172.8569456,11.23068383,88.76931617,55.53093577,
,171.16,171.16,171.16,171.16,0.0,1997-08-05,172.6773121,9.559135913,90.44086409,60.60109425,
,171.1,171.1,171.1,171.1,0.0,1997-08-06,172.4648884,9.053805917,90.94619408,64.85935303,
,171.24,171.24,171.24,171.24,0.0,1997-08-07,172.2465063,21.20313218,78.79686782,63.40622956,
,170.39,170.39,170.39,170.39,0.0,1997-08-10,172.0630653,10.52871785,89.47128215,66.51349651,
,169.38,169.38,169.38,169.38,0.0,1997-08-11,171.7619135,6.024155099,93.9758449,70.80113516,
,169.28,169.28,169.28,169.28,0.0,1997-08-12,171.2855308,5.72121679,94.27878321,74.35242142,
,169.28,169.28,169.28,169.28,0.0,1997-08-13,170.8844247,5.72121679,94.27878321,77.19345042,
,169.52,169.52,169.52,169.52,0.0,1997-08-14,170.5635397,20.6792975,79.3207025,73.48304133,
,169.57,169.57,169.57,169.57,0.0,1997-08-17,170.3068318,23.82656891,76.17343109,69.2558055,
,169.76,169.76,169.76,169.76,0.0,1997-08-20,170.1014654,35.90628436,64.09371564,61.04213066,
,169.57,169.57,169.57,169.57,0.0,1997-08-21,169.9371723,29.9661742,70.0338258,56.84723485,
,169.91,169.91,169.91,169.91,0.0,1997-08-24,169.28,48.88225146,51.11774854,45.92488729,
,169.57,169.57,169.57,169.57,0.0,1997-08-26,169.2926,36.54409121,63.45590879,42.12227335,
,169.87,169.87,169.87,169.87,0.0,1997-08-27,169.304948,50.36258513,49.63741487,33.84285273,
,169.98,169.98,169.98,169.98,0.0,1997-08-28,169.317049,54.86724431,45.13275569,29.02117991,
,169.64,169.64,169.64,169.64,0.0,1997-08-31,169.3435671,40.62344665,59.37655335,26.96756527,
,170.13,170.13,170.13,170.13,0.0,1997-09-01,169.3690244,59.54367141,40.45632859,25.39152078,
,170.2,170.2,170.2,170.2,0.0,1997-09-02,169.4146829,61.72175858,38.27824142,25.00192006,
,168.74,168.74,168.74,168.74,0.0,1997-09-03,170.2,25.67852689,74.32147311,29.73012529,
,168.63,168.63,168.63,168.63,0.0,1997-09-04,170.2,24.33991601,75.66008399,34.04813383,
,168.49,168.49,168.49,168.49,0.0,1997-09-07,170.1372,22.47591165,77.52408835,38.2481424,
,168.84,168.84,168.84,168.84,0.0,1997-09-08,170.038368,37.44623899,62.55376101,35.62001833,
,169.18,169.18,169.18,169.18,0.0,1997-09-09,169.9454659,49.3280609,50.6719391,28.7647903,
,169.17,169.17,169.17,169.17,0.0,1997-09-10,169.858138,48.98597712,51.01402288,23.41744139,
,169.99,169.99,169.99,169.99,0.0,1997-09-11,168.49,70.18161306,29.81838694,26.80659834,
,170.1,170.1,170.1,170.1,0.0,1997-09-14,168.52,72.12375095,27.87624905,30.29477905,
,170.45,170.45,170.45,170.45,0.0,1997-09-16,168.5832,77.8592752,22.1407248,35.37953332,
,170.6,170.6,170.6,170.6,0.0,1997-09-17,168.695208,80.05740658,19.94259342,40.32658929,
,169.67,169.67,169.67,169.67,0.0,1997-09-18,168.8475914,45.24499722,54.75500278,34.16327254,
,170.31,170.31,170.31,170.31,0.0,1997-09-21,168.9877841,60.1508959,39.8491041,31.39097639,
,170.06,170.06,170.06,170.06,0.0,1997-09-22,169.1167613,53.09348161,46.90651839,26.35017376,
,170.43,170.43,170.43,170.43,0.0,1997-09-23,169.2354204,61.45908485,38.54091515,25.66377295,
,169.96,169.96,169.96,169.96,0.0,1997-09-24,169.3445868,47.89573282,52.10426718,21.37272523,
,169.97,169.97,169.97,169.97,0.0,1997-09-25,169.4450198,48.19976867,51.80023133,17.81827271,
,170.71,170.71,170.71,170.71,0.0,1997-09-28,169.5374183,66.35804077,33.64195923,20.79783448,
,170.64,170.64,170.64,170.64,0.0,1997-09-29,169.6546764,63.71700369,36.28299631,22.12506906,
,171.23,171.23,171.23,171.23,0.0,1997-09-30,169.7602088,74.43634112,25.56365888,27.4745917,
,170.2,170.2,170.2,170.2,0.0,1997-10-01,169.9365837,45.25821306,54.74178694,23.87638813,
,169.8,169.8,169.8,169.8,0.0,1997-10-05,171.23,38.0229966,61.9770034,23.89191187,
,169.7,169.7,169.7,169.7,0.0,1997-10-06,171.2014,36.21382982,63.78617018,24.62799757,
,169.68,169.68,169.68,169.68,0.0,1997-10-07,171.141344,35.78812243,64.21187757,25.38714908,
,169.43,169.43,169.43,169.43,0.0,1997-10-16,171.0536634,30.23468153,69.76531847,28.21584666,
,169.51,169.51,169.51,169.51,0.0,1997-10-19,170.9237703,34.31195258,65.68804742,28.84789629,
,169.55,169.55,169.55,169.55,0.0,1997-10-20,170.8042687,36.62676548,63.37323452,28.42761084,
,169.29,169.29,169.29,169.29,0.0,1997-10-21,170.6943272,28.47405192,71.52594808,31.3524679,
,170.33,170.33,170.33,170.33,0.0,1997-10-22,170.5538945,66.14869048,33.85130952,31.54145051,
,171.04,171.04,171.04,171.04,0.0,1997-10-23,169.29,76.64606281,23.35393719,35.89158553,
,170.61,170.61,170.61,170.61,0.0,1997-10-26,169.325,62.07362105,37.92637895,33.54271685,
,172.96,172.96,172.96,172.96,0.0,1997-10-27,169.3593,83.50186861,16.49813139,40.23492092,
,172.0,172.0,172.0,172.0,0.0,1997-10-28,169.503328,64.80505688,35.19494312,38.10995949,
,173.43,173.43,173.43,173.43,0.0,1997-10-29,169.6415949,75.1608423,24.8391577,40.55230451,
,173.44,173.44,173.44,173.44,0.0,1997-11-03,169.8688992,75.22456556,24.77543444,42.53166983,
,172.68,172.68,172.68,172.68,0.0,1997-11-04,170.1545873,60.48369632,39.51630368,38.21881439,
,173.03,173.03,173.03,173.03,0.0,1997-11-05,170.4174203,64.48945853,35.51054147,36.37083493,
,172.07,172.07,172.07,172.07,0.0,1997-11-06,170.6592267,47.85668527,52.14331473,29.95399383,
,173.02,173.02,173.02,173.02,0.0,1997-11-09,170.8816885,60.4685888,39.5314112,28.15063059,
,172.46,172.46,172.46,172.46,0.0,1997-11-10,171.0863534,51.32198469,48.67801531,23.04929835,
,172.08,172.08,172.08,172.08,0.0,1997-11-11,171.2746452,45.48600912,54.51399088,20.24503503,
,171.96,171.96,171.96,171.96,0.0,1997-11-12,171.4478735,43.53200121,56.46799879,18.78322754,
,172.02,172.02,172.02,172.02,0.0,1997-11-13,171.6072437,45.00847011,54.99152989,17.02319399,
,172.02,172.02,172.02,172.02,0.0,1997-11-16,171.7538642,45.00847011,54.99152989,15.61516715,
,172.8,172.8,172.8,172.8,0.0,1997-11-17,171.888755,64.08390351,35.91609649,18.12569512,
,172.68,172.68,172.68,172.68,0.0,1997-11-18,172.0128546,60.07635452,39.92364548,18.53109791,
,172.35,172.35,172.35,172.35,0.0,1997-11-19,172.1270263,49.4468863,50.5531137,15.04612381,
,173.01,173.01,173.01,173.01,0.0,1997-11-20,172.2320642,64.95042237,35.04957763,18.01706799,
,173.28,173.28,173.28,173.28,0.0,1997-11-23,172.328699,69.70189434,30.29810566,22.29441213,
,173.1,173.1,173.1,173.1,0.0,1997-11-24,172.4176031,62.6269153,37.3730847,22.88629582,
,173.28,173.28,173.28,173.28,0.0,1997-11-25,172.4993949,66.83488064,33.16511936,25.04298891,
,172.39,172.39,172.39,172.39,0.0,1997-11-26,173.44,39.40991019,60.59008981,24.27042705,
,172.14,172.14,172.14,172.14,0.0,1997-11-27,173.419,34.44682025,65.55317975,25.63761354,
,171.64,171.64,171.64,171.64,0.0,1997-11-30,173.36784,26.19853437,73.80146563,30.03067709,
,171.77,171.77,171.77,171.77,0.0,1997-12-01,173.2641696,31.52717205,68.47282795,31.41367285,
,171.19,171.19,171.19,171.19,0.0,1997-12-02,173.1667194,22.47659337,77.52340663,36.14030093,
,170.08,170.08,170.08,170.08,0.0,1997-12-03,173.0085819,13.32541434,86.67458566,43.58207501,
,170.22,170.22,170.22,170.22,0.0,1997-12-04,172.7157237,18.55340232,81.44659768,47.44429908,
,170.68,170.68,170.68,170.68,0.0,1997-12-07,172.4521513,34.72430069,65.27569931,44.06571899,
,170.54,170.54,170.54,170.54,0.0,1997-12-08,172.2149362,32.28564292,67.71435708,42.33831802,
,170.24,170.24,170.24,170.24,0.0,1997-12-09,172.0014426,27.17386484,72.82613516,43.00110848,
,171.14,171.14,171.14,171.14,0.0,1997-12-10,171.8092983,54.30478586,45.69521414,36.12280113,
,171.19,171.19,171.19,171.19,0.0,1997-12-11,171.6363685,55.45715788,44.54284212,31.08110406,
,170.56,170.56,170.56,170.56,0.0,1997-12-14,171.4807316,39.69181278,60.30818722,28.98815813,
,170.16,170.16,170.16,170.16,0.0,1997-12-15,171.3406585,32.38512012,67.61487988,30.23647846,
,170.11,170.11,170.11,170.11,0.0,1997-12-16,171.2145926,31.4796587,68.5203413,31.59731929,
,170.9,170.9,170.9,170.9,0.0,1997-12-17,171.1011334,55.85580822,44.14419178,27.62017872,
,171.7,171.7,171.7,171.7,0.0,1997-12-18,170.08,69.56238744,30.43761256,29.92109795,
,170.83,170.83,170.83,170.83,0.0,1997-12-21,170.1124,48.91594474,51.08405526,24.37050046,
,170.57,170.57,170.57,170.57,0.0,1997-12-22,170.144152,44.03369497,55.96630503,21.88292238,
,170.52,170.52,170.52,170.52,0.0,1997-12-23,170.175269,43.00196854,56.99803146,20.30555049,
,170.94,170.94,170.94,170.94,0.0,1997-12-24,170.2057636,54.25589056,45.74410944,17.94679662,
,170.74,170.74,170.74,170.74,0.0,1997-12-25,170.2356483,48.54999342,51.45000658,14.93743993,
,170.83,170.83,170.83,170.83,0.0,1997-12-28,170.2649353,51.42358491,48.57641509,12.51938591,
,170.7,170.7,170.7,170.7,0.0,1997-12-30,170.2936366,46.71286823,53.28713177,11.33036143,
,170.93,170.93,170.93,170.93,0.0,1997-12-31,170.3217639,55.68971266,44.31028734,11.34017421,
,170.21,170.21,170.21,170.21,0.0,1998-01-04,171.7,33.56423115,66.43576885,15.64644691,
,170.23,170.23,170.23,170.23,0.0,1998-01-05,171.6702,34.46824906,65.53175094,18.7298579,
,170.39,170.39,170.39,170.39,0.0,1998-01-06,171.640996,42.31735577,57.68264423,18.05694401,
,170.32,170.32,170.32,170.32,0.0,1998-01-07,171.6123761,39.71587474,60.28412526,18.55920532,
,170.69,170.69,170.69,170.69,0.0,1998-01-08,171.5843286,57.12907779,42.87092221,17.69899537,
,170.73,170.73,170.73,170.73,0.0,1998-01-12,171.556842,58.73963818,41.26036182,17.65505156,
,170.6,170.6,170.6,170.6,0.0,1998-01-13,171.5299051,50.96190228,49.03809772,14.50880216,
,176.6,176.6,176.6,176.6,0.0,1998-02-15,170.21,94.3236757,5.676324302,29.33651201,
,176.62,176.62,176.62,176.62,0.0,1998-02-16,170.3378,94.34451256,5.655487444,41.20701463,
,176.11,176.11,176.11,176.11,0.0,1998-02-17,170.589088,84.46181254,15.53818746,46.75033672,
,176.12,176.12,176.12,176.12,0.0,1998-02-18,170.8303245,84.50160361,15.49839639,51.20091082,
,176.5,176.5,176.5,176.5,0.0,1998-02-22,171.0619115,86.18238734,13.81761266,55.43368359,
,176.57,176.57,176.57,176.57,0.0,1998-02-23,171.284235,86.51903115,13.48096885,58.95455934,
,178.68,178.68,178.68,178.68,0.0,1998-02-26,171.4976656,92.97125817,7.028741832,64.35215074,
,177.58,177.58,177.58,177.58,0.0,1998-03-01,171.9286057,70.86789691,29.13210309,59.82887935,
,177.86,177.86,177.86,177.86,0.0,1998-03-02,172.3336894,72.91664006,27.08335994,57.02975951,
,178.04,178.04,178.04,178.04,0.0,1998-03-03,172.714468,74.36530616,25.63469384,55.36993007,
,178.56,178.56,178.56,178.56,0.0,1998-03-04,173.0723999,78.5152075,21.4847925,55.70202706,
,179.42,179.42,179.42,179.42,0.0,1998-03-05,173.4088559,83.90252449,16.09747551,58.12263144,
,180.31,180.31,180.31,180.31,0.0,1998-03-08,173.8897474,87.84519806,12.15480194,61.63618438,
,180.29,180.29,180.29,180.29,0.0,1998-03-09,174.5317727,87.24496018,12.75503982,64.20693157,
,180.22,180.22,180.22,180.22,0.0,1998-03-10,175.1095954,84.71256622,15.28743378,65.25057175,
,180.36,180.36,180.36,180.36,0.0,1998-03-11,175.6296359,85.7468546,14.2531454,66.49919924,
,180.84,180.84,180.84,180.84,0.0,1998-03-15,176.1972796,88.95066274,11.04933726,68.77962449,
,169.71,169.71,169.71,169.71,0.0,1998-03-16,180.84,11.83629021,88.16370979,70.28918351,
,168.91,168.91,168.91,168.91,0.0,1998-03-17,180.84,10.98096461,89.01903539,71.83896096,
,169.49,169.49,169.49,169.49,0.0,1998-03-18,180.3628,16.45235965,83.54764035,70.89022491,
,170.23,170.23,170.23,170.23,0.0,1998-03-19,179.904688,23.91086137,76.08913863,67.14783538,
,165.87,165.87,165.87,165.87,0.0,1998-03-22,179.4649005,14.42603783,85.57396217,67.94785317,
,166.06,166.06,166.06,166.06,0.0,1998-03-23,178.6492065,16.23599621,83.76400379,67.86388405,
,166.34,166.34,166.34,166.34,0.0,1998-03-24,177.8824541,19.37722195,80.62277805,66.54021846,
,166.62,166.62,166.62,166.62,0.0,1998-03-25,177.1617068,22.98728008,77.01271992,64.03726274,
,167.4,167.4,167.4,167.4,0.0,1998-03-26,176.4842044,33.37541409,66.62458591,57.87964456,
,167.83,167.83,167.83,167.83,0.0,1998-03-29,175.8473521,39.04162013,60.95837987,50.68706759,
,167.06,167.06,167.06,167.06,0.0,1998-03-30,175.248711,32.79798777,67.20201223,47.43045896,
,166.62,166.62,166.62,166.62,0.0,1998-03-31,174.6859884,29.43555449,70.56444551,46.17014538,
,166.37,166.37,166.37,166.37,0.0,1998-04-01,174.1570291,27.43775286,72.56224714,45.96101516,
,165.87,165.87,165.87,165.87,0.0,1998-04-02,173.6598073,23.45756886,76.54243114,47.38578458,
,166.47,166.47,166.47,166.47,0.0,1998-04-06,173.1924189,37.13629985,62.86370015,43.05410773,
,166.64,166.64,166.64,166.64,0.0,1998-04-07,172.7530737,40.87825424,59.12174576,38.09198448,
,166.06,166.06,166.06,166.06,0.0,1998-04-08,172.3400893,32.60202956,67.39797044,37.43277576,
,165.82,165.82,165.82,165.82,0.0,1998-04-09,171.951884,29.51155427,70.48844573,38.1415989,
,159.38,159.38,159.38,159.38,0.0,1998-04-12,171.4613332,7.060945314,92.93905469,47.688901,
,158.86,158.86,158.86,158.86,0.0,1998-04-13,170.2531999,6.557446677,93.44255332,55.52814213,
,157.97,157.97,157.97,157.97,0.0,1998-05-14,168.8860159,5.689477137,94.31052286,62.14672285,
,158.01,158.01,158.01,158.01,0.0,1998-05-17,167.3577737,6.385610302,93.6143897,67.16313416,
,157.69,157.69,157.69,157.69,0.0,1998-05-18,166.0434854,5.94666948,94.05333052,71.35183953,
,157.57,157.57,157.57,157.57,0.0,1998-05-19,164.7069277,5.761040503,94.2389595,74.77705542,
,157.29,157.29,157.29,157.29,0.0,1998-05-20,163.4222807,5.28029325,94.71970675,77.70952704,
,157.57,157.57,157.57,157.57,0.0,1998-05-21,162.1958246,14.22724798,85.77275202,76.47672244,
,157.68,157.68,157.68,157.68,0.0,1998-05-24,161.2146597,18.0294686,81.9705314,73.96959051,
,156.84,156.84,156.84,156.84,0.0,1998-05-25,160.4297277,12.66879044,87.33120956,74.10815623,
,157.05,157.05,157.05,157.05,0.0,1998-05-26,159.7117822,20.09333526,79.90666474,71.24919088,
,157.56,157.56,157.56,157.56,0.0,1998-05-27,159.1374257,36.48543477,63.51456523,62.4051788,
,156.86,156.86,156.86,156.86,0.0,1998-05-28,158.6779406,26.9871291,73.0128709,59.1292914,
,156.86,156.86,156.86,156.86,0.0,1998-06-01,158.3103525,26.9871291,73.0128709,56.50858148,
,156.43,156.43,156.43,156.43,0.0,1998-06-02,158.016282,21.59191962,78.40808038,56.57009733,
,156.91,156.91,156.91,156.91,0.0,1998-06-03,157.6990256,38.69364462,61.30635538,49.77862002,
,156.77,156.77,156.77,156.77,0.0,1998-06-04,157.4452205,35.84338193,64.15661807,45.48554324,
,156.78,156.78,156.78,156.78,0.0,1998-06-07,157.2421764,36.26258233,63.73741767,41.88340166,
,158.05,158.05,158.05,158.05,0.0,1998-06-08,156.43,68.71437886,31.28562114,40.99247287,
,158.32,158.32,158.32,158.32,0.0,1998-06-09,156.4624,72.44298499,27.55701501,41.7711723,
,159.56,159.56,159.56,159.56,0.0,1998-06-10,156.536704,83.63771486,16.36228514,46.87202378,
,160.16,160.16,160.16,160.16,0.0,1998-06-11,156.7181018,86.8650821,13.1349179,52.24365186,
,159.95,159.95,159.95,159.95,0.0,1998-06-14,156.9934536,79.96458797,20.03541203,53.78075668,
,160.23,160.23,160.23,160.23,0.0,1998-06-15,157.2467773,82.30710428,17.69289572,55.94744705,
,160.38,160.38,160.38,160.38,0.0,1998-06-16,157.5450996,83.59176777,16.40823223,58.19466475,
,161.13,161.13,161.13,161.13,0.0,1998-06-17,157.8852876,88.71360462,11.28639538,62.04117364,
,160.72,160.72,160.72,160.72,0.0,1998-06-18,158.3395474,73.1174483,26.8825517,58.87991824,
,161.02,161.02,161.02,161.02,0.0,1998-06-21,158.7302107,76.84127462,23.15872538,57.84044444,
,161.34,161.34,161.34,161.34,0.0,1998-06-22,159.0661812,80.45175815,19.54824185,58.45305881,
,163.01,163.01,163.01,163.01,0.0,1998-06-23,159.4299922,90.3083294,9.691670601,62.88577881,
,164.07,164.07,164.07,164.07,0.0,1998-06-24,160.0743936,93.07764037,6.922359625,67.5396792,
,164.68,164.68,164.68,164.68,0.0,1998-06-25,160.8735149,94.2579006,5.742099402,71.7349036,
,165.92,165.92,165.92,165.92,0.0,1998-06-28,161.6348119,95.9936147,4.006385305,75.78536876,
,165.65,165.65,165.65,165.65,0.0,1998-06-29,162.4918495,88.69626888,11.30373112,76.10680256,
,165.87,165.87,165.87,165.87,0.0,1998-06-30,163.1774796,89.50858588,10.49141412,76.6888764,
,166.03,166.03,166.03,166.03,0.0,1998-07-01,163.7259837,90.15195618,9.848043817,77.41188359,
,166.05,166.05,166.05,166.05,0.0,1998-07-02,164.186787,90.24542257,9.754577428,78.0276759,
,165.41,165.41,165.41,165.41,0.0,1998-07-05,164.5594296,65.41256635,34.58743365,68.58716726,
,164.33,164.33,164.33,164.33,0.0,1998-07-06,166.05,41.38890412,58.61109588,58.31417216,
,163.73,163.73,163.73,163.73,0.0,1998-07-07,166.0156,32.97804376,67.02195624,53.46012022,
,163.44,163.44,163.44,163.44,0.0,1998-07-08,165.924176,29.37188328,70.62811672,51.01934287,
,162.59,162.59,162.59,162.59,0.0,1998-07-09,165.7751254,20.97037449,79.02962551,52.4273245,
,162.49,162.49,162.49,162.49,0.0,1998-07-13,165.5203154,20.12387221,79.87612779,53.89231071,
,162.85,162.85,162.85,162.85,0.0,1998-07-14,165.2172839,32.40286508,67.59713492,50.15270254,
,163.77,163.77,163.77,163.77,0.0,1998-07-15,164.9445555,54.66527137,45.33472863,41.98827058,
,163.35,163.35,163.35,163.35,0.0,1998-07-16,164.6990999,46.01692817,53.98307183,35.18384519,
,164.01,164.01,164.01,164.01,0.0,1998-07-19,164.4781899,58.81546297,41.18453703,31.67326134,
,164.04,164.04,164.04,164.04,0.0,1998-07-20,164.2793709,59.3628733,40.6371267,29.08375839,
,162.41,162.41,162.41,162.41,0.0,1998-07-21,164.1004338,31.19888235,68.80111765,30.78745377,
,161.57,161.57,161.57,161.57,0.0,1998-07-22,164.04,23.89584696,76.10415304,35.07162423,
,161.52,161.52,161.52,161.52,0.0,1998-07-23,163.6942,23.48678539,76.51321461,38.66258523,
,160.14,160.14,160.14,160.14,0.0,1998-07-26,163.346328,14.76609328,85.23390672,45.02363087,
,160.96,160.96,160.96,160.96,0.0,1998-07-27,162.769189,33.19106075,66.80893925,42.7424804,
,161.21,161.21,161.21,161.21,0.0,1998-07-28,162.2959349,38.275987,61.724013,38.88358952,
,160.97,160.97,160.97,160.97,0.0,1998-07-29,161.9078667,35.07266839,64.92733161,37.07780426,
,161.29,161.29,161.29,161.29,0.0,1998-07-30,161.5896507,43.02037898,56.97962102,32.45409181,
,161.85,161.85,161.85,161.85,0.0,1998-08-02,160.14,55.05525176,44.94474824,27.98537416,
,162.07,162.07,162.07,162.07,0.0,1998-08-03,160.1742,59.27888567,40.72111433,26.09985359,
,162.16,162.16,162.16,162.16,0.0,1998-08-04,160.250032,61.14600813,38.85399187,25.33828613,
,162.37,162.37,162.37,162.37,0.0,1998-08-05,160.3646301,65.72916417,34.27083583,26.56229457,
,163.76,163.76,163.76,163.76,0.0,1998-08-06,160.5250597,82.6561578,17.3438422,34.31229877,
,164.25,164.25,164.25,164.25,0.0,1998-08-10,160.8485537,85.75622748,14.24377252,41.75233001,
,164.77,164.77,164.77,164.77,0.0,1998-08-11,161.2567273,88.48621944,11.51378056,48.79635178,
,165.43,165.43,165.43,165.43,0.0,1998-08-12,161.7485854,91.17095101,8.829048993,55.50546183,
,166.02,166.02,166.02,166.02,0.0,1998-08-13,162.3376118,92.99590873,7.004091272,61.60273296,
,166.28,166.28,166.28,166.28,0.0,1998-08-17,163.0004417,93.71187327,6.288126728,66.76693567,
,165.75,165.75,165.75,165.75,0.0,1998-08-18,163.6563533,74.34696309,25.65303691,63.15233378,
,166.47,166.47,166.47,166.47,0.0,1998-08-19,164.1810827,81.01045718,18.98954282,62.92604989,
,166.08,166.08,166.08,166.08,0.0,1998-08-20,164.6388661,68.89373656,31.10626344,57.89833454,
,166.83,166.83,166.83,166.83,0.0,1998-08-23,165.0050929,77.12005695,22.87994305,57.16669041,
,166.19,166.19,166.19,166.19,0.0,1998-08-24,165.3700743,60.1518642,39.8481358,49.79409801,
,166.82,166.82,166.82,166.82,0.0,1998-08-25,165.6620595,68.64157779,31.35842221,47.29190952,
,166.66,166.66,166.66,166.66,0.0,1998-08-26,165.8956476,64.29308512,35.70691488,43.55076166,
,166.21,166.21,166.21,166.21,0.0,1998-08-27,166.0825181,52.58213249,47.41786751,35.87346233,
,166.59,166.59,166.59,166.59,0.0,1998-08-30,166.21,60.22888185,39.77111815,32.7903226,
,166.54,166.54,166.54,166.54,0.0,1998-08-31,166.21,58.67267561,41.32732439,29.70132833,
,166.56,166.56,166.56,166.56,0.0,1998-09-01,166.334,59.19977788,40.80022212,27.44097381,
,166.17,166.17,166.17,166.17,0.0,1998-09-02,166.83,45.16010078,54.83989922,23.88873874,
,166.36,166.36,166.36,166.36,0.0,1998-09-03,166.8168,52.0807392,47.9192608,19.94328667,
,166.37,166.37,166.37,166.37,0.0,1998-09-06,166.803864,52.47531024,47.52468976,16.94475343,
,166.21,166.21,166.21,166.21,0.0,1998-09-07,166.7911867,45.05549832,54.94450168,15.53360342,
,167.3,167.3,167.3,167.3,0.0,1998-09-08,166.17,75.07142838,24.92857162,22.45545409,
,167.49,167.49,167.49,167.49,0.0,1998-09-09,166.1926,77.72309835,22.27690165,29.05360261,
,167.74,167.74,167.74,167.74,0.0,1998-09-10,166.244496,81.04015753,18.95984247,35.6589451,
,168.06,168.06,168.06,168.06,0.0,1998-09-13,166.3342262,84.68809674,15.31190326,42.40239477,
,168.21,168.21,168.21,168.21,0.0,1998-09-14,166.4722881,86.23941549,13.76058451,48.41768202,
,168.51,168.51,168.51,168.51,0.0,1998-09-15,166.6460593,89.0203991,10.9796009,54.34230525,
,168.42,168.42,168.42,168.42,0.0,1998-09-16,166.8697322,82.74911906,17.25088094,56.57349183,
,168.53,168.53,168.53,168.53,0.0,1998-09-17,167.0665643,84.42538934,15.57461066,59.0289492,
,169.01,169.01,169.01,169.01,0.0,1998-09-20,167.2714453,89.82064146,10.17935854,63.15141594,
,168.18,168.18,168.18,168.18,0.0,1998-09-22,167.5496141,51.36253673,48.63746327,51.06614745,
,168.28,168.28,168.28,168.28,0.0,1998-09-23,167.7832758,54.30882969,45.69117031,42.57644983,
,166.72,166.72,166.72,166.72,0.0,1998-09-24,169.01,24.89809904,75.10190096,44.10192025,
,166.22,166.22,166.22,166.22,0.0,1998-09-27,168.9642,20.45916499,79.54083501,47.09787021,
,165.75,165.75,165.75,165.75,0.0,1998-10-06,168.854432,16.91561771,83.08438229,50.91204908,
,167.35,167.35,167.35,167.35,0.0,1998-10-07,168.6681661,52.16858571,47.83141429,41.59707355,
,167.48,167.48,167.48,167.48,0.0,1998-10-08,168.4930761,54.14464397,45.85535603,34.93551642,
,167.95,167.95,167.95,167.95,0.0,1998-10-11,168.3284915,61.35902556,38.64097444,32.49202336,
,167.95,167.95,167.95,167.95,0.0,1998-10-12,168.1737821,61.35902556,38.64097444,30.53722891,
,168.42,168.42,168.42,168.42,0.0,1998-10-13,165.75,68.98366829,31.01633171,32.02325045,
,168.69,168.69,168.69,168.69,0.0,1998-10-14,165.8034,72.83302868,27.16697132,34.75181183,
,168.75,168.75,168.75,168.75,0.0,1998-10-15,165.918864,73.73838002,26.26161998,37.29680147,
,169.61,169.61,169.61,169.61,0.0,1998-10-18,166.0887322,83.55648682,16.44351318,43.26003591,
,170.07,170.07,170.07,170.07,0.0,1998-10-25,166.3704336,86.84479948,13.15520052,49.34594852,
,169.71,169.71,169.71,169.71,0.0,1998-10-26,166.7403902,72.6352417,27.3647583,48.5308555,
,170.6,170.6,170.6,170.6,0.0,1998-10-27,167.0733512,81.82506458,18.17493542,51.55471023,
,171.39,171.39,171.39,171.39,0.0,1998-10-28,167.4965491,86.75891679,13.24108321,55.9473349,
,172.0,172.0,172.0,172.0,0.0,1998-10-29,168.0416322,89.50798201,10.49201799,60.56106073,
,172.41,172.41,172.41,172.41,0.0,1998-11-01,168.674971,91.06630258,8.93369742,64.87536961,
,174.98,174.98,174.98,174.98,0.0,1998-11-03,169.3472763,95.87118354,4.128816457,70.24876911,
,176.81,176.81,176.81,176.81,0.0,1998-11-04,170.473821,97.20783974,2.792160263,75.08215118,
,179.29,179.29,179.29,179.29,0.0,1998-11-05,171.7410568,98.19675559,1.803244413,79.34442318,
,182.06,182.06,182.06,182.06,0.0,1998-11-08,173.2508454,98.79340445,1.206595551,82.99290032,
,181.67,181.67,181.67,181.67,0.0,1998-11-10,175.0126764,93.3570686,6.642931396,83.7371477,
,183.58,183.58,183.58,183.58,0.0,1998-11-11,176.4221411,95.03096668,4.969033323,85.00210483,
,183.77,183.77,183.77,183.77,0.0,1998-11-12,177.8537129,95.18193039,4.818069613,86.07445602,
,183.78,183.78,183.78,183.78,0.0,1998-11-15,179.0369703,95.19154126,4.808458738,86.93618132,
,184.17,184.17,184.17,184.17,0.0,1998-11-16,179.9855762,95.61769572,4.382304281,87.79602334,
,183.61,183.61,183.61,183.61,0.0,1998-11-17,180.822461,82.49502237,17.50497763,83.23482762,
,185.56,185.56,185.56,185.56,0.0,1998-11-18,181.4919688,89.04134964,10.95865036,82.20440195,
,187.3,187.3,187.3,187.3,0.0,1998-11-19,182.305575,92.26695557,7.733044432,82.67030379,
,188.34,188.34,188.34,188.34,0.0,1998-11-22,183.30446,93.66098021,6.339019794,83.60063512,
,189.46,189.46,189.46,189.46,0.0,1998-11-23,184.311568,94.89886782,5.10113218,84.84005522,
,190.74,190.74,190.74,190.74,0.0,1998-11-24,185.3412544,96.01153816,3.988461841,86.27665944,
,190.75,190.75,190.75,190.75,0.0,1998-11-25,186.4210035,96.02001592,3.979984077,87.42933392,
,192.9,192.9,192.9,192.9,0.0,1998-11-26,187.2868028,97.46699105,2.533008946,88.93026356,
,193.45,193.45,193.45,193.45,0.0,1998-11-29,188.4094423,97.73079849,2.269201507,90.23653024,
,192.93,192.93,192.93,192.93,0.0,1998-11-30,189.4175538,87.02003926,12.97996074,86.9972399,
,192.66,192.66,192.66,192.66,0.0,1998-12-01,190.224043,81.24126264,18.75873736,82.09429697,
,192.85,192.85,192.85,192.85,0.0,1998-12-02,190.8692344,82.27655863,17.72344137,78.58606103,
,190.55,190.55,190.55,190.55,0.0,1998-12-03,193.45,44.83460372,55.16539628,64.93500734,
,190.47,190.47,190.47,190.47,0.0,1998-12-06,193.392,43.96472458,56.03527542,54.36211604,
,190.52,190.52,190.52,190.52,0.0,1998-12-07,193.27512,44.80141265,55.19858735,45.56912777,
,190.68,190.68,190.68,190.68,0.0,1998-12-08,193.1629152,47.91238755,52.08761245,37.2903472,
,190.47,190.47,190.47,190.47,0.0,1998-12-09,193.0551986,43.85713311,56.14286689,32.28942451,
,188.87,188.87,188.87,188.87,0.0,1998-12-13,192.9517906,24.28298005,75.71701995,36.11834759,
,187.67,187.67,187.67,187.67,0.0,1998-12-14,192.7068832,17.1197205,82.8802795,42.04678987,
,187.16,187.16,187.16,187.16,0.0,1998-12-15,192.3039326,14.80030612,85.19969388,47.71730945,
,187.45,187.45,187.45,187.45,0.0,1998-12-16,191.7895393,22.28421905,77.71578095,49.26015994,
,187.55,187.55,187.55,187.55,0.0,1998-12-17,191.3265854,25.1193449,74.8806551,49.36038999,
,187.82,187.82,187.82,187.82,0.0,1998-12-20,190.9099268,33.328141,66.671859,46.15705559,
,188.35,188.35,188.35,188.35,0.0,1998-12-21,190.5349341,47.46058271,52.53941729,37.94141139,
,188.41,188.41,188.41,188.41,0.0,1998-12-22,190.1974407,48.99064758,51.00935242,30.75687008,
,188.85,188.85,188.85,188.85,0.0,1998-12-23,189.8936967,59.73858372,40.26141628,28.50092956,
,188.44,188.44,188.44,188.44,0.0,1998-12-24,189.620327,47.966475,52.033525,23.61415365,
,189.72,189.72,189.72,189.72,0.0,1998-12-27,187.16,70.58617888,29.41382112,27.12579447,
,189.57,189.57,189.57,189.57,0.0,1998-12-28,187.2112,66.36042565,33.63957435,28.24480583,
,174.97,174.97,174.97,174.97,0.0,1998-12-30,189.72,8.010899179,91.98910082,39.391485,
,175.46,175.46,175.46,175.46,0.0,1998-12-31,189.57,11.28344749,88.71655251,46.999809,
,176.49,176.49,176.49,176.49,0.0,1999-01-03,189.278,18.86741022,81.13258978,50.05288311,
,176.74,176.74,176.74,176.74,0.0,1999-01-04,188.99184,20.91847495,79.08152505,51.67491651,
,177.78,177.78,177.78,177.78,0.0,1999-01-05,188.7114032,30.10653719,69.89346281,49.29731833,
,178.8,178.8,178.8,178.8,0.0,1999-01-06,188.4365751,38.8207803,61.1792197,43.90954255,
,179.22,179.22,179.22,179.22,0.0,1999-01-07,188.1672436,42.5100801,57.4899199,38.123602,
,180.8,180.8,180.8,180.8,0.0,1999-01-10,187.9032988,55.21086362,44.78913638,32.58322704,
,181.35,181.35,181.35,181.35,0.0,1999-01-12,187.6446328,59.13880905,40.86119095,29.72210525,
,181.7,181.7,181.7,181.7,0.0,1999-01-13,187.3911401,61.8034131,38.1965869,28.49904944,
,181.67,181.67,181.67,181.67,0.0,1999-01-14,187.1427173,61.37459459,38.62540541,27.34907739,
,181.05,181.05,181.05,181.05,0.0,1999-01-17,186.899263,52.04576961,47.95423039,22.69756975,
,181.23,181.23,181.23,181.23,0.0,1999-01-18,186.6606777,54.55267237,45.44732763,19.97912475,
,181.68,181.68,181.68,181.68,0.0,1999-01-19,186.4268642,60.93461244,39.06538756,20.35714478,
,182.31,182.31,182.31,182.31,0.0,1999-01-20,186.1977269,68.64091138,31.35908862,23.74208038,
,182.68,182.68,182.68,182.68,0.0,1999-01-21,185.9731723,72.60781444,27.39218556,28.03679008,
,182.89,182.89,182.89,182.89,0.0,1999-01-25,185.7531089,74.86370012,25.13629988,32.37491211,
,181.76,181.76,181.76,181.76,0.0,1999-01-26,185.5374467,48.17682436,51.82317564,26.62919995,
,180.59,180.59,180.59,180.59,0.0,1999-01-27,185.3260978,32.96702142,67.03297858,28.11655139,
,180.03,180.03,180.03,180.03,0.0,1999-01-28,185.1189758,27.72935978,72.27064022,31.4014972,
,179.6,179.6,179.6,179.6,0.0,1999-01-31,184.9159963,24.06034091,75.93965909,35.49706139,
,179.16,179.16,179.16,179.16,0.0,1999-02-01,184.7170764,20.57775163,79.42224837,40.16654847,
,178.61,178.61,178.61,178.61,0.0,1999-02-02,184.5221349,16.78223922,83.21776078,45.42034308,
,178.46,178.46,178.46,178.46,0.0,1999-02-03,184.3310922,15.78940477,84.21059523,50.02051256,
,179.1,179.1,179.1,179.1,0.0,1999-02-04,184.1438703,35.986794,64.013206,45.62169245,
,179.36,179.36,179.36,179.36,0.0,1999-02-07,183.9603929,42.93684034,57.06315966,39.32261782,
,178.66,178.66,178.66,178.66,0.0,1999-02-08,183.7805851,31.44665018,68.55334982,38.87943419,
,177.61,177.61,177.61,177.61,0.0,1999-02-10,183.6043734,20.93982584,79.06017416,42.72761701,
,178.48,178.48,178.48,178.48,0.0,1999-02-11,183.4316859,41.26499117,58.73500883,37.67609714,
,179.38,179.38,179.38,179.38,0.0,1999-02-15,183.2624522,55.91911596,44.08088404,32.5085241,
,178.94,178.94,178.94,178.94,0.0,1999-02-16,183.0966031,48.52112363,51.47887637,26.59836983,
,179.38,179.38,179.38,179.38,0.0,1999-02-17,182.9340711,55.82625186,44.17374814,23.6091966,
,178.94,178.94,178.94,178.94,0.0,1999-02-18,182.7747896,47.41559356,52.58440644,19.92111986,
,179.89,179.89,179.89,179.89,0.0,1999-02-21,182.6186938,62.61607534,37.38392466,20.98332602,
,179.65,179.65,179.65,179.65,0.0,1999-02-22,182.46572,57.37831286,42.62168714,19.73798596,
,180.03,180.03,180.03,180.03,0.0,1999-02-23,182.3158056,63.43228178,36.56771822,21.16330148,
,179.88,179.88,179.88,179.88,0.0,1999-02-24,182.1688895,59.27777815,40.72222185,20.64175244,
,179.18,179.18,179.18,179.18,0.0,1999-02-25,182.0249117,42.89104913,57.10895087,19.3569823,
,178.94,178.94,178.94,178.94,0.0,1999-02-28,181.8838134,38.34782365,61.65217635,20.14645638,
,178.81,178.81,178.81,178.81,0.0,1999-03-02,181.7455372,35.78157244,64.21842756,21.80453613,
,178.17,178.17,178.17,178.17,0.0,1999-03-03,181.6100264,25.3443279,74.6556721,27.30589774,
,177.83,177.83,177.83,177.83,0.0,1999-03-04,181.4772259,21.23169409,78.76830591,33.35204056,
,178.34,178.34,178.34,178.34,0.0,1999-03-07,181.3470814,39.60675866,60.39324134,30.83892898,
,178.3,178.3,178.3,178.3,0.0,1999-03-08,181.2195398,38.72118271,61.27881729,29.1826701,
,178.37,178.37,178.37,178.37,0.0,1999-03-09,181.094549,41.57861796,58.42138204,26.7146889,
,179.02,179.02,179.02,179.02,0.0,1999-03-10,180.972058,62.09460386,37.90539614,26.20959266,
,179.36,179.36,179.36,179.36,0.0,1999-03-11,180.8520168,69.17290108,30.82709892,28.63683457,
,180.17,180.17,180.17,180.17,0.0,1999-03-14,180.7343765,80.18936582,19.81063418,34.98521398,
,181.4,181.4,181.4,181.4,0.0,1999-03-15,174.97,88.19620775,11.80379225,43.26665428,
,182.4,182.4,182.4,182.4,0.0,1999-03-16,175.0986,91.63291175,8.367088251,51.26648813,
,184.24,184.24,184.24,184.24,0.0,1999-03-18,175.390656,94.98871972,5.011280284,59.00867839,
,183.96,183.96,183.96,183.96,0.0,1999-03-21,175.9216166,88.25561573,11.74438427,62.509189,
,184.49,184.49,184.49,184.49,0.0,1999-03-22,176.4207196,89.94241981,10.05758019,65.98431913,
,184.27,184.27,184.27,184.27,0.0,1999-03-23,177.0662621,83.70449688,16.29550312,66.26925406,
,185.07,185.07,185.07,185.07,0.0,1999-03-24,177.6601611,87.61032188,12.38967812,68.05953199,
,184.58,184.58,184.58,184.58,0.0,1999-03-28,178.401145,74.02580359,25.97419641,64.05794703,
,185.55,185.55,185.55,185.55,0.0,1999-03-29,179.0680305,81.22824233,18.77175767,63.73765456,
,186.76,186.76,186.76,186.76,0.0,1999-03-30,179.8458668,86.89466739,13.10533261,65.7479906,
,187.37,187.37,187.37,187.37,0.0,1999-03-31,180.8138455,88.98916125,11.01083875,68.19405698,
,183.3,183.3,183.3,183.3,0.0,1999-04-01,181.8628302,38.14489149,61.85510851,59.29728899,
,184.97,184.97,184.97,184.97,0.0,1999-04-04,182.7439774,52.16328693,47.83671307,48.30314596,
,185.64,185.64,185.64,185.64,0.0,1999-04-05,183.3,57.04532857,42.95467143,41.4606482,
,186.04,186.04,186.04,186.04,0.0,1999-04-06,183.9512,60.08529166,39.91470834,37.20263522,
,186.8,186.8,186.8,186.8,0.0,1999-04-07,184.498208,65.82885092,34.17114908,36.09364855,
,186.05,186.05,186.05,186.05,0.0,1999-04-08,184.9576947,55.90546087,44.09453913,31.23710319,
,186.74,186.74,186.74,186.74,0.0,1999-04-11,185.3436636,62.42018802,37.57981198,29.95775776,
,188.1,188.1,188.1,188.1,0.0,1999-04-12,185.6678774,72.44898529,27.55101471,32.94580032,
,188.38,188.38,188.38,188.38,0.0,1999-04-13,186.1056595,74.21955792,25.78044208,36.04446343,
,189.01,189.01,189.01,189.01,0.0,1999-04-15,186.5605276,78.16597115,21.83402885,40.1019592,
,190.88,190.88,190.88,190.88,0.0,1999-04-18,187.0504221,86.07494555,13.92505445,46.51154558,
,192.59,192.59,192.59,192.59,0.0,1999-04-19,187.8163376,90.15234747,9.847652526,53.27017546,
,193.55,193.55,193.55,193.55,0.0,1999-04-20,188.7710701,91.83093538,8.169064625,59.34851451,
,194.07,194.07,194.07,194.07,0.0,1999-04-21,189.7268561,92.67619525,7.323804749,64.54928971,
,192.6,192.6,192.6,192.6,0.0,1999-04-22,190.5954849,67.86332267,32.13667733,58.78476084,
,191.83,191.83,191.83,191.83,0.0,1999-04-25,191.2903879,57.74107185,42.25892815,50.12423741,
,192.88,192.88,192.88,192.88,0.0,1999-04-26,191.83,66.30724873,33.69275127,46.62228942,
,192.17,192.17,192.17,192.17,0.0,1999-04-28,194.07,56.60824142,43.39175858,39.9411281,
,191.82,191.82,191.82,191.82,0.0,1999-04-29,194.032,51.92780894,48.07219106,32.72402606,
,193.27,193.27,193.27,193.27,0.0,1999-05-02,193.94352,66.34000914,33.65999086,32.7152245,
,194.07,194.07,194.07,194.07,0.0,1999-05-04,191.82,72.10715769,27.89284231,35.01504268,
,195.53,195.53,195.53,195.53,0.0,1999-05-05,191.865,79.94559914,20.05440086,39.9902738,
,196.07,196.07,196.07,196.07,0.0,1999-05-06,192.0116,82.25154176,17.74845824,44.89283574,
,196.1,196.1,196.1,196.1,0.0,1999-05-09,192.255104,82.39214096,17.60785904,48.87112498,
,195.9,195.9,195.9,195.9,0.0,1999-05-10,192.5626957,77.28986951,22.71013049,50.01284779,
,195.65,195.65,195.65,195.65,0.0,1999-05-11,192.84568,70.47105936,29.52894064,48.19870197,
,196.95,196.95,196.95,196.95,0.0,1999-05-12,193.1060256,81.23305737,18.76694263,51.05218453,
,196.98,196.98,196.98,196.98,0.0,1999-05-13,193.4904231,81.42830444,18.57169556,53.4130694,
,198.36,198.36,198.36,198.36,0.0,1999-05-17,193.9091723,88.37974175,11.62025825,58.08235222,
,197.72,197.72,197.72,197.72,0.0,1999-05-18,194.5322882,72.62175606,27.37824394,55.5145842,
,198.58,198.58,198.58,198.58,0.0,1999-05-19,195.0681678,78.9314815,21.0685185,55.98425996,
,199.7,199.7,199.7,199.7,0.0,1999-05-20,195.630061,84.67939643,15.32060357,58.65916654,
,200.36,200.36,200.36,200.36,0.0,1999-05-23,196.36265,87.2430489,12.7569511,61.82455279,
,200.88,200.88,200.88,200.88,0.0,1999-05-24,197.16212,89.04793111,10.95206889,65.07881468,
,201.52,201.52,201.52,201.52,0.0,1999-05-25,197.905696,91.00567987,8.994320129,68.46532369,
,203.2,203.2,203.2,203.2,0.0,1999-05-26,198.6285568,94.33087022,5.669129783,72.50460704,
,205.32,205.32,205.32,205.32,0.0,1999-05-27,199.5428454,96.41909596,3.58090404,76.57132402,
,206.18,206.18,206.18,206.18,0.0,1999-05-30,200.6982764,96.98267599,3.017324008,80.05012961,
,207.77,207.77,207.77,207.77,0.0,1999-05-31,201.7946211,97.78743743,2.212562565,83.15507866,
,208.3,208.3,208.3,208.3,0.0,1999-06-01,202.9896969,98.00872876,1.991271239,85.72755443,
,209.14,209.14,209.14,209.14,0.0,1999-06-02,204.0517575,98.33803764,1.661962357,87.9172586,
,210.0,210.0,210.0,210.0,0.0,1999-06-03,205.069406,98.62833896,1.371661041,89.78514247,
,210.96,210.96,210.96,210.96,0.0,1999-06-06,206.0555248,98.89714003,1.102859972,91.38696998,
,211.94,211.94,211.94,211.94,0.0,1999-06-07,207.0364198,99.11775633,0.882243673,92.75667852,
,211.85,211.85,211.85,211.85,0.0,1999-06-09,208.0171359,96.89273147,3.107268529,92.9624354,
,212.3,212.3,212.3,212.3,0.0,1999-06-10,208.8017087,97.27504739,2.724952615,93.27996728,
,212.51,212.51,212.51,212.51,0.0,1999-06-13,209.501367,97.45752793,2.542472068,93.60698499,
,212.39,212.39,212.39,212.39,0.0,1999-06-14,210.1030936,93.0086262,6.991373804,92.08903847,
,212.14,212.14,212.14,212.14,0.0,1999-06-15,210.5844749,83.12659563,16.87340437,86.92186903,
,214.14,214.14,214.14,214.14,0.0,1999-06-16,210.9695799,91.81889747,8.18110253,86.26505421,
,217.99,217.99,217.99,217.99,0.0,1999-06-17,211.6036639,96.3470291,3.652970897,87.55085501,
,223.3,223.3,223.3,223.3,0.0,1999-06-20,212.8809311,98.13073214,1.869267861,89.29297687,
,226.19,226.19,226.19,226.19,0.0,1999-06-21,214.9647449,98.59684841,1.403151587,90.87312086,
,229.08,229.08,229.08,229.08,0.0,1999-06-22,217.2097959,98.93027773,1.069722274,92.27060778,
,232.64,232.64,232.64,232.64,0.0,1999-06-23,219.5838367,99.21683654,0.78316346,93.50322084,
,233.13,233.13,233.13,233.13,0.0,1999-06-24,222.1950694,99.25134158,0.748658419,94.5031133,
,231.32,231.32,231.32,231.32,0.0,1999-06-27,224.3820555,82.47346892,17.52653108,88.59187821,
,227.37,227.37,227.37,227.37,0.0,1999-06-28,226.1316444,56.44475812,43.55524188,73.45140582,
,220.78,220.78,220.78,220.78,0.0,1999-06-29,233.13,34.04043494,65.95956506,65.14495068,
,215.15,215.15,215.15,215.15,0.0,1999-06-30,232.883,23.90684262,76.09315738,62.55322349,
,212.15,212.15,212.15,212.15,0.0,1999-07-01,232.17368,19.95087181,80.04912819,62.06223007,
,212.54,212.54,212.54,212.54,0.0,1999-07-04,230.9722592,22.04699632,77.95300368,60.83098553,
,212.93,212.93,212.93,212.93,0.0,1999-07-05,229.8429236,24.51767215,75.48232785,58.85771956,
,213.2,213.2,213.2,213.2,0.0,1999-07-06,228.7813482,26.53272308,73.46727692,56.47308642,
,211.95,211.95,211.95,211.95,0.0,1999-07-07,227.7834673,22.98222646,77.01777354,55.98557855,
,212.16,212.16,212.16,212.16,0.0,1999-07-08,226.5167899,25.08736955,74.91263045,54.75351502,
,212.72,212.72,212.72,212.72,0.0,1999-07-11,225.3514468,31.34277748,68.65722252,51.26570103,
,213.72,213.72,213.72,213.72,0.0,1999-07-12,224.279331,42.12929699,57.87070301,44.16084202,
,213.17,213.17,213.17,213.17,0.0,1999-07-13,223.2929845,38.02245529,61.97754471,40.1196915,
,216.23,216.23,216.23,216.23,0.0,1999-07-14,222.3855458,63.06335561,36.93664439,37.32109545,
,216.92,216.92,216.92,216.92,0.0,1999-07-15,221.5507021,66.83970083,33.16029917,36.59275669,
,218.32,218.32,218.32,218.32,0.0,1999-07-18,220.7826459,73.66768182,26.33231818,38.74127808,
,220.03,220.03,220.03,220.03,0.0,1999-07-19,220.0760343,79.9659451,20.0340549,42.9794005,
,221.92,221.92,221.92,221.92,0.0,1999-07-20,211.95,84.94191003,15.05808997,48.36028441,
,225.06,225.06,225.06,225.06,0.0,1999-07-21,212.1494,90.0659511,9.934048904,54.71460797,
,226.15,226.15,226.15,226.15,0.0,1999-07-22,212.665824,91.34404963,8.655950375,60.30930623,
,228.41,228.41,228.41,228.41,0.0,1999-07-25,213.4748746,93.5086025,6.491397498,65.65088598,
,228.34,228.34,228.34,228.34,0.0,1999-07-26,214.6696846,92.61195834,7.388041656,69.56549212,
,227.27,227.27,227.27,227.27,0.0,1999-07-27,215.7689098,78.27136237,21.72863763,66.96093865,
,226.31,226.31,226.31,226.31,0.0,1999-07-28,216.780197,66.69003027,33.30996973,60.24476302,
,226.31,226.31,226.31,226.31,0.0,1999-07-29,217.7105813,66.69003027,33.30996973,54.87182252,
,223.09,223.09,223.09,223.09,0.0,1999-08-01,218.5665348,37.56208015,62.43791985,48.87262596,
,224.79,224.79,224.79,224.79,0.0,1999-08-02,219.354012,51.53233098,48.46766902,39.71103316,
,225.26,225.26,225.26,225.26,0.0,1999-08-03,220.078491,55.01105917,44.98894083,33.7732502,
,225.57,225.57,225.57,225.57,0.0,1999-08-04,220.7450118,57.52456582,42.47543418,30.02842648,
,226.2,226.2,226.2,226.2,0.0,1999-08-05,221.3582108,62.80370191,37.19629809,29.14422195,
,227.41,227.41,227.41,227.41,0.0,1999-08-09,221.9223539,71.35191685,28.64808315,31.8561443,
,227.26,227.26,227.26,227.26,0.0,1999-08-10,222.4413656,68.89833613,31.10166387,33.04424989,
,227.1,227.1,227.1,227.1,0.0,1999-08-12,222.9188564,65.87787651,34.12212349,32.78655052,
,227.62,227.62,227.62,227.62,0.0,1999-08-15,223.3581479,71.03624677,28.96375323,34.64373912,
,227.79,227.79,227.79,227.79,0.0,1999-08-16,223.762296,72.72145385,27.27854615,36.80357284,
,228.19,228.19,228.19,228.19,0.0,1999-08-17,224.1341124,76.70744748,23.29255252,40.12583726,
,228.19,228.19,228.19,228.19,0.0,1999-08-18,224.4761834,76.70744748,23.29255252,42.7836488,
,229.12,229.12,229.12,229.12,0.0,1999-08-19,224.7908887,84.78439898,15.21560102,48.14067863,
,228.17,228.17,228.17,228.17,0.0,1999-08-22,225.2237998,58.76489447,41.23510553,42.01850069,
,228.4,228.4,228.4,228.4,0.0,1999-08-23,225.6134198,62.26913628,37.73086372,38.52245507,
,228.93,228.93,228.93,228.93,0.0,1999-08-24,225.9640779,69.68885368,30.31114632,38.69350552,
,228.94,228.94,228.94,228.94,0.0,1999-08-25,226.2796701,69.82878584,30.17121416,38.88631875,
,229.33,229.33,229.33,229.33,0.0,1999-08-30,226.5637031,75.37155508,24.62844492,41.25767703,
,229.62,229.62,229.62,229.62,0.0,1999-08-31,226.8956587,78.96364998,21.03635002,44.59160162,
,230.41,230.41,230.41,230.41,0.0,1999-09-01,227.2770665,85.94437016,14.05562984,50.05102936,
,230.99,230.99,230.99,230.99,0.0,1999-09-03,227.7783358,89.22558378,10.77441622,55.731057,
,231.39,231.39,231.39,231.39,0.0,1999-09-06,228.3564354,91.03062936,8.969370636,60.99709734,
,232.01,232.01,232.01,232.01,0.0,1999-09-07,228.9631483,93.22857219,6.771427813,66.08910675,
,231.62,231.62,231.62,231.62,0.0,1999-09-08,229.5725187,78.1672766,21.8327234,64.13819604,
,231.08,231.08,231.08,231.08,0.0,1999-09-09,230.0600149,61.08680445,38.91319555,55.74527861,
,232.4,232.4,232.4,232.4,0.0,1999-09-10,230.4500119,76.66619876,23.33380124,55.26270239,
,233.39,233.39,233.39,233.39,0.0,1999-09-13,230.8400095,83.03415898,16.96584102,57.42382551,
,234.73,234.73,234.73,234.73,0.0,1999-09-14,231.3500076,88.39336786,11.60663214,61.29640755,
,236.45,236.45,236.45,236.45,0.0,1999-09-15,232.0260061,92.29729807,7.702701925,65.95604527,
,237.5,237.5,237.5,237.5,0.0,1999-09-16,232.9108049,93.87052096,6.129479042,70.3130446,
,239.35,239.35,239.35,239.35,0.0,1999-09-17,233.8286439,95.7722508,4.227749201,74.559336,
,238.55,238.55,238.55,238.55,0.0,1999-09-20,234.9329151,82.01730121,17.98269879,72.45438928,
,239.95,239.95,239.95,239.95,0.0,1999-09-21,235.8163321,86.31632706,13.68367294,72.49004225,
,241.09,241.09,241.09,241.09,0.0,1999-09-22,236.6430657,88.99436695,11.00563305,73.58978058,
,242.72,242.72,242.72,242.72,0.0,1999-09-23,237.5324525,91.8464096,8.153590403,75.6103883,
,243.18,243.18,243.18,243.18,0.0,1999-09-27,238.569962,92.5293454,7.470654596,77.5000488,
,244.5,244.5,244.5,244.5,0.0,1999-09-28,239.4919696,94.255285,5.744714996,79.70215305,
,245.75,245.75,245.75,245.75,0.0,1999-09-29,240.4935757,95.48893534,4.511064657,81.95729657,
,245.75,245.75,245.75,245.75,0.0,1999-09-30,241.5448606,95.48893534,4.511064657,83.7614114,
,247.45,247.45,247.45,247.45,0.0,1999-10-01,242.3858885,96.9024512,3.097548796,85.7701096,
,246.09,246.09,246.09,246.09,0.0,1999-10-04,243.3987108,73.78298286,26.21701714,78.12928082,
,246.02,246.02,246.02,246.02,0.0,1999-10-05,244.2089686,72.66752646,27.33247354,71.57043524,
,245.32,245.32,245.32,245.32,0.0,1999-10-06,244.8571749,61.11774586,38.88225414,61.70344653,
,243.64,243.64,243.64,243.64,0.0,1999-10-07,247.45,41.38469083,58.61530917,52.8088809,
,244.87,244.87,244.87,244.87,0.0,1999-10-08,247.3738,54.75409662,45.24590338,44.14874336,
,244.87,244.87,244.87,244.87,0.0,1999-10-11,247.299124,54.75409662,45.24590338,37.22063334,
,245.64,245.64,245.64,245.64,0.0,1999-10-12,247.2259415,63.00730261,36.99269739,34.97942771,
,246.2,246.2,246.2,246.2,0.0,1999-10-13,247.1542227,68.26908966,31.73091034,35.29117803,
,244.16,244.16,244.16,244.16,0.0,1999-10-14,247.0839382,41.43312874,58.56687126,31.65969093,
,245.41,245.41,245.41,245.41,0.0,1999-10-15,247.0150595,54.9859806,45.0140194,27.32214499,
,246.65,246.65,246.65,246.65,0.0,1999-10-25,246.9475583,65.02260756,34.97739244,27.86675901,
,245.85,245.85,245.85,245.85,0.0,1999-10-26,246.8814071,55.11269249,44.88730751,24.33848421,
,247.61,247.61,247.61,247.61,0.0,1999-10-27,243.64,68.3696151,31.6303849,26.81863341,
,248.35,248.35,248.35,248.35,0.0,1999-10-28,243.7194,72.61960535,27.38039465,30.50274887,
,249.72,249.72,249.72,249.72,0.0,1999-10-29,243.904624,79.11398763,20.88601237,36.04779414,
,251.27,251.27,251.27,251.27,0.0,1999-11-01,244.2535466,84.36024176,15.63975824,42.58233202,
,253.93,253.93,253.93,253.93,0.0,1999-11-02,244.8148628,89.83660748,10.16339252,50.00050861,
,255.01,255.01,255.01,255.01,0.0,1999-11-03,245.7263766,91.37021586,8.629784139,56.54849323,
,254.05,254.05,254.05,254.05,0.0,1999-11-04,246.8404114,78.25060462,21.74939538,56.53903643,
,255.44,255.44,255.44,255.44,0.0,1999-11-05,247.820762,82.7369067,17.2630933,58.32599183,
,255.64,255.64,255.64,255.64,0.0,1999-11-11,248.8874553,83.35444626,16.64555374,60.00257196,
,255.44,255.44,255.44,255.44,0.0,1999-11-12,249.9678625,79.78675725,20.21324275,59.91676047,
,255.02,255.02,255.02,255.02,0.0,1999-11-15,250.8754045,71.72786362,28.27213638,56.62455382,
,254.58,254.58,254.58,254.58,0.0,1999-11-16,251.6377398,63.34878445,36.65121555,50.63915684,
,256.15,256.15,256.15,256.15,0.0,1999-11-17,252.2781014,75.90373712,24.09626288,50.87282032,
,256.88,256.88,256.88,256.88,0.0,1999-11-18,252.9750431,79.90462232,20.09537768,52.66010518,
,257.55,257.55,257.55,257.55,0.0,1999-11-19,253.7560345,83.12005475,16.87994525,55.37610604,
,259.97,259.97,259.97,259.97,0.0,1999-11-22,254.5148276,90.19990504,9.800094959,60.38084685,
,259.18,259.18,259.18,259.18,0.0,1999-11-23,255.6058621,77.01828931,22.98171069,59.1119932,
,259.06,259.06,259.06,259.06,0.0,1999-11-24,256.4786897,74.93890819,25.06109181,57.26515784,
,260.74,260.74,260.74,260.74,0.0,1999-11-25,257.1769517,82.98028685,17.01971315,59.00424101,
,261.38,261.38,261.38,261.38,0.0,1999-11-26,257.8895614,85.23614146,14.76385854,61.29784939,
,260.89,260.89,260.89,260.89,0.0,1999-11-29,258.5876491,75.64117903,24.35882097,59.29475112,
,260.56,260.56,260.56,260.56,0.0,1999-11-30,259.1461193,69.09353882,30.90646118,55.07321643,
,257.99,257.99,257.99,257.99,0.0,1999-12-01,261.38,37.49649757,62.50350243,49.05997411,
,257.1,257.1,257.1,257.1,0.0,1999-12-02,261.3122,31.30031049,68.69968951,46.72785509,
,257.91,257.91,257.91,257.91,0.0,1999-12-03,261.143712,42.17157806,57.82842194,40.51365285,
,257.24,257.24,257.24,257.24,0.0,1999-12-06,260.9819635,36.24184074,63.75815926,37.91418599,
,256.09,256.09,256.09,256.09,0.0,1999-12-07,260.826685,27.84232643,72.15767357,39.19441822,
,255.94,255.94,255.94,255.94,0.0,1999-12-08,260.5424839,26.82854467,73.17145533,40.6241167,
,255.53,255.53,255.53,255.53,0.0,1999-12-09,260.1742852,23.86019201,76.13980799,42.95521656,
,255.49,255.49,255.49,255.49,0.0,1999-12-10,259.7098567,23.5425355,76.4574645,44.94715905,
,252.07,252.07,252.07,252.07,0.0,1999-12-13,259.2034739,9.716865999,90.283134,52.07098084,
,253.19,253.19,253.19,253.19,0.0,1999-12-14,258.2047875,27.21451326,72.78548674,50.77097937,
,254.3,254.3,254.3,254.3,0.0,1999-12-15,257.3459173,41.3066513,58.6933487,44.09412298,
,256.4,256.4,256.4,256.4,0.0,1999-12-16,256.6072888,59.74023171,40.25976829,39.17139107,
,256.9,256.9,256.9,256.9,0.0,1999-12-17,252.07,63.18171081,36.81828919,36.60979718,
,257.74,257.74,257.74,257.74,0.0,1999-12-20,252.1666,68.78514726,31.21485274,36.80189665,
,258.58,258.58,258.58,258.58,0.0,1999-12-21,252.389536,73.77431108,26.22568892,38.95124175,
,259.71,259.71,259.71,259.71,0.0,1999-12-22,252.7609638,79.32978022,20.67021978,42.89290549,
,260.23,260.23,260.23,260.23,0.0,1999-12-23,253.3168867,81.57489578,18.42510422,46.9442827,
,259.46,259.46,259.46,259.46,0.0,1999-12-24,254.0081981,67.91999247,32.08000753,44.72342315,
,260.61,260.61,260.61,260.61,0.0,1999-12-27,254.6303783,75.55807889,24.44192111,46.00197007,
,261.21,261.21,261.21,261.21,0.0,1999-12-28,255.3479329,78.84327939,21.15672061,48.33888782,
,261.82,261.82,261.82,261.82,0.0,1999-12-30,256.1686223,81.92985413,18.07014587,51.44305191,
,262.52,262.52,262.52,262.52,0.0,1999-12-31,257.0728427,85.0569781,14.9430219,55.17723276,
,262.5,262.5,262.5,262.5,0.0,2000-01-03,258.053331,84.5345104,15.4654896,57.95559037,
,262.94,262.94,262.94,262.94,0.0,2000-01-04,258.8573314,86.76942491,13.23057509,61.07224226,
,264.52,264.52,264.52,264.52,0.0,2000-01-05,259.6738651,91.9749127,8.025087296,65.64775889,
,265.76,265.76,265.76,265.76,0.0,2000-01-06,260.6430921,94.2097824,5.7902176,70.20212007,
,267.88,267.88,267.88,267.88,0.0,2000-01-07,261.6664737,96.3701115,3.629888502,74.70974066,
,268.65,268.65,268.65,268.65,0.0,2000-01-10,262.909179,96.89591504,3.104084961,78.52615854,
,269.92,269.92,269.92,269.92,0.0,2000-01-13,264.0573432,97.60974841,2.39025159,81.8648262,
,269.88,269.88,269.88,269.88,0.0,2000-01-14,265.2298745,96.73394141,3.266058594,84.18543752,
,272.55,272.55,272.55,272.55,0.0,2000-01-17,266.1678996,98.13223568,1.867764322,86.60124429,
,273.94,273.94,273.94,273.94,0.0,2000-01-18,267.4443197,98.53921655,1.46078345,88.69668205,
,276.67,276.67,276.67,276.67,0.0,2000-01-19,268.7434558,99.04831594,0.951684059,90.57667202,
,276.95,276.95,276.95,276.95,0.0,2000-01-20,270.3287646,99.0890194,0.910980604,92.09694537,
,278.33,278.33,278.33,278.33,0.0,2000-01-21,271.6530117,99.27899846,0.721001545,93.38915568,
,276.49,276.49,276.49,276.49,0.0,2000-01-24,272.9884093,73.67247526,26.32752474,84.18031465,
,275.78,275.78,275.78,275.78,0.0,2000-01-25,274.0567275,65.52119916,34.47880084,73.55273138,
,276.39,276.39,276.39,276.39,0.0,2000-01-26,274.911382,69.18298101,30.81701899,66.51537751,
,277.16,277.16,277.16,277.16,0.0,2000-01-27,275.5951056,73.60597929,26.39402071,62.65469372,
,273.76,273.76,273.76,273.76,0.0,2000-01-28,278.33,41.07061994,58.92938006,53.69550701,
,275.78,275.78,275.78,275.78,0.0,2000-01-31,278.2386,55.63432996,44.36567004,45.21013759,
,276.15,276.15,276.15,276.15,0.0,2000-02-01,278.149028,58.01031206,41.98968794,39.3722349,
,277.21,277.21,277.21,277.21,0.0,2000-02-02,278.0612474,64.76733991,35.23266009,37.40472388,
,278.16,278.16,278.16,278.16,0.0,2000-02-03,273.76,70.14882609,29.85117391,37.98330954,
,278.96,278.96,278.96,278.96,0.0,2000-02-04,273.848,74.28353106,25.71646894,40.10006006,
,278.74,278.74,278.74,278.74,0.0,2000-02-07,274.05248,70.90741423,29.09258577,40.44301374,
,282.37,282.37,282.37,282.37,0.0,2000-02-08,274.2487808,84.98359537,15.01640463,46.34784914,
,294.36,294.36,294.36,294.36,0.0,2000-02-09,274.736054,94.99065154,5.00934846,55.07453993,
,285.3,285.3,285.3,285.3,0.0,2000-02-11,276.3059696,58.29623896,41.70376104,47.37812753,
,288.53,288.53,288.53,288.53,0.0,2000-02-14,277.7502921,64.42109625,35.57890375,43.67094052,
,301.88,301.88,301.88,301.88,0.0,2000-02-15,279.0790687,79.7705632,20.2294368,46.8449777,
,291.77,291.77,291.77,291.77,0.0,2000-02-16,281.3591618,56.63933156,43.36066844,40.13171478,
,295.06,295.06,295.06,295.06,0.0,2000-02-17,283.4112456,61.2142471,38.7857529,36.59107066,
,296.35,296.35,296.35,296.35,0.0,2000-02-18,285.2581211,63.12131587,36.87868413,34.52138288,
,296.43,296.43,296.43,296.43,0.0,2000-02-21,286.920309,63.26134798,36.73865202,32.9216455,
,297.62,297.62,297.62,297.62,0.0,2000-02-22,288.4162781,65.68412937,34.31587063,32.61096815,
,311.42,311.42,311.42,311.42,0.0,2000-02-23,289.7626503,82.45561033,17.54438967,39.07101865,
,303.61,303.61,303.61,303.61,0.0,2000-02-24,292.3615322,61.27125951,38.72874049,35.76531872,
,304.55,304.55,304.55,304.55,0.0,2000-02-25,294.6485484,62.71252745,37.28747255,33.69726596,
,306.79,306.79,306.79,306.79,0.0,2000-02-28,296.6611226,66.43343156,33.56656844,33.53118539,
,308.19,308.19,308.19,308.19,0.0,2000-02-29,298.4321879,68.86104532,31.13895468,34.36936644,
,312.56,312.56,312.56,312.56,0.0,2000-03-01,299.9907253,75.71417465,24.28582535,37.78116301,
,315.97,315.97,315.97,315.97,0.0,2000-03-02,301.7504238,80.00620748,19.99379252,42.2274134,
,335.07,335.07,335.07,335.07,0.0,2000-03-03,304.025556,91.06370289,8.93629711,50.20741188,
,323.78,323.78,323.78,323.78,0.0,2000-03-06,309.6135559,64.64691628,35.35308372,46.02469602,
,327.01,327.01,327.01,327.01,0.0,2000-03-07,314.1957158,67.96978463,32.03021537,44.00767066,
,327.3,327.3,327.3,327.3,0.0,2000-03-08,317.953087,68.304129,31.695871,42.52778813,
,329.81,329.81,329.81,329.81,0.0,2000-03-09,321.0341313,71.52040758,28.47959242,42.63039354,
,330.9,330.9,330.9,330.9,0.0,2000-03-10,323.5605877,73.00723685,26.99276315,43.30720957,
,329.2,329.2,329.2,329.2,0.0,2000-03-13,325.6322819,66.2630275,33.7369725,41.15097866,
,328.15,328.15,328.15,328.15,0.0,2000-03-14,327.3310712,61.85172027,38.14827973,37.66147103,
,326.7,326.7,326.7,326.7,0.0,2000-03-15,335.07,55.47651835,44.52348165,32.31978417,
,324.95,324.95,324.95,324.95,0.0,2000-03-16,334.9026,48.01095529,51.98904471,26.65144522,
,318.93,318.93,318.93,318.93,0.0,2000-03-17,334.504496,30.41251542,69.58748458,29.15615,
,318.54,318.54,318.54,318.54,0.0,2000-03-20,333.5700262,29.535796,70.464204,31.5106016,
,316.53,316.53,316.53,316.53,0.0,2000-03-21,332.3676241,24.90966759,75.09033241,35.24461425,
,316.33,316.33,316.33,316.33,0.0,2000-03-22,330.7838617,24.43367333,75.56632667,38.42222206,
,318.31,318.31,318.31,318.31,0.0,2000-03-23,329.0493983,38.88551378,61.11448622,35.18357214,
,321.67,321.67,321.67,321.67,0.0,2000-03-24,327.5230705,56.52305284,43.47694716,30.75607885,
,325.14,325.14,325.14,325.14,0.0,2000-03-27,326.1799021,68.32414853,31.67585147,31.93452249,
,326.8,326.8,326.8,326.8,0.0,2000-03-28,316.33,72.74755973,27.25244027,34.64664188,
,326.78,326.78,326.78,326.78,0.0,2000-03-29,316.5394,72.59488507,27.40511493,36.75526753,
,328.75,328.75,328.75,328.75,0.0,2000-03-30,316.744612,78.2222778,21.7777222,40.69312514,
,330.06,330.06,330.06,330.06,0.0,2000-03-31,317.2248275,81.39742425,18.60257575,45.11346982,
,328.36,328.36,328.36,328.36,0.0,2000-04-03,317.9949379,65.82866524,34.17133476,42.42224195,
,332.2,332.2,332.2,332.2,0.0,2000-04-05,318.7188416,77.81157208,22.18842792,45.06242239,
,346.78,346.78,346.78,346.78,0.0,2000-04-06,319.7973343,91.67200755,8.32799245,52.71874093,
,331.88,331.88,331.88,331.88,0.0,2000-04-07,322.4956008,50.98626229,49.01373771,42.56949766,
,332.93,332.93,332.93,332.93,0.0,2000-04-10,324.9240408,52.8303486,47.1696514,35.18773757,
,331.76,331.76,331.76,331.76,0.0,2000-04-11,327.1096367,50.19965235,49.80034765,28.230051,
,333.61,333.61,333.61,333.61,0.0,2000-04-14,329.076673,54.66183224,45.33816776,24.4487737,
,333.4,333.4,333.4,333.4,0.0,2000-04-17,330.8470057,53.97560212,46.02439788,21.14925981,
,338.41,338.41,338.41,338.41,0.0,2000-04-18,332.4403051,66.51264016,33.48735984,23.52446391,
,341.58,341.58,341.58,341.58,0.0,2000-04-19,333.4,72.44849987,27.55150013,27.79897107,
,346.67,346.67,346.67,346.67,0.0,2000-04-20,334.738,79.67836135,20.32163865,34.1105214,
,349.71,349.71,349.71,349.71,0.0,2000-04-21,335.9422,83.00734576,16.99265424,40.49135542,
,354.37,354.37,354.37,354.37,0.0,2000-04-24,337.594336,87.06689765,12.93310235,47.2198434,
,368.91,368.91,368.91,368.91,0.0,2000-04-25,339.942929,93.30502576,6.694974238,55.09788502,
,354.6,354.6,354.6,354.6,0.0,2000-04-26,344.5776603,58.55772813,41.44227187,47.50139927,
,350.88,350.88,350.88,350.88,0.0,2000-04-27,348.4708347,52.23647504,47.76352496,38.89570943,
,350.7,350.7,350.7,350.7,0.0,2000-04-28,368.91,51.89762618,48.10237382,31.87561801,
,349.54,349.54,349.54,349.54,0.0,2000-05-01,368.5458,49.32039028,50.67960972,25.7723383,
,348.79,348.79,348.79,348.79,0.0,2000-05-02,367.785568,47.41731098,52.58268902,21.65094625,
,361.28,361.28,361.28,361.28,0.0,2000-05-03,366.6458339,70.8397708,29.1602292,25.65666532,
,346.64,346.64,346.64,346.64,0.0,2000-05-04,365.5744839,42.86442885,57.13557115,23.37956071,
,347.22,347.22,347.22,347.22,0.0,2000-05-05,364.0597252,43.96037795,56.03962205,21.11949739,
,349.2,349.2,349.2,349.2,0.0,2000-05-08,362.6661472,48.20030355,51.79969645,17.61547649,
,349.8,349.8,349.8,349.8,0.0,2000-05-09,361.3840554,49.64346509,50.35653491,14.23499516,
,364.46,364.46,364.46,364.46,0.0,2000-05-10,346.64,72.79354297,27.20645703,20.50541331,
,364.81,364.81,364.81,364.81,0.0,2000-05-11,346.9964,73.16175236,26.83824764,25.66903159,
,364.22,364.22,364.22,364.22,0.0,2000-05-12,347.708944,71.13318648,28.86681352,28.98849987,
,347.7,347.7,347.7,347.7,0.0,2000-05-15,364.81,36.09997453,63.90002547,28.75081008,
,347.2,347.2,347.2,347.2,0.0,2000-05-16,364.4678,35.43963558,64.56036442,28.82479383,
,347.15,347.15,347.15,347.15,0.0,2000-05-17,363.777088,35.35878793,64.64121207,28.9163199,
,347.73,347.73,347.73,347.73,0.0,2000-05-19,362.7794627,37.428559,62.571441,28.16163231,
,345.09,345.09,345.09,345.09,0.0,2000-05-22,361.841695,31.66064781,68.33935219,29.86504673,
,345.1,345.1,345.1,345.1,0.0,2000-05-23,360.5015594,31.71047606,68.28952394,31.20784696,
,345.07,345.07,345.07,345.07,0.0,2000-05-24,359.2686346,31.62400855,68.37599145,32.31667414,
,343.98,343.98,343.98,343.98,0.0,2000-05-25,357.8487712,28.13921232,71.86078768,34.59765439,
,343.88,343.88,343.88,343.88,0.0,2000-05-26,356.1845186,27.78805467,72.21194533,36.56290164,
,344.09,344.09,344.09,344.09,0.0,2000-05-29,354.461886,30.07855264,69.92144736,37.21890026,
,343.99,343.99,343.99,343.99,0.0,2000-05-30,352.980422,29.52118044,70.47881956,37.96664803,
,343.49,343.49,343.49,343.49,0.0,2000-05-31,351.7063629,26.45703384,73.54296616,39.79050489,
,343.41,343.41,343.41,343.41,0.0,2000-06-01,350.3917448,25.91898245,74.08101755,41.46481093,
,342.73,342.73,342.73,342.73,0.0,2000-06-02,349.1350308,21.31357682,78.68642318,44.64641802,
,342.2,342.2,342.2,342.2,0.0,2000-06-05,347.8540246,18.1684091,81.8315909,48.44977078,
,341.48,341.48,341.48,341.48,0.0,2000-06-06,346.7232197,14.52793464,85.47206536,52.94864277,
,340.86,340.86,340.86,340.86,0.0,2000-06-07,345.6745757,11.95045748,88.04954252,57.57873122,
,340.54,340.54,340.54,340.54,0.0,2000-06-08,344.7116606,10.72307836,89.27692164,61.77375363,
,340.07,340.07,340.07,340.07,0.0,2000-06-09,343.8773285,9.021899176,90.97810082,65.81024324,
,339.2,339.2,339.2,339.2,0.0,2000-06-12,343.1158628,6.599388563,93.40061144,70.00843916,
,339.4,339.4,339.4,339.4,0.0,2000-06-13,342.3326902,13.28988348,86.71011652,70.69079794,
,338.76,338.76,338.76,338.76,0.0,2000-06-14,341.7061522,10.3300306,89.6699694,72.42062611,
,339.24,339.24,339.24,339.24,0.0,2000-06-15,341.1169217,25.81871646,74.18128354,67.60901431,
,340.38,340.38,340.38,340.38,0.0,2000-06-16,340.6455374,50.96398761,49.03601239,54.47280649,
,338.46,338.46,338.46,338.46,0.0,2000-06-19,340.38,29.74050332,70.25949668,51.68204386,
,339.02,339.02,339.02,339.02,0.0,2000-06-20,340.38,39.0017133,60.9982867,45.74494977,
,338.48,338.48,338.48,338.48,0.0,2000-06-21,339.996,33.65456293,66.34543707,43.13413465,
,338.21,338.21,338.21,338.21,0.0,2000-06-22,339.6888,30.99838143,69.00161857,42.10795514,
,338.1,338.1,338.1,338.1,0.0,2000-06-23,339.39304,29.80059958,70.19940042,41.76612428,
,338.05,338.05,338.05,338.05,0.0,2000-06-26,339.134432,29.16039404,70.83960596,41.74874181,
,337.78,337.78,337.78,337.78,0.0,2000-06-27,338.9175456,25.46736877,74.53263123,43.21204594,
,338.16,338.16,338.16,338.16,0.0,2000-06-28,338.6900365,39.04766091,60.95233909,38.95057239,
,337.82,337.82,337.82,337.82,0.0,2000-06-29,338.5080292,32.43745782,67.56254218,38.18547478,
,373.46,373.46,373.46,373.46,0.0,2000-06-30,337.78,97.08548236,2.914517636,49.38257277,
,338.9,338.9,338.9,338.9,0.0,2000-07-03,337.82,44.95046534,55.04953466,41.52587208,
,340.47,340.47,340.47,340.47,0.0,2000-07-04,338.5328,46.57945917,53.42054083,34.588914,
,340.76,340.76,340.76,340.76,0.0,2000-07-05,338.9,46.94197355,53.05802645,28.89434178,
,342.47,342.47,342.47,342.47,0.0,2000-07-06,339.5912,49.4694056,50.5305944,23.32771118,
,345.12,345.12,345.12,345.12,0.0,2000-07-07,340.268576,53.73824916,46.26175084,20.15746861,
,349.26,349.26,349.26,349.26,0.0,2000-07-10,340.9324045,60.28951864,39.71048136,20.24178234,
,351.62,351.62,351.62,351.62,0.0,2000-07-11,341.5829564,63.92933309,36.07066691,21.76515911,
,353.85,353.85,353.85,353.85,0.0,2000-07-12,342.2204973,67.45294936,32.54705064,24.39330703,
,359.11,359.11,359.11,359.11,0.0,2000-07-13,342.8452873,74.73097803,25.26902197,29.40703684,
,360.7,360.7,360.7,360.7,0.0,2000-07-14,343.4575816,76.69970268,23.30029732,34.20551054,
,358.06,358.06,358.06,358.06,0.0,2000-07-17,344.0576299,66.02360381,33.97639619,33.77384996,
,355.91,355.91,355.91,355.91,0.0,2000-07-18,344.6456773,57.82931114,42.17068886,30.15080442,
,356.47,356.47,356.47,356.47,0.0,2000-07-19,345.2219638,59.46717826,40.53282174,27.90751484,
,356.67,356.67,356.67,356.67,0.0,2000-07-20,345.7867245,60.15799231,39.84200769,26.3892088,
,356.11,356.11,356.11,356.11,0.0,2000-07-21,346.34019,56.77148053,43.22851947,23.81995925,
,354.81,354.81,354.81,354.81,0.0,2000-07-24,346.8825862,48.79991435,51.20008565,19.53600166,
,354.84,354.84,354.84,354.84,0.0,2000-07-25,347.4141345,49.00646022,50.99353978,16.02621724,
,354.39,354.39,354.39,354.39,0.0,2000-07-26,347.9350518,45.56031324,54.43968676,14.5968485,
,356.03,356.03,356.03,356.03,0.0,2000-07-27,348.4455508,58.76867836,41.23132164,15.18495014,
,356.44,356.44,356.44,356.44,0.0,2000-07-28,348.9458398,61.67451459,38.32548541,16.81776595,
,355.56,355.56,355.56,355.56,0.0,2000-07-31,349.436123,51.86728729,48.13271271,14.20112768,
,355.49,355.49,355.49,355.49,0.0,2000-08-01,349.9166005,51.05996601,48.94003399,11.78488854,
,355.41,355.41,355.41,355.41,0.0,2000-08-02,350.3874685,49.94929811,50.05070189,9.448191591,
,325.26,325.26,325.26,325.26,0.0,2000-08-03,373.46,4.440988648,95.55901135,25.78215781,
,356.07,356.07,356.07,356.07,0.0,2000-08-04,372.496,55.83726574,44.16273426,22.96063255,
,356.81,356.81,356.81,356.81,0.0,2000-08-07,371.55128,56.53905897,43.46094103,20.98412962,
,357.35,357.35,357.35,357.35,0.0,2000-08-08,370.6254544,57.16003435,42.83996565,19.65131744,
,358.66,358.66,358.66,358.66,0.0,2000-08-09,369.7181453,58.93909725,41.06090275,19.29669285,
,358.98,358.98,358.98,358.98,0.0,2000-08-10,368.8289824,59.45324389,40.54675611,19.21865184,
,362.67,362.67,362.67,362.67,0.0,2000-08-11,367.9576028,65.65250557,34.34749443,21.6359237,
,364.24,364.24,364.24,364.24,0.0,2000-08-14,367.1036507,68.23542139,31.76457861,24.60290752,
,369.29,369.29,369.29,369.29,0.0,2000-08-17,325.26,75.60988943,24.39011057,29.92628179,
,373.99,373.99,373.99,373.99,0.0,2000-08-18,326.1406,80.79650792,19.20349208,36.2596286,
,389.03,389.03,389.03,389.03,0.0,2000-08-21,328.054576,89.62315602,10.37684398,44.85696528,
,400.09,400.09,400.09,400.09,0.0,2000-08-23,331.7131014,92.70523723,7.294762768,52.96766712,
,406.06,406.06,406.06,406.06,0.0,2000-08-24,337.1832533,93.92308071,6.076919285,59.94336598,
,416.94,416.94,416.94,416.94,0.0,2000-08-25,344.070928,95.59744422,4.402555784,66.19367047,
,421.11,421.11,421.11,421.11,0.0,2000-08-28,352.8152166,96.11082639,3.889173612,71.39926693,
,425.27,425.27,425.27,425.27,0.0,2000-08-29,362.3764863,96.60456652,3.395433477,75.76124016,
,422.74,422.74,422.74,422.74,0.0,2000-08-30,372.4394485,88.10174944,11.89825056,75.8496919,
,423.63,423.63,423.63,423.63,0.0,2000-08-31,380.8923367,88.54508892,11.45491108,76.09778909,
,419.86,419.86,419.86,419.86,0.0,2000-09-01,387.9927629,73.95431954,26.04568046,70.45995909,
,417.92,417.92,417.92,417.92,0.0,2000-09-04,393.9571208,66.86679442,33.13320558,63.11468504,
,410.6,410.6,410.6,410.6,0.0,2000-09-05,398.9671815,46.05111537,53.94888463,52.07130188,
,401.43,401.43,401.43,401.43,0.0,2000-09-06,425.27,30.95934682,69.04065318,49.27330278,
,404.65,404.65,404.65,404.65,0.0,2000-09-07,424.7932,39.64163154,60.35836846,43.56198961,
,395.27,395.27,395.27,395.27,0.0,2000-09-08,424.325936,27.19060846,72.80939154,43.9733483,
,408.91,408.91,408.91,408.91,0.0,2000-09-11,423.1636986,53.65174331,46.34825669,36.63937597,
,417.24,417.24,417.24,417.24,0.0,2000-09-13,422.0479506,63.71772651,36.28227349,34.79859138,
,419.74,419.74,419.74,419.74,0.0,2000-09-14,420.9768326,66.45114147,33.54885853,34.41932969,
,421.18,421.18,421.18,421.18,0.0,2000-09-15,395.27,68.17729968,31.82270032,34.80638362,
,417.35,417.35,417.35,417.35,0.0,2000-09-18,395.7882,58.21843811,41.78156189,31.13248214,
,419.6,419.6,419.6,419.6,0.0,2000-09-19,396.296036,62.26602528,37.73397472,29.81239583,
,421.6,421.6,421.6,421.6,0.0,2000-09-20,396.7937153,65.93296193,34.06703807,30.22310143,
,421.7,421.7,421.7,421.7,0.0,2000-09-21,397.7859667,66.13862459,33.86137541,30.63393098,
,422.01,422.01,422.01,422.01,0.0,2000-09-22,399.2208087,66.91264924,33.08735076,31.27220448,
,421.38,421.38,421.38,421.38,0.0,2000-09-25,401.043944,63.24038783,36.75961217,30.31391872,
,421.56,421.56,421.56,421.56,0.0,2000-09-26,402.7212285,63.94704409,36.05295591,29.82995261,
,423.7,423.7,423.7,423.7,0.0,2000-09-27,404.2643302,71.95818959,28.04181041,32.64723792,
,423.9,423.9,423.9,423.9,0.0,2000-09-29,406.2078972,72.66769583,27.33230417,35.18486867,
,427.76,427.76,427.76,427.76,0.0,2000-10-02,408.3309495,83.02767431,16.97232569,41.35896466,
,430.22,430.22,430.22,430.22,0.0,2000-10-03,411.0510166,86.96395649,13.03604351,47.87275432,
,429.46,429.46,429.46,429.46,0.0,2000-10-13,414.1180539,79.81537422,20.18462578,50.22435315,
,433.92,433.92,433.92,433.92,0.0,2000-10-16,416.6943653,87.40815955,12.59184045,55.14274634,
,440.97,440.97,440.97,440.97,0.0,2000-10-17,419.7949795,92.77687099,7.223129008,61.22494547,
,453.46,453.46,453.46,453.46,0.0,2000-10-18,424.0299836,96.28478166,3.715218335,67.49386904,
,463.71,463.71,463.71,463.71,0.0,2000-10-19,429.9159869,97.5201947,2.479805303,73.00317311,
,471.12,471.12,471.12,471.12,0.0,2000-10-20,436.6747895,98.09317839,1.906821614,77.63980984,
,475.38,475.38,475.38,475.38,0.0,2000-10-23,443.5638316,98.36471025,1.635289754,81.45773197,
,479.66,479.66,479.66,479.66,0.0,2000-10-24,449.9270653,98.61279281,1.38720719,84.6113027,
,476.9,476.9,476.9,476.9,0.0,2000-10-25,455.8736522,87.8677895,12.1322105,82.83615796,
,471.55,471.55,471.55,471.55,0.0,2000-10-30,460.6309218,69.51485117,30.48514883,74.07486684,
,468.76,468.76,468.76,468.76,0.0,2000-10-31,464.4367374,61.18425614,38.81574386,63.73359593,
,472.02,472.02,472.02,472.02,0.0,2000-11-01,467.4813899,66.96627365,33.03372635,57.7733862,
,472.48,472.48,472.48,472.48,0.0,2000-11-02,468.76,67.81197318,32.18802682,53.34349823,
,475.43,475.43,475.43,475.43,0.0,2000-11-03,470.94,73.29295704,26.70704296,51.9919814,
,482.93,482.93,482.93,482.93,0.0,2000-11-06,472.48,82.67064571,17.32935429,54.66184341,
,493.94,493.94,493.94,493.94,0.0,2000-11-07,474.57,89.46112403,10.53887597,59.51392434,
,499.11,499.11,499.11,499.11,0.0,2000-11-09,478.444,91.43182065,8.568179347,64.18386773,
,505.91,505.91,505.91,505.91,0.0,2000-11-10,482.5772,93.44657533,6.553424669,68.72572432,
,507.51,507.51,507.51,507.51,0.0,2000-11-13,487.24376,93.87049184,6.129508156,72.52877619,
,513.7,513.7,513.7,513.7,0.0,2000-11-14,491.297008,95.33103225,4.668967749,76.15543385,
,519.33,519.33,519.33,519.33,0.0,2000-11-15,495.7776064,96.32626297,3.673737028,79.45485227,
,526.9,526.9,526.9,526.9,0.0,2000-11-16,500.4880851,97.29526571,2.70473429,82.4819881,
,540.28,540.28,540.28,540.28,0.0,2000-11-17,505.7704681,98.29112428,1.70887572,85.30204019,
,543.44,543.44,543.44,543.44,0.0,2000-11-20,512.6723745,98.45866176,1.541338235,87.62509686,
,544.14,544.14,544.14,544.14,0.0,2000-11-21,518.8258996,98.49939865,1.50060135,89.49983695,
,544.94,544.94,544.94,544.94,0.0,2000-11-22,523.8887197,98.55399476,1.446005241,91.02146746,
,545.82,545.82,545.82,545.82,0.0,2000-11-23,528.0989757,98.62288675,1.377113254,92.26632867,
,543.85,543.85,543.85,543.85,0.0,2000-11-24,531.6431806,87.0212861,12.9787139,88.62157737,
,533.96,533.96,533.96,533.96,0.0,2000-11-27,545.82,50.06371831,49.93628169,70.92274922,
,510.86,510.86,510.86,510.86,0.0,2000-11-28,545.5828,22.35038986,77.64961014,67.79804344,
,489.32,489.32,489.32,489.32,0.0,2000-11-29,544.193888,13.58502791,86.41497209,68.80442358,
,502.85,502.85,502.85,502.85,0.0,2000-11-30,540.9014547,33.92978761,66.07021239,61.47162382,
,508.58,508.58,508.58,508.58,0.0,2000-12-01,537.8065674,41.25171776,58.74828224,52.67661195,
,508.98,508.98,508.98,508.98,0.0,2000-12-04,534.8973734,41.81438405,58.18561595,45.41553594,
,502.75,502.75,502.75,502.75,0.0,2000-12-05,532.162731,35.24287485,64.75712515,42.23527881,
,500.48,500.48,500.48,500.48,0.0,2000-12-06,529.5921671,32.88872412,67.11127588,40.6327334,
,497.24,497.24,497.24,497.24,0.0,2000-12-07,527.1758371,29.38652858,70.61347142,40.75157529,
,494.22,494.22,494.22,494.22,0.0,2000-12-08,524.9044869,26.14298004,73.85701996,42.14406822,
,495.65,495.65,495.65,495.65,0.0,2000-12-11,522.7694177,30.6721533,69.3278467,41.44639325,
,489.74,489.74,489.74,489.74,0.0,2000-12-12,520.7624526,23.29290317,76.70709683,43.83995334,
,488.01,488.01,488.01,488.01,0.0,2000-12-13,518.8759054,21.40830452,78.59169548,46.50864086,
,484.53,484.53,484.53,484.53,0.0,2000-12-14,516.406633,17.78924363,82.21075637,50.09121524,
,486.05,486.05,486.05,486.05,0.0,2000-12-15,513.2189697,24.73590044,75.26409956,50.17861201,
,487.4,487.4,487.4,487.4,0.0,2000-12-18,510.3500727,31.19085997,68.80914003,47.66654562,
,488.5,488.5,488.5,488.5,0.0,2000-12-19,507.7680655,36.71863572,63.28136428,43.44578221,
,488.5,488.5,488.5,488.5,0.0,2000-12-20,505.4442589,36.71863572,63.28136428,40.06917148,
,489.74,489.74,489.74,489.74,0.0,2000-12-21,503.352833,44.5629253,55.4370747,34.23016707,
,489.07,489.07,489.07,489.07,0.0,2000-12-22,501.4705497,41.12024563,58.87975437,30.9360354,
,494.71,494.71,494.71,494.71,0.0,2000-12-25,499.7764948,67.5217897,32.4782103,31.7575442,
,493.4,493.4,493.4,493.4,0.0,2000-12-26,498.2518453,59.74394229,40.25605771,29.30361227,
,489.03,489.03,489.03,489.03,0.0,2000-12-27,496.8796607,40.35865286,59.64134714,27.29942868,
,488.01,488.01,488.01,488.01,0.0,2000-12-31,495.6446947,36.86836652,63.13163348,27.09219633,
,487.26,487.26,487.26,487.26,0.0,2001-01-01,494.5332252,34.15360288,65.84639712,28.01231591,
,486.09,486.09,486.09,486.09,0.0,2001-01-02,493.5329027,29.86535034,70.13464966,30.46371259,
,486.58,486.58,486.58,486.58,0.0,2001-01-03,492.6326124,34.1909814,65.8090186,30.69457751,
,486.56,486.56,486.56,486.56,0.0,2001-01-04,491.8223512,34.08372879,65.91627121,30.9221705,
,482.2,482.2,482.2,482.2,0.0,2001-01-05,491.0931161,18.3759922,81.6240078,37.38733952,
,479.23,479.23,479.23,479.23,0.0,2001-01-08,490.0259421,13.19720175,86.80279825,44.63099091,
,474.52,474.52,474.52,474.52,0.0,2001-01-09,488.5145102,8.466986681,91.53301332,52.31799806,
,468.4,468.4,468.4,468.4,0.0,2001-01-10,486.2753886,5.351549011,94.64845099,59.71377884,
,464.76,464.76,464.76,464.76,0.0,2001-01-12,483.0578186,4.202044225,95.79795577,66.09020538,
,462.59,462.59,462.59,462.59,0.0,2001-01-15,479.3982549,3.622245195,96.3777548,71.42326623,
,460.86,460.86,460.86,460.86,0.0,2001-01-16,476.0366039,3.18438203,96.81561797,75.86486017,
,460.29,460.29,460.29,460.29,0.0,2001-01-17,473.0012831,3.033365636,96.96663436,79.47854188,
,458.82,458.82,458.82,458.82,0.0,2001-01-18,470.4590265,2.631119407,97.36888059,82.53038574,
,458.37,458.37,458.37,458.37,0.0,2001-01-19,468.1312212,2.504057127,97.49594287,85.02268574,
,459.28,459.28,459.28,459.28,0.0,2001-01-22,466.178977,13.11077246,86.88922754,82.77383961,
,460.79,460.79,460.79,460.79,0.0,2001-01-23,464.6171816,29.10777292,70.89222708,74.57596252,
,460.5,460.5,460.5,460.5,0.0,2001-01-24,463.3677453,27.87571887,72.12428113,68.51048247,
,465.37,465.37,465.37,465.37,0.0,2001-01-25,458.37,61.80887314,38.19112686,59.53193523,
,467.35,467.35,467.35,467.35,0.0,2001-01-26,458.51,69.17846231,30.82153769,55.29693311,
,468.41,468.41,468.41,468.41,0.0,2001-01-30,458.8636,72.70331809,27.29668191,53.31887372,
,468.07,468.07,468.07,468.07,0.0,2001-01-31,459.436384,69.51579311,30.48420689,50.46141622,
,467.02,467.02,467.02,467.02,0.0,2001-02-01,459.974801,59.45349559,40.54650441,44.15053121,
,465.39,465.39,465.39,465.39,0.0,2001-02-02,460.4809129,46.41610482,53.58389518,36.75398304,
,462.52,462.52,462.52,462.52,0.0,2001-02-05,460.9566581,31.30652334,68.69347666,36.8805771,
,464.01,464.01,464.01,464.01,0.0,2001-02-06,461.4038586,43.28715148,56.71284852,32.18960109,
,460.85,460.85,460.85,460.85,0.0,2001-02-07,468.41,29.60100088,70.39899912,33.91128052,
,458.73,458.73,458.73,458.73,0.0,2001-02-08,468.2588,23.39734525,76.60265475,37.77008631,
,455.34,455.34,455.34,455.34,0.0,2001-02-09,467.877648,16.48972394,83.51027606,43.62017947,
,451.57,451.57,451.57,451.57,0.0,2001-02-12,467.1253891,11.69147397,88.30852603,50.21955399,
,452.53,452.53,452.53,452.53,0.0,2001-02-13,465.880958,19.1773474,80.8226526,52.50470423,
,443.35,443.35,443.35,443.35,0.0,2001-02-14,464.7360814,9.525515016,90.47448498,58.19355738,
,439.41,439.41,439.41,439.41,0.0,2001-02-15,462.5974732,7.500328327,92.49967167,63.55471457,
,431.45,431.45,431.45,431.45,0.0,2001-02-16,459.8149764,4.880127317,95.11987268,68.89172073,
,430.77,430.77,430.77,430.77,0.0,2001-02-19,455.8438797,4.704624085,95.29537592,73.23152695,
,424.92,424.92,424.92,424.92,0.0,2001-02-20,451.832059,3.392596112,96.60740389,77.22818312,
,415.1,415.1,415.1,415.1,0.0,2001-02-22,446.9878884,2.140206458,97.85979354,80.92646391,
,402.55,402.55,402.55,402.55,0.0,2001-02-23,440.6103107,1.346274617,98.65372538,84.20266128,
,398.0,398.0,398.0,398.0,0.0,2001-02-27,432.9982485,1.152519372,98.84748063,86.90112128,
,375.29,375.29,375.29,375.29,0.0,2001-02-28,425.9985988,0.607255305,99.39274469,89.2779949,
,375.17,375.17,375.17,375.17,0.0,2001-03-01,415.8568791,0.605363619,99.39463638,91.18025047,
,377.2,377.2,377.2,377.2,0.0,2001-03-02,407.7195033,6.748078573,93.25192143,90.24496895,
,391.59,391.59,391.59,391.59,0.0,2001-03-05,401.2096026,39.74459993,60.25540007,76.29813519,
,393.6,393.6,393.6,393.6,0.0,2001-03-06,396.0016821,43.250638,56.749362,63.73825295,
,393.24,393.24,393.24,393.24,0.0,2001-03-07,375.17,42.69446654,57.30553346,53.91281575,
,396.26,396.26,396.26,396.26,0.0,2001-03-08,375.5314,49.50358907,50.49641093,43.32881697,
,397.61,397.61,397.61,397.61,0.0,2001-03-12,376.360544,52.64752788,47.35247212,35.72206473,
,395.85,395.85,395.85,395.85,0.0,2001-03-13,377.6355114,47.79787074,52.20212926,29.45850349,
,391.88,391.88,391.88,391.88,0.0,2001-03-14,378.8339807,37.94297047,62.05702953,28.3896146,
,390.88,390.88,390.88,390.88,0.0,2001-03-15,379.9605418,35.62995538,64.37004462,28.45970953,
,390.2,390.2,390.2,390.2,0.0,2001-03-16,381.0195093,33.87469535,66.12530465,29.21788949,
,388.4,388.4,388.4,388.4,0.0,2001-03-19,382.0149388,29.12688059,70.87311941,31.72355935,
,385.45,385.45,385.45,385.45,0.0,2001-03-20,382.9506424,22.62933096,77.37066904,36.3271151,
,378.49,378.49,378.49,378.49,0.0,2001-03-21,397.61,13.64948193,86.35051807,43.6018993,
,377.48,377.48,377.48,377.48,0.0,2001-03-22,397.2276,12.73294823,87.26705177,49.78834015,
,376.98,376.98,376.98,376.98,0.0,2001-03-23,396.437696,12.22497716,87.77502284,54.94068126,
,382.58,382.58,382.58,382.58,0.0,2001-03-26,395.2702342,43.6804962,56.3195038,46.48034653,
,373.97,373.97,373.97,373.97,0.0,2001-03-27,394.1728202,25.86583554,74.13416446,46.837943,
,375.07,375.07,375.07,375.07,0.0,2001-03-28,392.5565946,30.39903471,69.60096529,45.31074052,
,378.01,378.01,378.01,378.01,0.0,2001-03-29,391.069667,42.20589906,57.79410094,39.36623279,
,386.87,386.87,386.87,386.87,0.0,2001-03-30,389.7016936,64.73866375,35.26133625,37.38845173,
,375.95,375.95,375.95,375.95,0.0,2001-04-03,388.4431582,40.44493981,59.55506019,33.73278546,
,376.97,376.97,376.97,376.97,0.0,2001-04-04,387.2853055,42.94478577,57.05521423,29.80831406,
,372.86,372.86,372.86,372.86,0.0,2001-04-05,386.2200811,35.44995357,64.55004643,29.66666982,
,374.58,374.58,374.58,374.58,0.0,2001-04-06,384.884073,40.85006114,59.14993886,27.3933114,
,409.56,409.56,409.56,409.56,0.0,2001-04-09,372.86,81.0823402,18.9176598,34.3475852,
,372.62,372.62,372.62,372.62,0.0,2001-04-10,409.56,42.72309091,57.27690909,30.3888318,
,369.99,369.99,369.99,369.99,0.0,2001-04-11,409.56,40.99699578,59.00300422,27.91226712,
,370.31,370.31,370.31,370.31,0.0,2001-04-12,407.9772,41.35734198,58.64265802,25.78687691,
,369.05,369.05,369.05,369.05,0.0,2001-04-13,406.457712,40.15045426,59.84954574,24.56931982,
,366.6,366.6,366.6,366.6,0.0,2001-04-16,404.2132493,37.49126128,62.50873872,24.65895134,
,366.21,366.21,366.21,366.21,0.0,2001-04-17,401.2041893,37.00360706,62.99639294,24.92571825,
,367.37,367.37,367.37,367.37,0.0,2001-04-18,397.7047704,39.90957365,60.09042635,23.97674514,
,366.39,366.39,366.39,366.39,0.0,2001-04-19,394.5552934,38.05573006,61.94426994,23.95910409,
,366.78,366.78,366.78,366.78,0.0,2001-04-20,391.720764,39.45475226,60.54524774,23.38538237,
,365.58,365.58,365.58,365.58,0.0,2001-04-23,389.1696876,36.30139328,63.69860672,24.18774858,
,366.13,366.13,366.13,366.13,0.0,2001-04-24,386.3389251,39.09041066,60.90958934,23.7140346,
,365.84,365.84,365.84,365.84,0.0,2001-04-25,383.8478541,37.99397944,62.00602056,23.7736359,
,366.52,366.52,366.52,366.52,0.0,2001-04-26,381.6557116,42.70433663,57.29566337,21.93717407,
,367.98,367.98,367.98,367.98,0.0,2001-04-27,379.7266262,52.40748351,47.59251649,18.51273266,
,368.38,368.38,368.38,368.38,0.0,2001-04-30,378.0290311,55.01641155,44.98358845,16.81675075,
,366.73,366.73,366.73,366.73,0.0,2001-05-01,376.5351473,42.89258712,57.10741288,16.29636575,
,366.98,366.98,366.98,366.98,0.0,2001-05-02,375.2205297,45.18054573,54.81945427,14.96487431,
,365.2,365.2,365.2,365.2,0.0,2001-05-03,374.0636661,33.30496884,66.69503116,18.64991191,
,365.25,365.25,365.25,365.25,0.0,2001-05-04,372.8227528,33.9148805,66.0851195,21.35397733,
,364.63,364.63,364.63,364.63,0.0,2001-05-08,371.7555674,29.70444856,70.29555144,25.20140244,
,360.81,360.81,360.81,360.81,0.0,2001-05-09,370.6154767,15.18529532,84.81470468,34.08700382,
,358.28,358.28,358.28,358.28,0.0,2001-05-10,368.8504909,10.81067923,89.18932077,42.94533137,
,355.6,355.6,355.6,355.6,0.0,2001-05-11,366.7363927,7.8255862,92.1744138,51.22603061,
,351.08,351.08,351.08,351.08,0.0,2001-05-14,364.5091141,4.946240662,95.05375934,59.00232823,
,344.02,344.02,344.02,344.02,0.0,2001-05-15,361.8232913,2.878435299,97.1215647,66.05048846,
,332.84,332.84,332.84,332.84,0.0,2001-05-16,358.2626331,1.575044981,98.42495502,72.21037278,
,329.8,329.8,329.8,329.8,0.0,2001-05-17,353.1781064,1.364966401,98.6350336,77.22231166,
,364.19,364.19,364.19,364.19,0.0,2001-05-18,329.8,65.82373557,34.17626443,68.10734355,
,334.26,334.26,334.26,334.26,0.0,2001-05-21,329.8,38.47217519,61.52782481,59.09700477,
,334.26,334.26,334.26,334.26,0.0,2001-05-22,330.4878,38.47217519,61.52782481,51.88873374,
,336.98,336.98,336.98,336.98,0.0,2001-05-23,331.161844,41.900293,58.099707,44.75086979,
,337.46,337.46,337.46,337.46,0.0,2001-05-24,331.8224071,42.60569281,57.39430719,38.75841871,
,339.24,339.24,339.24,339.24,0.0,2001-05-25,332.469759,45.66371157,54.33628843,32.74125034,
,338.99,338.99,338.99,338.99,0.0,2001-05-28,333.1041638,45.24052779,54.75947221,28.09678916,
,338.73,338.73,338.73,338.73,0.0,2001-05-29,333.7258805,44.70197551,55.29802449,24.59664112,
,339.49,339.49,339.49,339.49,0.0,2001-05-30,334.3351629,47.00696657,52.99303343,20.87452627,
,340.43,340.43,340.43,340.43,0.0,2001-05-31,334.9322597,50.21530208,49.78469792,16.78574185,
,342.25,342.25,342.25,342.25,0.0,2001-06-01,335.5174145,56.57778359,43.42221641,16.05970692,
,338.05,338.05,338.05,338.05,0.0,2001-06-12,336.0908662,41.33827604,58.66172396,16.31245512,
,333.18,333.18,333.18,333.18,0.0,2001-06-13,364.19,29.73111742,70.26888258,21.15751712,
,331.3,331.3,331.3,331.3,0.0,2001-06-15,363.5698,26.18347569,73.81652431,26.45262342,
,332.81,332.81,332.81,332.81,0.0,2001-06-18,362.279008,34.08063094,65.91936906,27.52984636,
,334.5,334.5,334.5,334.5,0.0,2001-06-19,361.0398477,42.66239212,57.33760788,24.95892024,
,336.22,336.22,336.22,336.22,0.0,2001-06-20,359.8502538,50.80938585,49.19061415,20.29089054,
,336.87,336.87,336.87,336.87,0.0,2001-06-21,358.7082436,53.90339555,46.09660445,17.79407065,
,336.34,336.34,336.34,336.34,0.0,2001-06-25,357.6119139,50.65594622,49.34405378,14.49763501,
,335.17,335.17,335.17,335.17,0.0,2001-06-26,356.5594373,43.43511433,56.56488567,14.22406227,
,334.39,334.39,334.39,334.39,0.0,2001-06-27,355.5490598,38.82333616,61.17666384,15.84991535,
,333.8,333.8,333.8,333.8,0.0,2001-06-28,354.5790974,35.28140043,64.71859957,18.56737211,
,332.69,332.69,332.69,332.69,0.0,2001-06-29,353.6479335,29.04894515,70.95105485,23.23431963,
,331.05,331.05,331.05,331.05,0.0,2001-07-02,352.7540162,21.90314685,78.09685315,29.82619696,
,327.94,327.94,327.94,327.94,0.0,2001-07-03,351.4517752,13.83555961,86.16444039,38.32673373,
,325.94,325.94,325.94,325.94,0.0,2001-07-04,349.5708332,10.67488392,89.32511608,46.39143341,
,324.75,324.75,324.75,324.75,0.0,2001-07-05,347.2077499,9.124561012,90.87543899,53.46332233,
,327.28,327.28,327.28,327.28,0.0,2001-07-06,344.5128199,34.4314246,65.5685754,48.99808802,
,322.94,322.94,322.94,322.94,0.0,2001-07-09,342.1412815,21.55827101,78.44172899,50.57516201,
,322.74,322.74,322.74,322.74,0.0,2001-07-10,339.4531021,21.10376444,78.89623556,52.01862383,
,326.14,326.14,326.14,326.14,0.0,2001-07-11,336.7790058,45.51392747,54.48607253,43.40932808,
,334.75,334.75,334.75,334.75,0.0,2001-07-12,322.74,72.47308095,27.52691905,43.71669484,
,348.43,348.43,348.43,348.43,0.0,2001-07-13,322.9802,86.11633287,13.88366713,49.41988903,
,352.25,352.25,352.25,352.25,0.0,2001-07-16,323.998192,88.16397255,11.83602745,54.80150024,
,346.8,346.8,346.8,346.8,0.0,2001-07-17,325.6933005,69.80397398,30.19602602,51.76278978,
,343.13,343.13,343.13,343.13,0.0,2001-07-18,327.2867025,59.39289865,40.60710135,45.16739129,
,337.88,337.88,337.88,337.88,0.0,2001-07-19,328.7845003,46.88799488,53.11200512,37.37871508,
,334.64,334.64,334.64,334.64,0.0,2001-07-20,330.1924303,40.33650833,59.66349167,33.76836873,
,329.77,329.77,329.77,329.77,0.0,2001-07-23,352.25,31.94905413,68.05094587,34.23507333,
,329.89,329.89,329.89,329.89,0.0,2001-07-24,351.8004,32.38212173,67.61787827,34.43520997,
,321.16,321.16,321.16,321.16,0.0,2001-07-25,351.359792,20.51169915,79.48830085,39.34348832,
,321.16,321.16,321.16,321.16,0.0,2001-07-26,350.1518003,20.51169915,79.48830085,43.270111,
,321.96,321.96,321.96,321.96,0.0,2001-07-27,348.9921283,24.47578341,75.52421659,44.82577543,
,322.45,322.45,322.45,322.45,0.0,2001-07-30,347.8788432,27.25337642,72.74662358,44.95926978,
,323.64,323.64,323.64,323.64,0.0,2001-07-31,346.8100894,34.55954345,65.44045655,42.14359844,
,325.21,325.21,325.21,325.21,0.0,2001-08-01,345.7840859,43.8583026,56.1416974,36.17155772,
,325.6,325.6,325.6,325.6,0.0,2001-08-02,344.7991224,46.23070308,53.76929692,30.44496494,
,316.92,316.92,316.92,316.92,0.0,2001-08-03,343.8535575,21.2494217,78.7505783,35.85620327,
,321.12,321.12,321.12,321.12,0.0,2001-08-06,342.2375441,40.64763801,59.35236199,32.42590741,
,329.51,329.51,329.51,329.51,0.0,2001-08-07,340.7184914,63.25110361,36.74889639,31.24116737,
,329.09,329.09,329.09,329.09,0.0,2001-08-08,339.290582,61.77887795,38.22112205,29.70448508,
,319.9,319.9,319.9,319.9,0.0,2001-08-09,337.948347,37.74776948,62.25223052,28.66448027,
,319.49,319.49,319.49,319.49,0.0,2001-08-10,336.6866462,36.94630703,63.05369297,28.1530614,
,316.39,316.39,316.39,316.39,0.0,2001-08-13,335.5006474,30.77144063,69.22855937,30.21387287,
,314.04,314.04,314.04,314.04,0.0,2001-08-14,333.9717956,26.56443331,73.43556669,33.54532497,
,314.95,314.95,314.95,314.95,0.0,2001-08-15,331.9786161,31.12255593,68.87744407,34.3872376,
,322.13,322.13,322.13,322.13,0.0,2001-08-16,330.1847545,57.27658412,42.72341588,30.42042373,
,320.32,320.32,320.32,320.32,0.0,2001-08-17,328.570279,51.15562973,48.84437027,24.79859088,
,312.41,312.41,312.41,312.41,0.0,2001-08-20,327.1172511,32.29968648,67.70031352,26.91899811,
,317.34,317.34,317.34,317.34,0.0,2001-08-21,325.352381,47.40364877,52.59635123,22.57373898,
,309.91,309.91,309.91,309.91,0.0,2001-08-22,323.7992953,33.37596535,66.62403465,24.70860505,
,299.34,299.34,299.34,299.34,0.0,2001-08-23,321.8547939,21.86833176,78.13166824,31.01955133,
,298.85,298.85,298.85,298.85,0.0,2001-08-24,318.2524269,21.43997312,78.56002688,36.23965182,
,295.17,295.17,295.17,295.17,0.0,2001-08-27,314.7599901,18.10979694,81.89020306,41.74780268,
,292.53,292.53,292.53,292.53,0.0,2001-08-28,310.841992,15.89573526,84.10426474,47.03994804,
,281.13,281.13,281.13,281.13,0.0,2001-08-29,307.1795936,9.576242613,90.42375739,53.80146139,
,280.37,280.37,280.37,280.37,0.0,2001-08-30,301.9696749,9.269156238,90.73084376,59.33350661,
,281.04,281.04,281.04,281.04,0.0,2001-08-31,297.6497399,12.36593093,87.63406907,62.52043292,
,281.83,281.83,281.83,281.83,0.0,2001-09-03,294.1937919,16.56327167,83.43672833,63.39103767,
,282.95,282.95,282.95,282.95,0.0,2001-09-04,291.4290336,23.09123951,76.90876049,61.47633433,
,282.78,282.78,282.78,282.78,0.0,2001-09-05,289.2172268,22.75347855,77.24652145,60.07967604,
,280.93,280.93,280.93,280.93,0.0,2001-09-06,287.4477815,18.97746731,81.02253269,60.47275391,
,280.93,280.93,280.93,280.93,0.0,2001-09-07,286.0322252,18.97746731,81.02253269,60.7872162,
,276.91,276.91,276.91,276.91,0.0,2001-09-10,284.8997801,12.13815428,87.86184572,63.77451125,
,274.34,274.34,274.34,274.34,0.0,2001-09-11,283.3018241,9.424038529,90.57596147,67.24999359,
,269.17,269.17,269.17,269.17,0.0,2001-09-12,281.5094593,6.032281443,93.96771856,71.38708229,
,261.37,261.37,261.37,261.37,0.0,2001-09-13,279.0415674,3.593344352,96.40665565,75.67232809,
,265.22,265.22,265.22,265.22,0.0,2001-09-14,275.5072539,22.84113807,77.15886193,71.40140725,
,273.01,273.01,273.01,273.01,0.0,2001-09-17,261.37,48.7304372,51.2695628,57.62895091,
,275.13,275.13,275.13,275.13,0.0,2001-09-18,261.6028,53.98289085,46.01710915,47.69631707,
,279.92,279.92,279.92,279.92,0.0,2001-09-19,262.143888,64.30963228,35.69036772,43.88090657,
,283.38,283.38,283.38,283.38,0.0,2001-09-21,263.2104547,70.3229632,29.6770368,43.23391054,
,279.65,279.65,279.65,279.65,0.0,2001-09-24,264.8240183,57.31095147,42.68904853,37.51150902,
,277.79,277.79,277.79,277.79,0.0,2001-09-25,266.3084969,51.38451453,48.61548547,30.56301303,
,275.23,275.23,275.23,275.23,0.0,2001-09-26,267.6742171,43.62357445,56.37642555,27.00098064,
,275.09,275.09,275.09,275.09,0.0,2001-09-27,268.9306798,43.1777741,56.8222259,24.32967487,
,276.07,276.07,276.07,276.07,0.0,2001-09-28,270.0866254,47.84169011,52.15830989,20.32706385,
,276.46,276.46,276.46,276.46,0.0,2001-10-01,271.1500953,49.8877798,50.1122202,16.30653916,
,278.01,278.01,278.01,278.01,0.0,2001-10-02,272.1284877,58.06104934,41.93895066,16.26965107,
,281.39,281.39,281.39,281.39,0.0,2001-10-03,273.0286087,70.96801024,29.03198976,21.40292495,
,282.11,282.11,282.11,282.11,0.0,2001-10-04,273.85672,73.16689829,26.83310171,26.38909928,
,282.34,282.34,282.34,282.34,0.0,2001-10-05,274.6185824,73.95460161,26.04539839,30.69312007,
,282.88,282.88,282.88,282.88,0.0,2001-10-08,275.3194958,76.02049519,23.97950481,34.96269413,
,282.16,282.16,282.16,282.16,0.0,2001-10-09,275.9643361,67.14415563,32.85584437,34.82781756,
,282.83,282.83,282.83,282.83,0.0,2001-10-10,276.5575893,71.07295303,28.92704697,36.29143526,
,281.89,281.89,281.89,281.89,0.0,2001-10-11,277.1033821,58.75227162,41.24772838,32.53405685,
,282.05,282.05,282.05,282.05,0.0,2001-10-12,277.6055115,60.21951638,39.78048362,30.11505204,
,282.79,282.79,282.79,282.79,0.0,2001-10-15,278.0674706,67.00489126,32.99510874,30.89399813,
,281.21,281.21,281.21,281.21,0.0,2001-10-16,278.492473,46.04391814,53.95608186,26.29763125,
,281.5,281.5,281.5,281.5,0.0,2001-10-17,278.8834751,49.65713312,50.34286688,21.17525175,
,281.8,281.8,281.8,281.8,0.0,2001-10-18,279.2431971,53.66910055,46.33089945,18.40784162,
,282.75,282.75,282.75,282.75,0.0,2001-10-19,279.5741414,64.77945453,35.22054547,20.63805511,
,283.06,283.06,283.06,283.06,0.0,2001-10-22,279.87861,67.9175937,32.0824063,23.67748157,
,285.25,285.25,285.25,285.25,0.0,2001-10-30,280.1587212,82.04484582,17.95515418,31.75992358,
,287.17,287.17,287.17,287.17,0.0,2001-10-31,280.6678491,87.88914729,12.11085271,40.56359778,
,287.79,287.79,287.79,287.79,0.0,2001-11-01,281.4481072,89.29554602,10.70445398,48.16909663,
,289.98,289.98,289.98,289.98,0.0,2001-11-02,282.3359722,92.92379226,7.076207736,55.70479421,
,290.97,290.97,290.97,290.97,0.0,2001-11-05,283.5590167,94.06123484,5.938765161,62.1883293,
,296.35,296.35,296.35,296.35,0.0,2001-11-06,284.8929937,97.16107711,2.838922888,68.61509429,
,297.52,297.52,297.52,297.52,0.0,2001-11-07,287.1843949,97.5138423,2.486157703,73.89761235,
,297.19,297.19,297.19,297.19,0.0,2001-11-09,289.2515159,93.42109288,6.578907122,76.48652703,
,298.13,298.13,298.13,298.13,0.0,2001-11-12,290.9052128,94.27643427,5.723565732,78.89979533,
,300.15,300.15,300.15,300.15,0.0,2001-11-13,292.3501702,95.75792163,4.242078375,81.42300492,
,300.36,300.36,300.36,300.36,0.0,2001-11-19,293.9101362,95.89596645,4.104033555,83.49679051,
,299.55,299.55,299.55,299.55,0.0,2001-11-20,295.2001089,82.89060376,17.10939624,79.95367391,
,299.38,299.38,299.38,299.38,0.0,2001-11-21,296.2320871,80.04274772,19.95725228,75.98003822,
,297.51,297.51,297.51,297.51,0.0,2001-11-22,297.0576697,54.36187193,45.63812807,62.52877935,
,296.01,296.01,296.01,296.01,0.0,2001-11-23,300.36,41.13034744,58.86965256,53.5708845,
,290.07,290.07,290.07,290.07,0.0,2001-11-26,300.273,18.65477654,81.34522346,55.39479699,
,283.98,283.98,283.98,283.98,0.0,2001-11-27,299.86488,10.97140888,89.02859112,59.92727404,
,288.83,288.83,288.83,288.83,0.0,2001-11-28,298.9117872,36.85966958,63.14033042,53.1979514,
,287.7,287.7,287.7,287.7,0.0,2001-11-30,298.01588,33.98182834,66.01817166,48.96562979,
,288.72,288.72,288.72,288.72,0.0,2001-12-03,297.1737272,39.3267845,60.6732155,43.44179003,
,286.18,286.18,286.18,286.18,0.0,2001-12-04,296.3821035,31.41082511,68.58917489,42.18910198,
,287.78,287.78,287.78,287.78,0.0,2001-12-05,295.6379773,40.7945093,59.2054907,37.43347786,
,288.97,288.97,288.97,288.97,0.0,2001-12-06,294.9384987,47.4751705,52.5248295,30.95671409,
,290.57,290.57,290.57,290.57,0.0,2001-12-07,294.2809888,55.84830193,44.15169807,27.10469205,
,290.49,290.49,290.49,290.49,0.0,2001-12-10,293.6629294,55.29735768,44.70264232,23.80269671,
,288.37,288.37,288.37,288.37,0.0,2001-12-11,293.0819537,41.67790989,58.32209011,22.37099341,
,287.42,287.42,287.42,287.42,0.0,2001-12-12,292.5358365,36.62511291,63.37488709,23.24674957,
,286.9,286.9,286.9,286.9,0.0,2001-12-13,292.0224863,33.81976782,66.18023218,25.06949252,
,284.48,284.48,284.48,284.48,0.0,2001-12-14,291.5399371,23.39523226,76.60476774,30.69750112,
,283.33,283.33,283.33,283.33,0.0,2001-12-17,291.0863409,19.77458681,80.22541319,36.64816617,
,283.75,283.75,283.75,283.75,0.0,2001-12-18,290.4658336,25.0685878,74.9314122,39.29109781,
,282.8,282.8,282.8,282.8,0.0,2001-12-19,289.8949669,21.12682399,78.87317601,42.98214865,
,280.62,280.62,280.62,280.62,0.0,2001-12-20,289.1854702,14.55989966,85.44010034,48.56175906,
,280.05,280.05,280.05,280.05,0.0,2001-12-21,288.1576138,13.21715298,86.78284702,53.56254605,
,277.84,277.84,277.84,277.84,0.0,2001-12-24,287.0225479,9.134464582,90.86553542,59.19625101,
,278.21,278.21,278.21,278.21,0.0,2001-12-25,285.5533402,14.65171361,85.34828639,61.49631536,
,274.36,274.36,274.36,274.36,0.0,2001-12-26,284.3192058,8.186435096,91.8135649,65.92247825,
,273.2,273.2,273.2,273.2,0.0,2001-12-27,282.5265487,7.019809694,92.98019031,69.93005872,
,271.43,271.43,271.43,271.43,0.0,2001-12-28,280.661239,5.519552374,94.48044763,73.73622603,
,269.75,269.75,269.75,269.75,0.0,2001-12-31,278.8149912,4.403090174,95.59690983,77.22774475,
,266.28,266.28,266.28,266.28,0.0,2002-01-01,277.001993,2.892506664,97.10749334,80.62519314,
,263.03,263.03,263.03,263.03,0.0,2002-01-02,274.8575944,2.06363956,97.93636044,83.67469869,
,261.08,261.08,261.08,261.08,0.0,2002-01-03,272.4920755,1.698584097,98.3014159,86.26032531,
,260.67,260.67,260.67,260.67,0.0,2002-01-07,270.2096604,1.62312091,98.37687909,88.35901188,
,262.82,262.82,262.82,262.82,0.0,2002-01-09,268.3017283,23.81057206,76.18942794,81.16298068,
,255.92,255.92,255.92,255.92,0.0,2002-01-10,266.7753827,12.50054061,87.49945939,79.9301683,
,258.91,258.91,258.91,258.91,0.0,2002-01-14,264.6043061,30.40640742,69.59359258,71.78157167,
,265.62,265.62,265.62,265.62,0.0,2002-01-15,255.92,55.78698335,44.21301665,59.74005068,
,262.85,262.85,262.85,262.85,0.0,2002-01-16,256.114,46.95118088,53.04881912,49.01156819,
,260.65,260.65,260.65,260.65,0.0,2002-01-17,256.30412,40.57165037,59.42834963,42.9805944,
,259.75,259.75,259.75,259.75,0.0,2002-01-18,256.4904376,37.93579696,62.06420304,39.21015674,
,257.73,257.73,257.73,257.73,0.0,2002-01-21,256.6730288,32.08722757,67.91277243,38.53323436,
,255.91,255.91,255.91,255.91,0.0,2002-01-22,265.62,27.34010315,72.65989685,39.89054623,
,254.98,254.98,254.98,254.98,0.0,2002-01-23,265.4258,24.97959559,75.02040441,41.92059875,
,256.84,256.84,256.84,256.84,0.0,2002-01-25,265.007968,38.29780579,61.70219421,38.21735668,
,254.77,254.77,254.77,254.77,0.0,2002-01-28,264.6068493,30.71283679,69.28716321,38.28875063,
,252.73,252.73,252.73,252.73,0.0,2002-01-30,264.0166383,24.68922237,75.31077763,40.75531156,
,251.96,251.96,251.96,251.96,0.0,2002-01-31,263.1137073,22.59809876,77.40190124,43.56500974,
,251.41,251.41,251.41,251.41,0.0,2002-02-01,261.9983365,21.00931034,78.99068966,46.44828366,
,248.72,248.72,248.72,248.72,0.0,2002-02-04,260.7277361,14.69360225,85.30639775,51.28118603,
,245.4,245.4,245.4,245.4,0.0,2002-02-06,259.0466531,10.03816558,89.96183442,57.00968259,
,240.41,240.41,240.41,240.41,0.0,2002-02-07,256.8631886,6.292506253,93.70749375,63.09074357,
,236.06,236.06,236.06,236.06,0.0,2002-02-11,253.9016146,4.473542003,95.526458,68.68317806,
,236.01,236.01,236.01,236.01,0.0,2002-02-12,250.3332917,4.455038976,95.54496102,73.16452685,
,236.6,236.6,236.6,236.6,0.0,2002-02-13,247.4686334,9.948835978,90.05116402,74.55208709,
,234.97,234.97,234.97,234.97,0.0,2002-02-14,245.1769067,8.300598346,91.69940165,76.32143034,
,234.82,234.82,234.82,234.82,0.0,2002-02-15,243.1355254,8.145369646,91.85463035,77.79899641,
,233.75,233.75,233.75,233.75,0.0,2002-02-18,241.4724203,6.981248336,93.01875166,79.44669779,
,230.5,230.5,230.5,230.5,0.0,2002-02-20,239.9279362,4.525574231,95.47442577,81.74712854,
,228.75,228.75,228.75,228.75,0.0,2002-02-21,238.042349,3.659227476,96.34077252,83.93401184,
,226.03,226.03,226.03,226.03,0.0,2002-02-22,236.1838792,2.667215302,97.3327847,86.08032335,
,225.11,225.11,225.11,225.11,0.0,2002-02-25,234.1531033,2.392939072,97.60706093,87.90708305,
,223.46,223.46,223.46,223.46,0.0,2002-02-26,232.3444827,1.944633623,98.05536638,89.54781299,
,222.45,222.45,222.45,222.45,0.0,2002-02-27,230.5675861,1.700824809,98.29917519,90.95792047,
,220.28,220.28,220.28,220.28,0.0,2002-02-28,228.9440689,1.272393334,98.72760667,92.25737904,
,218.59,218.59,218.59,218.59,0.0,2002-03-01,227.2112551,1.021820779,98.97817922,93.39717492,
,215.89,215.89,215.89,215.89,0.0,2002-03-04,225.4870041,0.733393542,99.26660646,94.42438252,
,211.76,211.76,211.76,211.76,0.0,2002-03-05,223.5676033,0.476320278,99.52367972,95.34897791,
,208.53,208.53,208.53,208.53,0.0,2002-03-06,221.2060826,0.354754731,99.64524527,96.13728043,
,204.79,204.79,204.79,204.79,0.0,2002-03-07,218.6708661,0.259059539,99.74094046,96.80620053,
,198.37,198.37,198.37,198.37,0.0,2002-03-08,215.8946929,0.164085409,99.83591459,97.37932626,
,195.46,195.46,195.46,195.46,0.0,2002-03-11,212.3897543,0.135864031,99.86413597,97.8491154,
,193.83,193.83,193.83,193.83,0.0,2002-03-13,209.0038034,0.12126127,99.87873873,98.23078781,
,187.88,187.88,187.88,187.88,0.0,2002-03-14,205.9690428,0.081360365,99.91863964,98.5520861,
,186.22,186.22,186.22,186.22,0.0,2002-03-15,202.3512342,0.072985144,99.92701486,98.81247482,
,186.94,186.94,186.94,186.94,0.0,2002-03-18,199.1249874,5.355182419,94.64481758,96.90790689,
,192.71,192.71,192.71,192.71,0.0,2002-03-19,196.5439899,38.12136059,61.87863941,82.27778128,
,200.18,200.18,200.18,200.18,0.0,2002-03-20,186.22,60.34062305,39.65937695,69.95847424,
,204.28,204.28,204.28,204.28,0.0,2002-03-21,186.4992,68.17972162,31.82027838,63.23866804,
,209.07,209.07,209.07,209.07,0.0,2002-03-22,187.210432,75.30740808,24.69259192,60.71389767,
,213.74,213.74,213.74,213.74,0.0,2002-03-25,188.5220061,80.60257902,19.39742098,60.81214974,
,213.71,213.71,213.71,213.71,0.0,2002-03-26,190.5394456,80.46402171,19.53597829,60.83532848,
,205.52,205.52,205.52,205.52,0.0,2002-03-27,192.3954899,50.71427075,49.28572925,48.95397108,
,198.81,198.81,198.81,198.81,0.0,2002-03-29,194.1030508,36.78563717,63.21436283,44.448922,
,201.06,201.06,201.06,201.06,0.0,2002-04-01,195.6740067,43.31157228,56.68842772,38.23450868,
,209.7,209.7,209.7,209.7,0.0,2002-04-02,197.1192862,62.09470725,37.90529275,35.42548984,
,211.11,211.11,211.11,211.11,0.0,2002-04-03,198.4489433,64.49455665,35.50544335,34.13821454,
,208.94,208.94,208.94,208.94,0.0,2002-04-04,199.6722278,57.49220762,42.50779238,30.30745468,
,208.93,208.93,208.93,208.93,0.0,2002-04-05,200.7976496,57.45627338,42.54372662,27.22847309,
,212.66,212.66,212.66,212.66,0.0,2002-04-06,201.8330376,67.05661193,32.94338807,28.60542325,
,214.55,214.55,214.55,214.55,0.0,2002-04-09,202.7855946,71.17629501,28.82370499,31.3548566,
,216.45,216.45,216.45,216.45,0.0,2002-04-10,203.9620351,75.09064643,24.90935357,35.12014385,
,219.14,219.14,219.14,219.14,0.0,2002-04-11,205.4605909,79.91725227,20.08274773,40.06301599,
,216.21,216.21,216.21,216.21,0.0,2002-04-12,207.3757082,63.23476996,36.76523004,37.34432078,
,214.94,214.94,214.94,214.94,0.0,2002-04-15,209.022709,56.80955541,43.19044459,32.59927879,
,215.15,215.15,215.15,215.15,0.0,2002-04-16,210.4391298,57.69797562,42.30202438,29.15861328,
,216.36,216.36,216.36,216.36,0.0,2002-04-17,211.6572516,63.15641755,36.84358245,28.58945765,
,216.94,216.94,216.94,216.94,0.0,2002-04-18,212.7048364,65.80052794,34.19947206,29.19177729,
,217.14,217.14,217.14,217.14,0.0,2002-04-19,213.6057593,66.82669595,33.17330405,30.08410021,
,215.1,215.1,215.1,215.1,0.0,2002-04-22,214.380553,48.33517751,51.66482249,24.73320917,
,215.45,215.45,215.45,215.45,0.0,2002-04-23,215.0468756,51.22937899,48.77062101,20.27831893,
,216.83,216.83,216.83,216.83,0.0,2002-04-24,215.1,61.78128579,38.21871421,20.93516946,
,218.09,218.09,218.09,218.09,0.0,2002-04-25,215.45,69.34975549,30.65024451,24.48803776,
,218.55,218.55,218.55,218.55,0.0,2002-04-26,215.9666,71.89007847,28.10992153,28.3464616,
,219.51,219.51,219.51,219.51,0.0,2002-04-29,216.410876,76.88730461,23.11269539,33.43209112,
,220.17,220.17,220.17,220.17,0.0,2002-04-30,216.9067358,79.95038334,20.04961666,38.72582624,
,221.43,221.43,221.43,221.43,0.0,2002-05-01,217.4941234,84.76773772,15.23226228,44.88775608,
,221.81,221.81,221.81,221.81,0.0,2002-05-02,218.2812987,86.03286152,13.96713848,50.32334947,
,224.69,224.69,224.69,224.69,0.0,2002-05-03,218.987039,92.18333873,7.816661275,57.13201507,
,230.77,230.77,230.77,230.77,0.0,2002-05-06,220.1276312,96.38459616,3.615403841,64.25945052,
,240.04,240.04,240.04,240.04,0.0,2002-05-07,222.2561049,98.21403337,1.785966629,70.69317376,
,243.63,243.63,243.63,243.63,0.0,2002-05-08,225.812884,98.56543622,1.434563777,75.9807135,
,234.72,234.72,234.72,234.72,0.0,2002-05-09,229.3763072,61.20499069,38.79500931,65.26656707,
,240.46,240.46,240.46,240.46,0.0,2002-05-10,232.2270457,70.27733216,29.72266784,60.32418652,
,238.65,238.65,238.65,238.65,0.0,2002-05-13,234.5076366,64.3461309,35.6538691,53.99780158,
,239.09,239.09,239.09,239.09,0.0,2002-05-14,236.3321093,65.23762995,34.76237005,49.29329324,
,238.42,238.42,238.42,238.42,0.0,2002-05-15,237.7916874,62.27381012,37.72618988,44.34415864,
,237.62,237.62,237.62,237.62,0.0,2002-05-16,243.63,58.31931337,41.68068663,38.80305226,
,239.54,239.54,239.54,239.54,0.0,2002-05-17,243.5098,64.98907903,35.01092097,37.03807342,
,239.9,239.9,239.9,239.9,0.0,2002-05-20,243.392004,66.25469052,33.74530948,36.13233494,
,241.08,241.08,241.08,241.08,0.0,2002-05-21,243.2765639,70.60796501,29.39203499,37.14905396,
,241.45,241.45,241.45,241.45,0.0,2002-05-22,243.1634326,72.02258549,27.97741451,38.52827736,
,235.88,235.88,235.88,235.88,0.0,2002-05-23,243.052564,37.79368247,62.20631753,35.7051489,
,233.19,233.19,233.19,233.19,0.0,2002-05-24,242.7656614,29.36799013,70.63200987,36.81692307,
,234.04,234.04,234.04,234.04,0.0,2002-05-27,242.1911217,35.08426404,64.91573596,35.41983284,
,233.47,233.47,233.47,233.47,0.0,2002-05-28,241.6510544,32.85539716,67.14460284,35.19370741,
,234.15,234.15,234.15,234.15,0.0,2002-05-29,241.1433912,38.66595022,61.33404978,32.68858584,
,233.89,233.89,233.89,233.89,0.0,2002-05-30,240.6661877,37.1302424,62.8697576,31.29877171,
,233.28,233.28,233.28,233.28,0.0,2002-05-31,240.2176164,33.25656223,66.74343777,31.73639248,
,232.81,232.81,232.81,232.81,0.0,2002-06-03,239.7959595,30.22008713,69.77991287,33.30107913,
,232.59,232.59,232.59,232.59,0.0,2002-06-04,239.2370827,28.68751763,71.31248237,35.16585625,
,232.79,232.79,232.79,232.79,0.0,2002-06-05,238.5723744,32.57325959,67.42674041,35.10338116,
,231.83,231.83,231.83,231.83,0.0,2002-06-06,237.974137,24.54776773,75.45223227,38.26359784,
,231.17,231.17,231.17,231.17,0.0,2002-06-07,237.2368405,20.25835912,79.74164088,42.50753462,
,231.45,231.45,231.45,231.45,0.0,2002-06-10,236.3874829,27.02087325,72.97912675,43.1976784,
,231.34,231.34,231.34,231.34,0.0,2002-06-11,235.6570353,25.94056637,74.05943363,44.18191617,
,230.69,230.69,230.69,230.69,0.0,2002-06-12,235.0288503,20.02652835,79.97347165,47.33492159,
,228.26,228.26,228.26,228.26,0.0,2002-06-13,234.3346343,9.696257272,90.30374273,53.98943437,
,226.04,226.04,226.04,226.04,0.0,2002-06-14,233.2412001,6.101865597,93.8981344,60.75080125,
,225.29,225.29,225.29,225.29,0.0,2002-06-17,231.8009601,5.275942477,94.72405752,66.49026401,
,226.83,226.83,226.83,226.83,0.0,2002-06-18,230.4987681,29.69933084,70.30066916,61.31247888,
,227.24,227.24,227.24,227.24,0.0,2002-06-19,229.4570145,35.25486605,64.74513395,54.94803668,
,227.67,227.67,227.67,227.67,0.0,2002-06-21,228.6236116,41.33280562,58.66719438,47.4253071,
,229.1,229.1,229.1,229.1,0.0,2002-06-24,225.29,57.8005367,42.1994633,41.06046036,
,229.33,229.33,229.33,229.33,0.0,2002-06-25,225.3662,60.05480107,39.94519893,36.87028871,
,229.36,229.36,229.36,229.36,0.0,2002-06-26,225.524752,60.39970628,39.60029372,33.65611348,
,229.2,229.2,229.2,229.2,0.0,2002-07-01,225.7548669,57.11215556,42.88784444,29.76975301,
,229.18,229.18,229.18,229.18,0.0,2002-07-02,225.9711749,56.63053136,43.36946864,26.46801495,
,228.27,228.27,228.27,228.27,0.0,2002-07-03,226.1745044,38.27358898,61.72641102,25.86497637,
,227.16,227.16,227.16,227.16,0.0,2002-07-04,226.3656341,25.61401742,74.38598258,30.44637413,
,226.48,226.48,226.48,226.48,0.0,2002-07-05,229.36,20.4374443,79.5625557,36.18212158,
,226.23,226.23,226.23,226.23,0.0,2002-07-08,229.3024,18.70059848,81.29940152,41.46545787,
,224.48,224.48,224.48,224.48,0.0,2002-07-10,229.179504,10.72524485,89.27475515,48.88226836,
,223.67,223.67,223.67,223.67,0.0,2002-07-11,228.8975338,8.602585024,91.39741498,55.66478068,
,222.86,222.86,222.86,222.86,0.0,2002-07-12,228.4793311,6.896464514,93.10353549,61.77323874,
,223.76,223.76,223.76,223.76,0.0,2002-07-15,227.917398,27.00358082,72.99641918,58.61715866,
,227.65,227.65,227.65,227.65,0.0,2002-07-16,222.86,66.31159781,33.68840219,53.41836605,
,222.06,222.06,222.06,222.06,0.0,2002-07-17,227.65,33.70726515,66.29273485,49.25178678,
,222.08,222.08,222.08,222.08,0.0,2002-07-19,227.65,33.85271927,66.14728073,45.86034172,
,221.65,221.65,221.65,221.65,0.0,2002-07-22,227.5382,31.96768298,68.03231702,43.90120018,
,221.49,221.49,221.49,221.49,0.0,2002-07-23,227.302672,31.1606447,68.8393553,42.65670227,
,221.75,221.75,221.75,221.75,0.0,2002-07-24,226.9539117,34.51852201,65.48147799,40.31795301,
,224.17,224.17,224.17,224.17,0.0,2002-07-25,226.626077,58.22602667,41.77397333,35.54477308,
,224.47,224.47,224.47,224.47,0.0,2002-07-26,226.3179124,60.44515762,39.55484238,32.61388151,
,224.65,224.65,224.65,224.65,0.0,2002-07-29,226.0282376,61.96070953,38.03929047,30.87538902,
,224.57,224.57,224.57,224.57,0.0,2002-07-30,225.7559434,60.66928937,39.33071063,28.96802697,
,223.86,223.86,223.86,223.86,0.0,2002-08-01,225.4999868,49.27566179,50.72433821,23.46415686,
,224.52,224.52,224.52,224.52,0.0,2002-08-02,225.2593876,58.36182267,41.63817733,22.11605455,
,223.84,223.84,223.84,223.84,0.0,2002-08-05,225.0332243,47.42182384,52.57817616,18.72411411,
,223.84,223.84,223.84,223.84,0.0,2002-08-06,224.8206308,47.42182384,52.57817616,16.01056175,
,223.63,223.63,223.63,223.63,0.0,2002-08-07,224.620793,43.48822125,56.51177875,15.4131609,
,223.68,223.68,223.68,223.68,0.0,2002-08-08,224.4329454,44.84973048,55.15026952,14.39063653,
,224.03,224.03,224.03,224.03,0.0,2002-08-09,224.2563687,54.45172767,45.54827233,13.29320029,
,223.77,223.77,223.77,223.77,0.0,2002-08-12,224.0903866,46.87366543,53.12633457,11.88509406,
,224.32,224.32,224.32,224.32,0.0,2002-08-13,221.49,61.16491296,38.83508704,13.97404043,
,225.39,225.39,225.39,225.39,0.0,2002-08-14,221.5466,76.52293298,23.47706702,21.78840554,
,226.02,226.02,226.02,226.02,0.0,2002-08-15,221.700336,81.81562016,18.18437984,30.1569725,
,226.57,226.57,226.57,226.57,0.0,2002-08-16,221.9595158,85.40598994,14.59401006,38.28797398,
,226.37,226.37,226.37,226.37,0.0,2002-08-19,222.3283546,78.37233898,21.62766102,41.97931477,
,227.58,227.58,227.58,227.58,0.0,2002-08-20,222.6676862,86.67273606,13.32726394,48.25254624,
,228.4,228.4,228.4,228.4,0.0,2002-08-21,223.1589176,89.94250824,10.05749176,54.57904029,
,229.02,229.02,229.02,229.02,0.0,2002-08-22,223.7878475,91.83566,8.16434,60.39749623,
,229.88,229.88,229.88,229.88,0.0,2002-08-23,224.5203488,93.84460639,6.15539361,65.85583954,
,230.01,230.01,230.01,230.01,0.0,2002-08-26,225.377893,94.11808353,5.881916468,70.33190505,
,228.96,228.96,228.96,228.96,0.0,2002-08-27,226.2116723,64.97351989,35.02648011,62.25493199,
,228.54,228.54,228.54,228.54,0.0,2002-08-28,226.8953713,56.26242173,43.73757827,52.30891429,
,227.36,227.36,227.36,227.36,0.0,2002-08-29,230.01,38.25173192,61.74826808,46.54643866,
,225.38,225.38,225.38,225.38,0.0,2002-09-02,229.957,22.88553933,77.11446067,48.0829352,
,225.3,225.3,225.3,225.3,0.0,2002-09-03,229.77392,22.43045892,77.56954108,49.49416459,
,225.03,225.03,225.03,225.03,0.0,2002-09-04,229.5054848,20.69440312,79.30559688,51.31757043,
,224.86,224.86,224.86,224.86,0.0,2002-09-05,229.147446,19.50619309,80.49380691,53.2515791,
,224.55,224.55,224.55,224.55,0.0,2002-09-06,228.7187014,17.24873204,82.75126796,55.70177047,
,223.92,223.92,223.92,223.92,0.0,2002-09-09,228.2184572,13.32985217,86.67014783,59.2294755,
,223.71,223.71,223.71,223.71,0.0,2002-09-10,227.6166732,12.17709647,87.82290353,62.51274181,
,223.87,223.87,223.87,223.87,0.0,2002-09-11,226.9916055,18.85989279,81.14010721,62.46623634,
,223.79,223.79,223.79,223.79,0.0,2002-09-12,226.4665486,18.00366113,81.99633887,62.77152462,
,223.03,223.03,223.03,223.03,0.0,2002-09-13,226.0255009,11.69737103,88.30262897,65.53827128,
,222.98,222.98,222.98,222.98,0.0,2002-09-16,225.4863107,11.36985361,88.63014639,67.88267558,
,222.87,222.87,222.87,222.87,0.0,2002-09-17,224.9850486,10.55698779,89.44301221,70.08334535,
,222.77,222.77,222.77,222.77,0.0,2002-09-18,224.5620388,9.763759173,90.23624083,72.16117261,
,223.14,223.14,223.14,223.14,0.0,2002-09-19,224.2036311,33.03493735,66.96506265,64.51496315,
,222.12,222.12,222.12,222.12,0.0,2002-09-23,223.9169049,17.49101061,82.50898939,64.61556627,
,219.97,219.97,219.97,219.97,0.0,2002-09-24,223.5575239,7.809344153,92.19065585,68.56871536,
,218.48,218.48,218.48,218.48,0.0,2002-09-25,222.8400191,5.278349695,94.7216503,72.74363241,
,218.22,218.22,218.22,218.22,0.0,2002-09-26,221.9680153,4.929846233,95.07015377,76.22296743,
,218.19,218.19,218.19,218.19,0.0,2002-09-27,221.2184122,4.8833429,95.1166571,79.02503679,
,217.53,217.53,217.53,217.53,0.0,2002-09-30,220.6127298,3.87749071,96.12250929,81.66903315,
,217.11,217.11,217.11,217.11,0.0,2002-10-02,219.9961838,3.33162218,96.66837782,84.00257764,
,218.03,218.03,218.03,218.03,0.0,2002-10-03,219.4189471,30.22680281,69.77319719,75.11134099,
,217.9,217.9,217.9,217.9,0.0,2002-10-04,218.9571576,28.8109654,71.1890346,68.56468664,
,218.76,218.76,218.76,218.76,0.0,2002-10-08,217.11,48.68647036,51.31352964,55.37716116,
,218.88,218.88,218.88,218.88,0.0,2002-10-09,217.143,51.06922838,48.93077162,44.72942028,
,219.33,219.33,219.33,219.33,0.0,2002-10-10,217.21248,59.81591251,40.18408749,39.70990123,
,219.26,219.26,219.26,219.26,0.0,2002-10-11,217.3395312,57.80665877,42.19334123,34.89058449,
,219.38,219.38,219.38,219.38,0.0,2002-10-18,217.4589593,60.63980209,39.36019791,32.16838843,
,219.16,219.16,219.16,219.16,0.0,2002-10-21,217.6126426,52.55305207,47.44694793,26.75593157,
,219.69,219.69,219.69,219.69,0.0,2002-10-22,217.7540312,66.14769243,33.85230757,27.86382223,
,220.03,220.03,220.03,220.03,0.0,2002-10-23,217.9476281,72.47240475,27.52759525,31.28001968,
,221.08,221.08,221.08,221.08,0.0,2002-10-24,218.1975127,84.00700726,15.99299274,38.62681865,
,220.78,220.78,220.78,220.78,0.0,2002-10-25,218.6010609,73.0718194,26.9281806,40.13018268,
,220.97,220.97,220.97,220.97,0.0,2002-10-28,218.9481124,75.58755172,24.41244828,42.33916683,
,223.11,223.11,223.11,223.11,0.0,2002-10-29,219.2465767,89.45607077,10.54392923,49.65376177,
,224.33,224.33,224.33,224.33,0.0,2002-10-30,219.8647244,92.49452652,7.505473481,56.72082003,
,225.4,225.4,225.4,225.4,0.0,2002-10-31,220.668474,94.29642888,5.703571118,63.09522757,
,225.65,225.65,225.65,225.65,0.0,2002-11-01,221.6147792,94.67013935,5.329860653,68.3442378,
,224.29,224.29,224.29,224.29,0.0,2002-11-07,222.4218234,65.49070001,34.50929999,60.87167024,
,223.94,223.94,223.94,223.94,0.0,2002-11-08,223.0674587,59.58291327,40.41708673,52.5305015,
,222.97,222.97,222.97,222.97,0.0,2002-11-11,225.65,45.39628489,54.60371511,43.86588725,
,222.67,222.67,222.67,222.67,0.0,2002-11-12,225.5964,41.56984095,58.43015905,38.46477342,
,222.49,222.49,222.49,222.49,0.0,2002-11-13,225.479344,39.09815885,60.90184115,35.1325552,
,221.57,221.57,221.57,221.57,0.0,2002-11-14,225.2999834,28.33458597,71.66541403,36.77220977,
,220.73,220.73,220.73,220.73,0.0,2002-11-15,225.0015847,21.56038433,78.43961567,40.79361408,
,220.59,220.59,220.59,220.59,0.0,2002-11-18,224.5744262,20.53745275,79.46254725,44.41991017,
,220.37,220.37,220.37,220.37,0.0,2002-11-19,224.0962951,18.78662466,81.21337534,48.02127827,
,220.43,220.43,220.43,220.43,0.0,2002-11-20,223.5746138,21.0802435,78.9197565,49.98492521,
,219.25,219.25,219.25,219.25,0.0,2002-11-21,223.1259678,12.44200925,87.55799075,55.01113647,
,217.36,217.36,217.36,217.36,0.0,2002-11-22,222.505813,6.834670835,93.16532916,61.27504084,
,217.1,217.1,217.1,217.1,0.0,2002-11-25,221.5795666,6.343096582,93.65690342,66.48279404,
,217.11,217.11,217.11,217.11,0.0,2002-11-26,220.6836533,6.665833645,93.33416636,70.51990178,
,217.31,217.31,217.31,217.31,0.0,2002-11-27,219.9669227,14.06870832,85.93129168,70.78843809,
,217.44,217.44,217.44,217.44,0.0,2002-11-28,219.3935381,19.27120243,80.72879757,68.9222695,
,216.98,216.98,216.98,216.98,0.0,2002-12-02,218.9348305,15.20069764,84.79930236,69.05753655,
,216.26,216.26,216.26,216.26,0.0,2002-12-03,218.5438644,10.75576315,89.24423685,70.94372398,
,216.75,216.75,216.75,216.75,0.0,2002-12-04,218.0870915,28.53354855,71.46645145,65.34155976,
,217.2,217.2,217.2,217.2,0.0,2002-12-05,217.7216732,41.8346666,58.1653334,55.53938117,
,216.79,216.79,216.79,216.79,0.0,2002-12-06,217.4293386,34.51800495,65.48199505,50.62430296,
,216.29,216.29,216.29,216.29,0.0,2002-12-09,217.2,27.25232346,72.74767654,49.59851298,
,215.97,215.97,215.97,215.97,0.0,2002-12-10,217.012,23.32464677,76.67535323,50.34895168,
,215.87,215.87,215.87,215.87,0.0,2002-12-11,216.8036,22.08150434,77.91849566,51.4465596,
,214.97,214.97,214.97,214.97,0.0,2002-12-12,216.61688,13.8044305,86.1955695,55.63547548,
,214.27,214.27,214.27,214.27,0.0,2002-12-16,216.287504,10.11736325,89.88263675,60.46143509,
,214.34,214.34,214.34,214.34,0.0,2002-12-17,215.8840032,13.02128924,86.97871076,63.16063237,
,208.08,208.08,208.08,208.08,0.0,2002-12-18,215.5612026,2.823613007,97.17638699,69.3990607,
,207.35,207.35,207.35,207.35,0.0,2002-12-19,214.34,2.534302488,97.46569751,74.50552756,
,206.57,206.57,206.57,206.57,0.0,2002-12-20,212.942,2.229234548,97.77076545,78.71272823,
,206.43,206.43,206.43,206.43,0.0,2002-12-23,211.6676,2.170612121,97.82938788,82.10193774,
,206.8,206.8,206.8,206.8,0.0,2002-12-24,210.62008,9.990161211,90.00983879,81.6854857,
,206.62,206.62,206.62,206.62,0.0,2002-12-25,209.782064,9.52708425,90.47291575,81.53755486,
,204.77,204.77,204.77,204.77,0.0,2002-12-30,209.1116512,5.971179903,94.0288201,82.84157193,
,204.44,204.44,204.44,204.44,0.0,2002-12-31,208.243321,5.512420843,94.48757916,84.06828921,
,204.1,204.1,204.1,204.1,0.0,2003-01-01,207.4826568,5.016096713,94.98390329,85.24819268,
,203.61,203.61,203.61,203.61,0.0,2003-01-02,206.8061254,4.31603662,95.68396338,86.4721395,
,202.37,202.37,202.37,202.37,0.0,2003-01-07,206.1669003,2.994182972,97.00581703,87.98003841,
,200.82,200.82,200.82,200.82,0.0,2003-01-13,205.4075203,2.02509428,97.97490572,89.57399301,
,198.55,198.55,198.55,198.55,0.0,2003-01-22,204.4900162,1.271643662,98.72835634,91.15053695,
,198.78,198.78,198.78,198.78,0.0,2003-01-23,203.302013,5.7145408,94.2854592,90.63461324,
,198.44,198.44,198.44,198.44,0.0,2003-01-24,202.3516104,5.275831946,94.72416805,90.39735781,
,199.03,199.03,199.03,199.03,0.0,2003-01-27,201.5692883,18.79796172,81.20203828,84.79870156,
,199.52,199.52,199.52,199.52,0.0,2003-01-28,200.9434306,29.27863149,70.72136851,76.12750865,
,199.78,199.78,199.78,199.78,0.0,2003-01-29,200.4427445,34.85546142,65.14453858,66.95982235,
,203.54,203.54,203.54,203.54,0.0,2003-01-31,198.44,73.14159362,26.85840638,62.82449533,
,213.3,213.3,213.3,213.3,0.0,2003-02-03,198.542,90.76056964,9.239430362,66.56382412,
,225.96,225.96,225.96,225.96,0.0,2003-02-04,199.13232,95.5227491,4.477250902,71.46015893,
,227.4,227.4,227.4,227.4,0.0,2003-02-05,200.7419808,95.82845006,4.171549939,75.49950717,
,220.59,220.59,220.59,220.59,0.0,2003-02-06,202.8746223,68.27202875,31.72797125,67.70841724,
,217.14,217.14,217.14,217.14,0.0,2003-02-07,204.8366525,57.75485915,42.24514085,57.26867745,
,215.18,215.18,215.18,215.18,0.0,2003-02-10,206.6417203,52.05971354,47.94028646,46.63882738,
,213.7,213.7,213.7,213.7,0.0,2003-02-11,208.3023827,47.62685508,52.37314492,38.26031987,
,213.3,213.3,213.3,213.3,0.0,2003-02-12,209.8301921,46.29509688,53.70490312,32.09021714,
,211.52,211.52,211.52,211.52,0.0,2003-02-13,211.2357767,40.06358652,59.93641348,29.64673911,
,211.21,211.21,211.21,211.21,0.0,2003-02-14,227.4,38.92303036,61.07696964,28.14817914,
,211.28,211.28,211.28,211.28,0.0,2003-02-17,227.0762,39.40990243,60.59009757,26.75458234,
,211.9,211.9,211.9,211.9,0.0,2003-02-18,226.758876,44.32363914,55.67636086,23.67421022,
,211.3,211.3,211.3,211.3,0.0,2003-02-20,226.4478985,40.36384728,59.63615272,22.79382926,
,211.04,211.04,211.04,211.04,0.0,2003-02-21,226.1431405,38.50073889,61.49926111,22.83476785,
,211.99,211.99,211.99,211.99,0.0,2003-02-24,225.5390149,49.20846343,50.79153657,18.58442891,
,211.53,211.53,211.53,211.53,0.0,2003-02-25,224.9590543,44.51710666,55.48289334,17.06070047,
,210.59,210.59,210.59,210.59,0.0,2003-02-26,224.4022921,35.79920323,64.20079677,19.32887908,
,209.37,209.37,209.37,209.37,0.0,2003-02-27,223.5735546,27.1677973,72.8322027,24.59598435,
,209.26,209.26,209.26,209.26,0.0,2003-02-28,222.4372702,26.44907433,73.55092567,29.09715775,
,209.19,209.19,209.19,209.19,0.0,2003-03-03,221.1195432,25.90395873,74.09604127,32.9161427,
,208.54,208.54,208.54,208.54,0.0,2003-03-04,219.687998,20.90338276,79.09661724,37.97156106,
,207.15,207.15,207.15,207.15,0.0,2003-03-11,218.1272783,13.78834198,86.21165802,44.86191206,
,207.18,207.18,207.18,207.18,0.0,2003-03-12,216.3709138,14.57280671,85.42719329,50.06040696,
,207.24,207.24,207.24,207.24,0.0,2003-03-13,214.8955676,16.47289964,83.52710036,53.45916571,
,209.66,209.66,209.66,209.66,0.0,2003-03-14,213.6562768,60.62605586,39.37394414,47.01775491,
,210.1,210.1,210.1,210.1,0.0,2003-03-18,212.6152725,64.8490349,35.1509651,43.55381789,
,212.68,212.68,212.68,212.68,0.0,2003-03-19,207.15,80.31989499,19.68010501,46.97101231,
,214.09,214.09,214.09,214.09,0.0,2003-03-20,207.2606,84.86922787,15.13077213,51.52450099,
,217.32,217.32,217.32,217.32,0.0,2003-03-21,207.533776,90.89567607,9.104323925,57.57787123,
,217.39,217.39,217.39,217.39,0.0,2003-03-24,208.1209494,90.99285963,9.007140366,62.45944083,
,216.72,216.72,216.72,216.72,0.0,2003-03-25,208.8624735,80.68802643,19.31197357,62.24276324,
,213.87,213.87,213.87,213.87,0.0,2003-03-26,209.5446756,50.36194846,49.63805154,49.93898998,
,212.76,212.76,212.76,212.76,0.0,2003-03-27,210.1723016,42.57223115,57.42776885,42.92229952,
,212.36,212.36,212.36,212.36,0.0,2003-03-28,210.7497174,39.7992848,60.2007152,38.4181257,
,214.84,214.84,214.84,214.84,0.0,2003-03-31,211.28094,59.99412841,40.00587159,34.73215192,
,216.71,216.71,216.71,216.71,0.0,2003-04-01,211.7696648,69.60463272,30.39536728,35.62757462,
,216.69,216.69,216.69,216.69,0.0,2003-04-02,212.2192916,69.38180642,30.61819358,36.25478226,
,214.08,214.08,214.08,214.08,0.0,2003-04-10,212.6329483,45.57952378,54.42047622,30.7720163,
,213.68,213.68,213.68,213.68,0.0,2003-04-15,213.0135125,42.76873077,57.23126923,27.51012073,
,211.37,211.37,211.37,211.37,0.0,2003-04-17,217.39,29.59435679,70.40564321,30.17035387,
,211.41,211.41,211.41,211.41,0.0,2003-04-18,217.2696,30.06067576,69.93932424,32.11201279,
,210.32,210.32,210.32,210.32,0.0,2003-04-21,217.151608,24.52717825,75.47282175,35.87873893,
,209.43,209.43,209.43,209.43,0.0,2003-04-22,216.8783437,20.64790408,79.35209592,40.44382951,
,209.49,209.49,209.49,209.49,0.0,2003-04-23,216.4314431,21.69162018,78.30837982,43.67841554,
,208.97,208.97,208.97,208.97,0.0,2003-04-24,216.0113565,18.98625772,81.01374228,47.34822934,
,209.69,209.69,209.69,209.69,0.0,2003-04-25,215.448048,33.36919791,66.63080209,44.53090431,
,209.23,209.23,209.23,209.23,0.0,2003-04-28,214.9298041,29.22551511,70.77448489,43.9345174,
,209.41,209.41,209.41,209.41,0.0,2003-04-29,214.4530198,33.27811501,66.72188499,41.83636792,
,209.17,209.17,209.17,209.17,0.0,2003-04-30,214.0143782,30.37891596,69.62108404,41.31752795,
,209.56,209.56,209.56,209.56,0.0,2003-05-01,213.610828,40.84684166,59.15315834,36.7152857,
,209.62,209.62,209.62,209.62,0.0,2003-05-02,213.2395617,42.50916359,57.49083641,32.36856312,
,209.51,209.51,209.51,209.51,0.0,2003-05-05,212.8979968,39.93719198,60.06280802,29.91997371,
,209.37,209.37,209.37,209.37,0.0,2003-05-06,212.583757,36.43052589,63.56947411,29.36376861,
,209.01,209.01,209.01,209.01,0.0,2003-05-07,212.2946565,28.41187564,71.58812436,32.12626463,
,208.48,208.48,208.48,208.48,0.0,2003-05-08,212.028684,20.22111397,79.77888603,37.61256612,
,208.2,208.2,208.2,208.2,0.0,2003-05-09,211.6738156,16.98713809,83.01286191,43.29519766,
,207.84,207.84,207.84,207.84,0.0,2003-05-12,211.2569577,13.51369432,86.48630568,49.2306804,
,207.8,207.8,207.8,207.8,0.0,2003-05-13,210.7785836,13.14051301,86.85948699,54.12833912,
,207.45,207.45,207.45,207.45,0.0,2003-05-14,210.3020102,10.09225313,89.90774687,59.26577004,
,208.09,208.09,208.09,208.09,0.0,2003-05-15,209.7886484,41.24547328,58.75452672,50.91442672,
,208.31,208.31,208.31,208.31,0.0,2003-05-19,209.3676917,48.85963922,51.14036078,41.18768569,
,207.85,207.85,207.85,207.85,0.0,2003-05-20,209.0225072,36.49759237,63.50240763,38.3511116,
,207.61,207.61,207.61,207.61,0.0,2003-05-21,208.7394559,31.32820513,68.67179487,38.14960723,
,208.04,208.04,208.04,208.04,0.0,2003-05-22,208.5073538,47.8655815,52.1344185,31.37345318,
,208.3,208.3,208.3,208.3,0.0,2003-05-23,208.3170301,55.89354315,44.10645685,27.45617981,
,208.76,208.76,208.76,208.76,0.0,2003-05-26,207.45,67.09812974,32.90187026,28.80419574,
,208.8,208.8,208.8,208.8,0.0,2003-05-27,207.4762,67.98222089,32.01777911,30.23624495,
,208.88,208.88,208.88,208.88,0.0,2003-05-28,207.529152,69.99766832,30.00233168,32.18806328,
,209.1,209.1,209.1,209.1,0.0,2003-05-29,207.6102029,75.33479696,24.66520304,35.88436941,
,209.74,209.74,209.74,209.74,0.0,2003-06-02,207.7293866,85.02302123,14.97697877,42.71670402,
,209.48,209.48,209.48,209.48,0.0,2003-06-03,207.930448,70.88422403,29.11577597,42.52705283,
,209.35,209.35,209.35,209.35,0.0,2003-06-04,208.1114032,64.2105869,35.7894131,39.70587702,
,209.09,209.09,209.09,209.09,0.0,2003-06-05,208.2742629,51.97676272,48.02323728,32.55540671,
,208.99,208.99,208.99,208.99,0.0,2003-06-06,208.4208366,47.61523909,52.38476091,26.99822973,
,208.95,208.95,208.95,208.95,0.0,2003-06-09,208.5527529,45.69791558,54.30208442,23.31941755,
,208.49,208.49,208.49,208.49,0.0,2003-06-10,209.74,28.944012,71.055988,27.07792924,
,208.39,208.39,208.39,208.39,0.0,2003-06-11,209.715,26.32169245,73.67830755,31.13366642,
,207.99,207.99,207.99,207.99,0.0,2003-06-12,209.662,18.11542828,81.88457172,37.66076182,
,207.65,207.65,207.65,207.65,0.0,2003-06-13,209.56168,13.60779654,86.39220346,44.68549084,
,207.43,207.43,207.43,207.43,0.0,2003-06-16,209.4087456,11.32795302,88.67204698,51.21721147,
,206.82,206.82,206.82,206.82,0.0,2003-06-17,209.210871,7.166521169,92.83347883,58.10716071,
,206.47,206.47,206.47,206.47,0.0,2003-06-18,208.9239665,5.672071572,94.32792843,64.21689994,
,206.0,206.0,206.0,206.0,0.0,2003-06-19,208.5804112,4.201422464,95.79857754,69.69295096,
,205.92,205.92,205.92,205.92,0.0,2003-06-20,208.1675454,3.981765401,96.0182346,74.16165461,
,205.48,205.48,205.48,205.48,0.0,2003-06-23,207.7629872,2.928983434,97.07101657,78.15773031,
,205.3,205.3,205.3,205.3,0.0,2003-06-24,207.3063898,2.58013623,97.41986377,81.49412976,
,204.93,204.93,204.93,204.93,0.0,2003-06-25,206.9051118,1.975563496,98.0244365,84.40507841,
,204.86,204.86,204.86,204.86,0.0,2003-06-26,206.5100895,1.871839134,98.12816087,86.77532707,
,205.82,205.82,205.82,205.82,0.0,2003-06-27,206.1800716,48.35531623,51.64468377,70.07813517,
,205.67,205.67,205.67,205.67,0.0,2003-06-30,205.9160573,44.26035426,55.73964574,58.35836643,
,205.12,205.12,205.12,205.12,0.0,2003-07-01,205.82,31.88467423,68.11532577,53.93282345,
,204.27,204.27,204.27,204.27,0.0,2003-07-02,205.67,20.70221622,79.29778378,54.86537227,
,204.61,204.61,204.61,204.61,0.0,2003-07-03,205.39,32.53307366,67.46692634,50.87906835,
,204.4,204.4,204.4,204.4,0.0,2003-07-04,205.166,29.17273736,70.82726264,49.03415974,
,204.18,204.18,204.18,204.18,0.0,2003-07-08,204.9868,25.69695404,74.30304596,48.94854618,
,203.86,203.86,203.86,203.86,0.0,2003-07-09,204.82544,21.1214707,78.8785293,50.71024866,
,203.78,203.78,203.78,203.78,0.0,2003-07-10,204.632352,20.00816942,79.99183058,52.56493116,
,203.79,203.79,203.79,203.79,0.0,2003-07-11,204.4618816,20.6615889,79.3384111,53.78730937,
,204.44,204.44,204.44,204.44,0.0,2003-07-14,203.78,52.31198096,47.68801904,43.95463988,
,205.46,205.46,205.46,205.46,0.0,2003-07-15,203.79,73.24677157,26.75322843,44.46242053,
,204.82,204.82,204.82,204.82,0.0,2003-07-16,203.8568,54.4865339,45.5134661,37.36454998,
,204.41,204.41,204.41,204.41,0.0,2003-07-17,203.920928,45.21332239,54.78667761,31.80631103,
,204.31,204.31,204.31,204.31,0.0,2003-07-18,203.9824909,42.98301846,57.01698154,28.25184144,
,203.69,203.69,203.69,203.69,0.0,2003-07-21,205.46,31.09538768,68.90461232,30.16331808,
,203.56,203.56,203.56,203.56,0.0,2003-07-22,205.4246,28.99372015,71.00627985,32.5331664,
,203.54,203.54,203.54,203.54,0.0,2003-07-23,205.350016,28.62170536,71.37829464,34.57785098,
,203.29,203.29,203.29,203.29,0.0,2003-07-24,205.241415,23.84183641,76.15816359,38.12554622,
,205.63,205.63,205.63,205.63,0.0,2003-08-11,203.29,74.21791591,25.78208409,40.18760334,
,206.21,206.21,206.21,206.21,0.0,2003-08-13,203.29,78.603042,21.396958,43.59129947,
,206.57,206.57,206.57,206.57,0.0,2003-08-14,203.4068,81.09745756,18.90254244,47.3120226,
,207.92,207.92,207.92,207.92,0.0,2003-08-15,203.596592,87.77689211,12.22310789,52.96037493,
,208.52,208.52,208.52,208.52,0.0,2003-08-18,203.9424646,89.782676,10.217324,58.28137034,
,209.25,209.25,209.25,209.25,0.0,2003-08-20,204.4002182,91.82329695,8.176703053,63.35441505,
,210.11,210.11,210.11,210.11,0.0,2003-08-21,204.982192,93.68160448,6.318395517,68.15617383,
,210.42,210.42,210.42,210.42,0.0,2003-08-22,205.7000851,94.26852467,5.731475333,72.23234893,
,211.54,211.54,211.54,211.54,0.0,2003-08-25,206.4552715,95.96234622,4.037653779,76.17081764,
,211.22,211.22,211.22,211.22,0.0,2003-08-26,207.3705226,86.80083536,13.19916464,75.65698825,
,209.81,209.81,209.81,209.81,0.0,2003-08-27,208.1210286,56.88761741,43.11238259,63.28063756,
,206.52,206.52,206.52,206.52,0.0,2003-08-28,211.54,28.37091277,71.62908723,59.27614494,
,205.32,205.32,205.32,205.32,0.0,2003-08-29,211.4396,23.09304846,76.90695154,58.18369657,
,203.18,203.18,203.18,203.18,0.0,2003-09-01,211.194816,16.32370896,83.67629104,60.01747367,
,202.41,202.41,202.41,202.41,0.0,2003-09-02,210.713927,14.42225752,85.57774248,62.24507593,
,201.65,201.65,201.65,201.65,0.0,2003-09-03,210.0496129,12.61002024,87.38997976,64.75205264,
,202.45,202.45,202.45,202.45,0.0,2003-09-04,209.2096516,25.0087897,74.9912103,61.79812624,
,204.44,204.44,204.44,204.44,0.0,2003-09-05,208.4536864,47.96446497,52.03553503,50.252715,
,204.36,204.36,204.36,204.36,0.0,2003-09-08,207.7733178,47.23782954,52.76217046,41.30704018,
,205.02,205.02,205.02,205.02,0.0,2003-09-10,207.160986,54.36701345,45.63298655,34.79243753,
,206.11,206.11,206.11,206.11,0.0,2003-09-11,206.6098874,64.31966258,35.68033742,33.56181506,
,207.54,207.54,207.54,207.54,0.0,2003-09-12,201.65,73.71938259,26.28061741,36.33720508,
,208.0,208.0,208.0,208.0,0.0,2003-09-15,201.7678,76.23662947,23.76337053,39.56441585,
,208.32,208.32,208.32,208.32,0.0,2003-09-16,202.017088,78.06370183,21.93629817,42.87701341,
,208.46,208.46,208.46,208.46,0.0,2003-09-17,202.3952627,78.94884145,21.05115855,45.88114731,
,208.07,208.07,208.07,208.07,0.0,2003-09-18,202.8804417,69.22264153,30.77735847,44.39397446,
,207.58,207.58,207.58,207.58,0.0,2003-09-19,203.3268064,58.00061014,41.99938986,38.71542362,
,207.43,207.43,207.43,207.43,0.0,2003-09-22,203.7374619,54.61277148,45.38722852,32.81744749,
,207.41,207.41,207.41,207.41,0.0,2003-09-23,204.1152649,54.08623837,45.91376163,27.88845334,
,206.58,206.58,206.58,206.58,0.0,2003-09-24,204.4628437,36.05418286,63.94581714,27.88908952,
,206.59,206.59,206.59,206.59,0.0,2003-09-25,204.7826162,36.37365088,63.62634912,27.76181127,
,207.08,207.08,207.08,207.08,0.0,2003-09-26,205.0768069,51.28150667,48.71849333,22.72205168,
,206.84,206.84,206.84,206.84,0.0,2003-09-29,205.3474624,44.84801712,55.15198288,20.2384345,
,206.83,206.83,206.83,206.83,0.0,2003-09-30,205.5964654,44.55687881,55.44312119,18.36799607,
,206.96,206.96,206.96,206.96,0.0,2003-10-01,205.8255481,49.84744925,50.15255075,14.75541716,
,206.58,206.58,206.58,206.58,0.0,2003-10-08,206.0363043,36.96065827,63.03934173,17.02007042,
,207.03,207.03,207.03,207.03,0.0,2003-10-09,206.2302,54.40800439,45.59199561,15.37925809,
,206.93,206.93,206.93,206.93,0.0,2003-10-10,206.408584,50.5237241,49.4762759,12.51289612,
,206.93,206.93,206.93,206.93,0.0,2003-10-13,206.5726972,50.5237241,49.4762759,10.21980653,
,207.03,207.03,207.03,207.03,0.0,2003-10-14,206.7236815,55.48891521,44.51108479,10.37141131,
,207.06,207.06,207.06,207.06,0.0,2003-10-15,206.8625869,57.10325365,42.89674635,11.13843051,
,207.6,207.6,207.6,207.6,0.0,2003-10-16,206.99038,76.37890233,23.62109767,19.46230534,
,207.54,207.54,207.54,207.54,0.0,2003-10-17,207.06,71.89213514,28.10786486,24.32669833,
,207.61,207.61,207.61,207.61,0.0,2003-10-20,207.172,74.11006536,25.88993464,29.10538481,
,207.81,207.81,207.81,207.81,0.0,2003-10-21,207.27504,79.80210689,20.19789311,35.2051506,
,207.16,207.16,207.16,207.16,0.0,2003-10-22,208.46,42.15280355,57.84719645,31.30299906,
,207.31,207.31,207.31,207.31,0.0,2003-10-23,208.434,49.08226634,50.91773366,25.40949271,
,207.52,207.52,207.52,207.52,0.0,2003-10-24,208.40852,57.90638811,42.09361189,23.49014942,
,207.49,207.49,207.49,207.49,0.0,2003-10-29,208.3835496,56.16816843,43.83183157,21.25938691,
,207.46,207.46,207.46,207.46,0.0,2003-10-30,208.3590786,54.1368357,45.8631643,18.66224381,
,207.65,207.65,207.65,207.65,0.0,2003-10-31,208.335097,64.34510878,35.65489122,20.66783856,
,207.8,207.8,207.8,207.8,0.0,2003-11-03,208.3115951,70.76634992,29.23365008,24.84081082,
,208.1,208.1,208.1,208.1,0.0,2003-11-04,208.2885632,79.84213791,20.15786209,31.80950382,
,207.57,207.57,207.57,207.57,0.0,2003-11-05,208.2659919,47.36740808,52.63259192,26.50063982,
,207.31,207.31,207.31,207.31,0.0,2003-11-06,208.2438721,37.91169854,62.08830146,26.03583244,
,207.28,207.28,207.28,207.28,0.0,2003-11-07,208.2221946,36.85069198,63.14930802,26.08838916,
,207.04,207.04,207.04,207.04,0.0,2003-11-10,208.2009508,28.79269437,71.20730563,29.35363358,
,207.15,207.15,207.15,207.15,0.0,2003-11-11,208.1545127,36.72022404,63.27977596,28.79481725,
,207.23,207.23,207.23,207.23,0.0,2003-11-12,208.1099322,42.5361073,57.4638927,26.02141088,
,206.67,206.67,206.67,206.67,0.0,2003-11-13,208.0671349,23.57628716,76.42371284,31.38661384,
,206.21,206.21,206.21,206.21,0.0,2003-11-14,207.9833068,16.17390882,83.82609118,38.63972755,
,206.33,206.33,206.33,206.33,0.0,2003-11-17,207.8414423,23.95921805,76.04078195,41.32809482,
,206.45,206.45,206.45,206.45,0.0,2003-11-18,207.7109269,31.86878651,68.13121349,40.31496125,
,206.72,206.72,206.72,206.72,0.0,2003-11-19,207.5908528,47.28926413,52.71073587,33.33626335,
,206.4,206.4,206.4,206.4,0.0,2003-11-20,207.4803845,35.41441705,64.58558295,32.50324386,
,206.0,206.0,206.0,206.0,0.0,2003-11-21,207.3787538,25.43480088,74.56519912,35.82867473,
,205.83,205.83,205.83,205.83,0.0,2003-11-24,207.2408784,22.12291719,77.87708281,39.81377291,
,207.01,207.01,207.01,207.01,0.0,2003-11-25,207.071573,63.43403173,36.56596827,37.22463102,
,207.13,207.13,207.13,207.13,0.0,2003-11-26,205.83,65.74398567,34.25601433,36.07729909,
,206.76,206.76,206.76,206.76,0.0,2003-11-27,205.856,52.87111985,47.12888015,30.01028721,
,206.52,206.52,206.52,206.52,0.0,2003-11-28,205.88148,45.6273594,54.3726406,25.757286,
,205.89,205.89,205.89,205.89,0.0,2003-12-01,207.13,31.47675826,68.52324174,28.0151255,
,205.82,205.82,205.82,205.82,0.0,2003-12-02,207.1052,30.17691239,69.82308761,30.34133544,
,206.22,206.22,206.22,206.22,0.0,2003-12-03,207.053792,46.08119499,53.91880501,25.84059036,
,206.04,206.04,206.04,206.04,0.0,2003-12-04,207.0044403,40.84755732,59.15244268,24.33344936,
,205.43,205.43,205.43,205.43,0.0,2003-12-05,206.9570627,27.57895726,72.42104274,28.43517658,
,206.28,206.28,206.28,206.28,0.0,2003-12-08,206.8654389,53.74803068,46.25196932,24.24735354,
,206.4,206.4,206.4,206.4,0.0,2003-12-09,206.7793126,56.5205822,43.4794178,22.00611571,
,206.35,206.35,206.35,206.35,0.0,2003-12-10,206.6983539,54.8093734,45.1906266,19.52864193,
,206.42,206.42,206.42,206.42,0.0,2003-12-11,206.6222526,57.08322196,42.91677804,18.45620233,
,202.47,202.47,202.47,202.47,0.0,2003-12-12,206.5507175,12.54815483,87.45184517,29.74569993,
,201.94,201.94,201.94,201.94,0.0,2003-12-15,206.42,11.09618939,88.90381061,39.35808419,
,201.88,201.88,201.88,201.88,0.0,2003-12-16,205.972,10.91742459,89.08257541,47.11949752,
,201.5,201.5,201.5,201.5,0.0,2003-12-17,205.48096,9.682506121,90.31749388,53.82259556,
,201.56,201.56,201.56,201.56,0.0,2003-12-18,204.9236256,11.65483146,88.34516854,58.39614387,
,201.54,201.54,201.54,201.54,0.0,2003-12-19,204.444318,11.54973995,88.45026005,62.09701911,
,201.51,201.51,201.51,201.51,0.0,2003-12-22,204.0321135,11.35771664,88.64228336,65.13452863,
,201.29,201.29,201.29,201.29,0.0,2003-12-23,203.6776176,9.855682269,90.14431773,68.16535,
,201.22,201.22,201.22,201.22,0.0,2003-12-24,203.2955988,9.363191472,90.63680853,70.78700341,
,201.52,201.52,201.52,201.52,0.0,2003-12-25,202.921991,28.50282212,71.49717788,65.22847388,
,201.65,201.65,201.65,201.65,0.0,2003-12-26,202.6156326,35.8414611,64.1585389,57.84619467,
,202.23,202.23,202.23,202.23,0.0,2003-12-29,202.3644188,59.19780307,40.80219693,49.95607696,
,201.23,201.23,201.23,201.23,0.0,2003-12-30,202.23,33.17200345,66.82799655,46.69606019,
,201.57,201.57,201.57,201.57,0.0,2003-12-31,202.23,43.69285575,56.30714425,39.87970585,
,201.88,201.88,201.88,201.88,0.0,2004-01-01,202.0482,52.25885619,47.74114381,32.80730715,
,201.52,201.52,201.52,201.52,0.0,2004-01-02,201.899124,42.80587508,57.19412492,29.12349569,
,201.51,201.51,201.51,201.51,0.0,2004-01-05,201.88,42.53869714,57.46130286,26.2833177,
,201.82,201.82,201.82,201.82,0.0,2004-01-06,201.22,53.72974612,46.27025388,22.5185526,
,201.51,201.51,201.51,201.51,0.0,2004-01-07,201.232,43.2103049,56.7896951,20.73072012,
,201.46,201.46,201.46,201.46,0.0,2004-01-08,201.24376,41.56944888,58.43055112,19.95679655,
,200.84,200.84,200.84,200.84,0.0,2004-01-09,201.82,26.16746884,73.83253116,25.4984497,
,201.34,201.34,201.34,201.34,0.0,2004-01-12,201.8004,46.24497223,53.75502777,21.90077087,
,202.19,202.19,202.19,202.19,0.0,2004-01-13,200.84,65.93163714,34.06836286,23.89327155,
,201.95,201.95,201.95,201.95,0.0,2004-01-14,200.867,58.3849507,41.6150493,22.46859752,
,202.65,202.65,202.65,202.65,0.0,2004-01-15,200.89346,70.63801415,29.36198585,26.23008368,
,204.41,204.41,204.41,204.41,0.0,2004-01-16,200.9637216,84.75001048,15.24998952,34.88407113,
,206.02,206.02,206.02,206.02,0.0,2004-01-19,201.1704983,90.15859286,9.841407135,43.97069405,
,207.8,207.8,207.8,207.8,0.0,2004-01-20,201.5584584,93.39563879,6.604361207,52.53481076,
,207.89,207.89,207.89,207.89,0.0,2004-01-21,202.1826126,93.53013784,6.469862159,59.43990374,
,210.13,210.13,210.13,210.13,0.0,2004-01-22,202.8674991,96.03946671,3.96053329,65.96770968,
,212.23,212.23,212.23,212.23,0.0,2004-01-23,203.8842492,97.27706778,2.722932222,71.68499485,
,212.96,212.96,212.96,212.96,0.0,2004-01-26,205.2195693,97.60259149,2.39740851,76.38903248,
,211.77,211.77,211.77,211.77,0.0,2004-01-27,206.6128469,78.4838178,21.5161822,72.5047531,
,211.47,211.47,211.47,211.47,0.0,2004-01-28,207.7553344,73.92082488,26.07917512,67.57213244,
,211.39,211.39,211.39,211.39,0.0,2004-01-29,208.6921742,72.51549197,27.48450803,63.06390274,
,211.11,211.11,211.11,211.11,0.0,2004-02-02,209.4603829,66.94718949,33.05281051,57.22999799,
,211.24,211.24,211.24,211.24,0.0,2004-02-03,210.090314,68.35732406,31.64267594,53.12692801,
,211.43,211.43,211.43,211.43,0.0,2004-02-04,210.6068574,70.64529325,29.35470675,50.75965971,
,211.28,211.28,211.28,211.28,0.0,2004-02-05,211.0304231,65.9401326,34.0598674,46.98378081,
,211.48,211.48,211.48,211.48,0.0,2004-02-06,211.28,69.34317351,30.65682649,45.32429405,
,211.18,211.18,211.18,211.18,0.0,2004-02-09,212.96,58.40222695,41.59777305,39.62032602,
,211.07,211.07,211.07,211.07,0.0,2004-02-10,212.9244,54.46364971,45.53635029,33.4817207,
,210.54,210.54,210.54,210.54,0.0,2004-02-13,212.850224,38.73203058,61.26796942,31.29256433,
,210.69,210.69,210.69,210.69,0.0,2004-02-16,212.7116106,44.41232201,55.58767799,27.26912266,
,210.6,210.6,210.6,210.6,0.0,2004-02-17,212.5813139,41.52492035,58.47507965,25.20532999,
,210.56,210.56,210.56,210.56,0.0,2004-02-20,212.4588351,40.07738044,59.92261956,24.13331182,
,210.45,210.45,210.45,210.45,0.0,2004-02-23,212.343705,35.78881746,64.21118254,24.99112247,
,210.04,210.04,210.04,210.04,0.0,2004-02-24,212.1922086,23.88220769,76.11779231,30.4400149,
,209.15,209.15,209.15,209.15,0.0,2004-02-26,211.9769877,12.5515613,87.4484387,39.3313874,
,208.87,208.87,208.87,208.87,0.0,2004-02-27,211.6377492,10.57795713,89.42204287,47.23392707,
,208.68,208.68,208.68,208.68,0.0,2004-03-01,211.2502643,9.333165006,90.66683499,54.05387565,
,208.75,208.75,208.75,208.75,0.0,2004-03-02,210.839022,13.99414764,86.00585236,57.64544147,
,208.82,208.82,208.82,208.82,0.0,2004-03-03,210.4935785,19.18716061,80.81283939,58.44148893,
,208.76,208.76,208.76,208.76,0.0,2004-03-04,210.2034059,18.02131484,81.97868516,59.5446652,
,208.41,208.41,208.41,208.41,0.0,2004-03-05,209.959661,12.48831161,87.51168839,62.64040752,
,208.09,208.09,208.09,208.09,0.0,2004-03-08,209.680722,9.244532071,90.75546793,66.41451319,
,208.26,208.26,208.26,208.26,0.0,2004-03-09,209.3625776,22.59576263,77.40423737,64.0933055,
,208.07,208.07,208.07,208.07,0.0,2004-03-10,209.1080621,18.74351478,81.25648522,63.77723849,
,207.73,207.73,207.73,207.73,0.0,2004-03-11,208.9004497,13.56899347,86.43100653,65.5941934,
,207.8,207.8,207.8,207.8,0.0,2004-03-12,208.6663597,19.30235273,80.69764727,64.75441363,
,207.85,207.85,207.85,207.85,0.0,2004-03-15,208.4790878,23.81460416,76.18539584,62.27768924,
,207.88,207.88,207.88,207.88,0.0,2004-03-16,208.3292702,26.88097091,73.11902909,59.06976303,
,208.16,208.16,208.16,208.16,0.0,2004-03-17,208.2094162,50.24456623,49.75543377,47.35363692,
,207.85,207.85,207.85,207.85,0.0,2004-03-18,208.16,34.83873067,65.16126933,43.94741727,
,207.07,207.07,207.07,207.07,0.0,2004-03-19,208.16,17.73541254,82.26458746,48.0637688,
,196.25,196.25,196.25,196.25,0.0,2004-03-26,207.942,1.864418513,98.13558149,57.70524763,
,196.34,196.34,196.34,196.34,0.0,2004-03-31,207.07,2.769093184,97.23090682,65.05656083,
,195.14,195.14,195.14,195.14,0.0,2004-04-01,204.906,2.400301973,97.59969803,71.08512788,
,195.17,195.17,195.17,195.17,0.0,2004-04-02,202.9528,2.804819872,97.19518013,75.74617435,
,196.14,196.14,196.14,196.14,0.0,2004-04-05,201.39024,16.7502716,83.2497284,73.89683084,
,197.32,197.32,197.32,197.32,0.0,2004-04-06,200.140192,31.66037724,68.33962276,66.45331378,
,198.87,198.87,198.87,198.87,0.0,2004-04-07,199.1401536,47.19035538,52.80964462,54.28650887,
,199.41,199.41,199.41,199.41,0.0,2004-04-08,195.14,51.94590527,48.05409473,44.2075692,
,199.53,199.53,199.53,199.53,0.0,2004-04-09,195.2254,53.11860156,46.88139844,36.61349599,
,201.22,201.22,201.22,201.22,0.0,2004-04-12,195.397584,67.20677647,32.79322353,36.17350738,
,202.94,202.94,202.94,202.94,0.0,2004-04-14,195.746929,76.27635868,23.72364132,39.44934937,
,202.1,202.1,202.1,202.1,0.0,2004-04-15,196.3223746,65.25841505,34.74158495,37.66284552,
,202.45,202.45,202.45,202.45,0.0,2004-04-16,196.8517847,67.68925485,32.31074515,37.20597835,
,202.72,202.72,202.72,202.72,0.0,2004-04-19,197.3388419,69.73148005,30.26851995,37.6573747,
,203.05,203.05,203.05,203.05,0.0,2004-04-20,197.7869345,72.3969507,27.6030493,39.08468004,
,203.16,203.16,203.16,203.16,0.0,2004-04-21,198.3132411,73.37391522,26.62608478,40.61731012,
,203.76,203.76,203.76,203.76,0.0,2004-04-22,198.8948522,78.55015575,21.44984425,43.9139104,
,204.06,204.06,204.06,204.06,0.0,2004-04-23,199.5759729,80.87402047,19.12597953,47.4807365,
,204.38,204.38,204.38,204.38,0.0,2004-04-26,200.2934172,83.2880985,16.7119015,51.2998286,
,204.6,204.6,204.6,204.6,0.0,2004-04-27,201.0290021,84.92345404,15.07654596,55.0092445,
,204.55,204.55,204.55,204.55,0.0,2004-04-28,201.7432017,82.6264449,17.3735551,57.05797356,
,205.26,205.26,205.26,205.26,0.0,2004-04-29,202.3145613,88.26191967,11.73808033,60.95114671,
,205.22,205.22,205.22,205.22,0.0,2004-04-30,202.9036491,86.29077793,13.70922207,63.27722854,
,205.07,205.07,205.07,205.07,0.0,2004-05-03,203.3749193,78.11344709,21.88655291,61.86716167,
,201.0,201.0,201.0,201.0,0.0,2004-05-05,205.26,18.53617973,81.46382027,62.07925744,
,201.12,201.12,201.12,201.12,0.0,2004-05-06,205.1748,20.76347127,79.23652873,61.35801745,
,201.27,201.27,201.27,201.27,0.0,2004-05-07,205.091304,24.00978146,75.99021854,59.48250137,
,201.49,201.49,201.49,201.49,0.0,2004-05-10,205.0094779,29.31875088,70.68124912,55.85850075,
,201.54,201.54,201.54,201.54,0.0,2004-05-11,204.9292884,30.69430844,69.30569156,52.40907722,
,204.35,204.35,204.35,204.35,0.0,2004-05-13,204.8507026,70.72206785,29.27793215,50.21608892,
,204.41,204.41,204.41,204.41,0.0,2004-05-14,204.7736885,71.16653952,28.83346048,48.63948694,
,204.8,204.8,204.8,204.8,0.0,2004-05-17,201.0,74.33253337,25.66746663,48.6446029,
,205.1,205.1,205.1,205.1,0.0,2004-05-18,201.076,76.78370067,23.21629933,49.62916259,
,205.02,205.02,205.02,205.02,0.0,2004-05-19,201.23696,74.41489958,25.58510042,49.4692899,
,205.29,205.29,205.29,205.29,0.0,2004-05-20,201.3914816,77.36131837,22.63868163,50.51995927,
,205.13,205.13,205.13,205.13,0.0,2004-05-21,201.6253927,71.28072851,28.71927149,48.92825882,
,205.58,205.58,205.58,205.58,0.0,2004-05-24,201.8452691,77.49851241,22.50148759,50.14201202,
,206.12,206.12,206.12,206.12,0.0,2004-05-25,202.1440476,83.01458167,16.98541833,53.31944229,
,206.25,206.25,206.25,206.25,0.0,2004-05-26,202.5416428,84.18150731,15.81849269,56.32815675,
,206.9,206.9,206.9,206.9,0.0,2004-05-27,202.9866457,88.93335822,11.06664178,60.63586869,
,207.04,207.04,207.04,207.04,0.0,2004-05-28,203.5345153,89.76141892,10.23858108,64.41326252,
,207.04,207.04,207.04,207.04,0.0,2004-05-31,204.0953929,89.76141892,10.23858108,67.43517759,
,207.04,207.04,207.04,207.04,0.0,2004-06-01,204.56653,89.76141892,10.23858108,69.85270964,
,207.04,207.04,207.04,207.04,0.0,2004-06-02,204.9622852,89.76141892,10.23858108,71.78673528,
,207.04,207.04,207.04,207.04,0.0,2004-06-03,205.2947196,89.76141892,10.23858108,73.33395579,
,207.04,207.04,207.04,207.04,0.0,2004-06-04,205.5739644,89.76141892,10.23858108,74.5717322,
,207.04,207.04,207.04,207.04,0.0,2004-06-07,205.8085301,89.76141892,10.23858108,75.56195333,
,207.04,207.04,207.04,207.04,0.0,2004-06-08,206.0055653,89.76141892,10.23858108,76.35413023,
,214.27,214.27,214.27,214.27,0.0,2004-06-09,206.1710749,99.57396524,0.426034758,80.91289028,
,216.75,216.75,216.75,216.75,0.0,2004-06-10,207.04,99.69804634,0.301953658,84.60953076,
,216.42,216.42,216.42,216.42,0.0,2004-06-11,208.982,95.0915088,4.9084912,85.72422813,
,213.12,213.12,213.12,213.12,0.0,2004-06-14,210.5356,60.27754183,39.72245817,72.69039924,
,211.31,211.31,211.31,211.31,0.0,2004-06-15,216.75,48.18320394,51.81679606,58.87903781,
,211.45,211.45,211.45,211.45,0.0,2004-06-16,216.6412,49.1692842,50.8307158,47.43551657,
,211.51,211.51,211.51,211.51,0.0,2004-06-21,216.534576,49.68225904,50.31774096,38.07550964,
,213.25,213.25,213.25,213.25,0.0,2004-06-22,216.4300845,63.15955404,36.84044596,35.72422933,
,216.51,216.51,216.51,216.51,0.0,2004-06-24,211.31,77.36069131,22.63930869,39.52365999,
,217.46,217.46,217.46,217.46,0.0,2004-06-25,211.414,80.14818833,19.85181167,43.67820332,
,217.41,217.41,217.41,217.41,0.0,2004-06-28,211.65584,79.50417097,20.49582903,46.74423105,
,217.72,217.72,217.72,217.72,0.0,2004-06-29,211.8880064,80.70570085,19.29429915,49.67766518,
,218.65,218.65,218.65,218.65,0.0,2004-06-30,212.237926,84.18288457,15.81711543,53.41528597,
,219.41,219.41,219.41,219.41,0.0,2004-07-01,212.7508919,86.64200866,13.35799134,57.38903224,
,220.75,220.75,220.75,220.75,0.0,2004-07-02,213.4168027,90.05104626,9.948953738,61.9316443,
,225.15,225.15,225.15,225.15,0.0,2004-07-05,214.2967864,95.14089461,4.859105387,67.60167328,
,227.83,227.83,227.83,227.83,0.0,2004-07-06,215.8162363,96.50301012,3.496989879,72.68254268,
,226.88,226.88,226.88,226.88,0.0,2004-07-08,217.7384385,85.8407353,14.1592647,72.48232826,
,222.04,222.04,222.04,222.04,0.0,2004-07-15,219.3530883,50.38713008,49.61286992,58.14071464,
,222.65,222.65,222.65,222.65,0.0,2004-07-16,220.7093942,53.41808056,46.58191944,47.87980394,
,223.45,223.45,223.45,223.45,0.0,2004-07-19,221.8486911,57.65860721,42.34139279,41.36728603,
,224.41,224.41,224.41,224.41,0.0,2004-07-20,222.65,62.74570436,37.25429564,38.19211057,
,224.42,224.42,224.42,224.42,0.0,2004-07-21,223.45,62.8038934,37.1961066,35.67524581,
,223.42,223.42,223.42,223.42,0.0,2004-07-22,227.83,52.54488751,47.45511249,29.55815166,
,224.09,224.09,224.09,224.09,0.0,2004-07-23,227.7418,58.2557325,41.7442675,26.94881432,
,224.63,224.63,224.63,224.63,0.0,2004-07-27,227.655364,62.76955578,37.23044422,26.66687377,
,224.91,224.91,224.91,224.91,0.0,2004-07-28,227.5706567,65.20793999,34.79206001,27.41667501,
,225.52,225.52,225.52,225.52,0.0,2004-07-29,227.4876436,70.47404678,29.52595322,30.12295872,
,226.72,226.72,226.72,226.72,0.0,2004-07-30,227.4062907,78.48268963,21.51731037,35.49144283,
,227.3,227.3,227.3,227.3,0.0,2004-08-02,227.3265649,81.51234715,18.48765285,40.99809313,
,228.77,228.77,228.77,228.77,0.0,2004-08-03,223.42,87.21526066,12.78473934,47.68457877,
,230.2,230.2,230.2,230.2,0.0,2004-08-04,223.527,90.70266441,9.297335585,54.42872878,
,231.13,231.13,231.13,231.13,0.0,2004-08-05,223.79392,92.3901605,7.6098395,60.49904722,
,232.39,232.39,232.39,232.39,0.0,2004-08-06,224.2340848,94.17934061,5.820659387,66.07097402,
,232.53,232.53,232.53,232.53,0.0,2004-08-09,224.886558,94.36340218,5.636597819,70.60214009,
,233.46,233.46,233.46,233.46,0.0,2004-08-10,225.6509022,95.53563858,4.464361418,74.69596751,
,235.7,235.7,235.7,235.7,0.0,2004-08-11,226.5879939,97.254631,2.745368995,78.65862641,
,237.43,237.43,237.43,237.43,0.0,2004-08-20,227.8636748,97.99860221,2.001397786,82.12634201,
,236.27,236.27,236.27,236.27,0.0,2004-08-23,229.3942868,79.85990495,20.14009505,77.64503559,
,234.02,234.02,234.02,234.02,0.0,2004-08-24,230.6800009,55.12267611,44.87732389,64.16509891,
,235.81,235.81,235.81,235.81,0.0,2004-08-25,231.7600008,65.69108797,34.30891203,57.60851432,
,237.81,237.81,237.81,237.81,0.0,2004-08-27,232.6672007,74.18255926,25.81744074,55.75983516,
,237.43,237.43,237.43,237.43,0.0,2004-08-31,233.5929045,70.06409654,29.93590346,52.63350674,
,235.61,235.61,235.61,235.61,0.0,2004-09-07,234.3519817,52.58578449,47.41421551,43.14111919,
,234.07,234.07,234.07,234.07,0.0,2004-09-08,237.81,41.60749102,58.39250898,37.86989895,
,231.78,231.78,231.78,231.78,0.0,2004-09-09,237.7352,29.97542993,70.02457007,38.30574718,
,231.29,231.29,231.29,231.29,0.0,2004-09-10,237.496992,27.88996127,72.11003873,39.48861324,
,230.9,230.9,230.9,230.9,0.0,2004-09-13,237.1245725,26.08445673,73.91554327,41.1571079,
,229.99,229.99,229.99,229.99,0.0,2004-09-14,236.6266067,21.94155307,78.05844693,44.14906509,
,230.72,230.72,230.72,230.72,0.0,2004-09-15,235.962946,32.66544682,67.33455318,42.25307335,
,234.58,234.58,234.58,234.58,0.0,2004-09-16,235.3656514,64.7101737,35.2898263,39.68652816,
,237.22,237.22,237.22,237.22,0.0,2004-09-17,229.99,74.91589722,25.08410278,41.71558141,
,236.83,236.83,236.83,236.83,0.0,2004-09-20,230.1346,71.11798922,28.88201078,41.81966082,
,235.45,235.45,235.45,235.45,0.0,2004-09-21,230.276308,58.09198624,41.90801376,36.69252315,
,234.12,234.12,234.12,234.12,0.0,2004-09-22,230.4151818,47.59082147,52.40917853,30.31768993,
,234.12,234.12,234.12,234.12,0.0,2004-09-23,230.5512782,47.59082147,52.40917853,25.21782336,
,234.12,234.12,234.12,234.12,0.0,2004-09-24,230.6846526,47.59082147,52.40917853,21.1379301,
,233.05,233.05,233.05,233.05,0.0,2004-09-28,230.8153596,37.0632741,62.9367259,22.08503444,
,233.64,233.64,233.64,233.64,0.0,2004-09-29,230.9434524,45.3896699,54.6103301,19.51215959,
,234.11,234.11,234.11,234.11,0.0,2004-09-30,231.0689833,51.74646095,48.25353905,16.30831205,
,233.99,233.99,233.99,233.99,0.0,2004-10-01,231.1920037,49.89294768,50.10705232,13.08947057,
,234.09,234.09,234.09,234.09,0.0,2004-10-04,231.3125636,51.69527404,48.30472596,11.14968607,
,234.0,234.0,234.0,234.0,0.0,2004-10-05,231.4307123,49.68474582,50.31525418,9.045850533,
,233.92,233.92,233.92,233.92,0.0,2004-10-07,231.5464981,47.62664424,52.37335576,8.186022731,
,233.81,233.81,233.81,233.81,0.0,2004-10-08,231.6599681,44.46117988,55.53882012,8.764346233,
,233.73,233.73,233.73,233.73,0.0,2004-10-11,231.7711688,41.92781915,58.07218085,10.24034933,
,232.37,232.37,232.37,232.37,0.0,2004-10-12,231.8801454,18.96493718,81.03506282,20.60630459,
,232.29,232.29,232.29,232.29,0.0,2004-10-13,231.9869425,18.23077771,81.76922229,29.19273259,
,232.29,232.29,232.29,232.29,0.0,2004-10-14,232.0916036,18.23077771,81.76922229,36.06187499,
,232.36,232.36,232.36,232.36,0.0,2004-10-19,232.1941716,22.34094213,77.65905787,39.91312314,
,232.0,232.0,232.0,232.0,0.0,2004-10-26,237.22,16.88485651,83.11514349,45.17655591,
,232.06,232.06,232.06,232.06,0.0,2004-10-27,237.1156,20.90893003,79.09106997,47.77767271,
,232.13,232.13,232.13,232.13,0.0,2004-10-28,237.013288,26.12496225,73.87503775,47.77215327,
,233.54,233.54,233.54,233.54,0.0,2004-11-01,236.9130222,72.23284919,27.76715081,47.11086229,
,232.52,232.52,232.52,232.52,0.0,2004-11-02,236.8147618,46.17358415,53.82641585,39.21925618,
,233.6,233.6,233.6,233.6,0.0,2004-11-03,236.7184666,63.56892656,36.43107344,36.80297557,
,232.76,232.76,232.76,232.76,0.0,2004-11-04,236.6240972,48.37089915,51.62910085,30.09402079,
,232.41,232.41,232.41,232.41,0.0,2004-11-05,236.5316153,43.01468575,56.98531425,26.86934234,
,232.35,232.35,232.35,232.35,0.0,2004-11-09,236.440983,42.017677,57.982323,24.68840307,
,233.83,233.83,233.83,233.83,0.0,2004-11-10,236.3521633,66.18446573,33.81553427,26.22450875,
,234.77,234.77,234.77,234.77,0.0,2004-11-11,236.2651201,74.5920192,25.4079808,30.81641468,
,235.08,235.08,235.08,235.08,0.0,2004-11-15,236.1798177,76.95408107,23.04591893,35.43476417,
,235.37,235.37,235.37,235.37,0.0,2004-11-16,236.0962213,79.2137442,20.7862558,40.03330901,
,236.13,236.13,236.13,236.13,0.0,2004-11-17,232.0,84.26713683,15.73286317,45.73350195,
,237.24,237.24,237.24,237.24,0.0,2004-11-18,232.0826,89.10345598,10.89654402,52.22818395,
,238.01,238.01,238.01,238.01,0.0,2004-11-19,232.288896,91.39669894,8.603301065,58.34122673,
,239.2,239.2,239.2,239.2,0.0,2004-11-22,232.6321622,93.88345715,6.116542849,64.22636425,
,240.4,240.4,240.4,240.4,0.0,2004-11-23,233.1575893,95.51686477,4.483135229,69.58783731,
,241.27,241.27,241.27,241.27,0.0,2004-11-24,233.8818303,96.39042466,3.609575338,74.22643971,
,241.57,241.57,241.57,241.57,0.0,2004-11-25,234.7684107,96.67009993,3.329900071,78.04919174,
,241.6,241.6,241.6,241.6,0.0,2004-11-26,235.7206332,96.70204127,3.297958728,81.1201699,
,241.04,241.04,241.04,241.04,0.0,2004-11-29,236.6613319,79.01655997,20.98344003,76.50275991,
,238.92,238.92,238.92,238.92,0.0,2004-11-30,237.4515188,42.35803919,57.64196081,64.25899225,
,238.92,238.92,238.92,238.92,0.0,2004-12-01,238.1152758,42.35803919,57.64196081,54.46397813,
,237.97,237.97,237.97,237.97,0.0,2004-12-02,241.6,31.97228094,68.02771906,50.78227012,
,237.62,237.62,237.62,237.62,0.0,2004-12-03,241.5274,28.72837754,71.27162246,49.13446508,
,237.68,237.68,237.68,237.68,0.0,2004-12-06,241.371104,30.24495001,69.75504999,47.20959206,
,238.1,238.1,238.1,238.1,0.0,2004-12-07,241.2210598,41.1939952,58.8060048,41.29007557,
,235.63,235.63,235.63,235.63,0.0,2004-12-08,241.0770174,19.12553899,80.87446101,45.38184486,
,236.52,236.52,236.52,236.52,0.0,2004-12-09,240.7501964,34.84649317,65.15350683,42.36687862,
,236.71,236.71,236.71,236.71,0.0,2004-12-10,240.4429846,38.05952931,61.94047069,38.66969117,
,236.75,236.75,236.75,236.75,0.0,2004-12-14,240.1542055,38.85306942,61.14693058,35.39452517,
,236.38,236.38,236.38,236.38,0.0,2004-12-15,239.8827532,33.84027385,66.15972615,34.77951059,
,237.03,237.03,237.03,237.03,0.0,2004-12-16,239.627588,48.44640669,51.55359331,28.4450458,
,237.53,237.53,237.53,237.53,0.0,2004-12-17,239.3877327,57.4738415,42.5261585,25.74557324,
,237.99,237.99,237.99,237.99,0.0,2004-12-20,239.1622688,64.60206336,35.39793664,26.43728394,
,238.47,238.47,238.47,238.47,0.0,2004-12-21,238.9503326,70.95278374,29.04721626,29.53094064,
,238.2,238.2,238.2,238.2,0.0,2004-12-22,238.7511127,63.00489343,36.99510657,28.82670988,
,238.17,238.17,238.17,238.17,0.0,2004-12-23,238.5638459,62.03968848,37.96031152,27.8772433,
,238.81,238.81,238.81,238.81,0.0,2004-12-24,235.63,73.04951676,26.95048324,31.52160135,
,239.24,239.24,239.24,239.24,0.0,2004-12-27,235.6936,78.32838233,21.67161767,36.54863401,
,239.41,239.41,239.41,239.41,0.0,2004-12-28,235.835456,80.24100531,19.75899469,41.33530933,
,238.3,238.3,238.3,238.3,0.0,2004-12-29,236.0499286,46.64322077,53.35677923,34.41095916,
,238.32,238.32,238.32,238.32,0.0,2004-12-30,236.2515329,47.14169709,52.85830291,28.67208849,
,238.29,238.29,238.29,238.29,0.0,2004-12-31,236.4410409,46.33013866,53.66986134,24.40561533,
,238.32,238.32,238.32,238.32,0.0,2005-01-03,236.6191785,47.46073757,52.53926243,20.54019723,
,235.68,235.68,235.68,235.68,0.0,2005-01-04,239.41,14.30730248,85.69269752,30.70923679,
,234.93,234.93,234.93,234.93,0.0,2005-01-05,239.3354,11.4636091,88.5363909,39.9819458,
,235.16,235.16,235.16,235.16,0.0,2005-01-06,239.159184,17.73168433,82.26831567,44.89288291,
,239.61,239.61,239.61,239.61,0.0,2005-01-13,234.93,69.66731584,30.33268416,43.78123266,
,239.94,239.94,239.94,239.94,0.0,2005-01-14,235.0236,71.34422272,28.65577728,43.56267522,
,239.89,239.89,239.89,239.89,0.0,2005-01-17,235.220256,70.60495902,29.39504098,43.09212378,
,240.34,240.34,240.34,240.34,0.0,2005-01-19,235.4090458,73.67384359,26.32615641,43.94323646,
,240.72,240.72,240.72,240.72,0.0,2005-01-20,235.704903,76.28704703,23.71295297,45.66940798,
,242.11,242.11,242.11,242.11,0.0,2005-01-21,236.1061108,83.68971804,16.31028196,50.0114136,
,243.76,243.76,243.76,243.76,0.0,2005-01-24,236.7064997,88.85311477,11.14688523,55.55037679,
,245.25,245.25,245.25,245.25,0.0,2005-01-25,237.5529197,91.78772211,8.212277887,61.15539027,
,246.84,246.84,246.84,246.84,0.0,2005-01-26,238.630511,93.92209846,6.077901538,66.4931516,
,247.17,247.17,247.17,247.17,0.0,2005-01-27,239.9440292,94.30602634,5.693973663,70.91693182,
,246.98,246.98,246.98,246.98,0.0,2005-01-28,241.244704,90.20514712,9.794852885,72.8156043,
,247.41,247.41,247.41,247.41,0.0,2005-01-31,242.3112572,91.27808427,8.721915725,74.76371715,
,247.35,247.35,247.35,247.35,0.0,2005-02-01,243.3310058,89.56682291,10.43317709,75.63770288,
,246.94,246.94,246.94,246.94,0.0,2005-02-02,244.1468046,77.20364168,22.79635832,71.39161898,
,248.03,248.03,248.03,248.03,0.0,2005-02-03,244.7994437,84.37221971,15.62778029,70.86218307,
,250.76,250.76,250.76,250.76,0.0,2005-02-04,245.445555,92.12506109,7.874938914,73.53977089,
,251.02,251.02,251.02,251.02,0.0,2005-02-07,246.508444,92.56420964,7.435790364,75.85750057,
,251.68,251.68,251.68,251.68,0.0,2005-02-08,247.4107552,93.68214023,6.31785977,78.15885654,
,251.88,251.88,251.88,251.88,0.0,2005-02-09,248.2646041,94.0225483,5.977451696,80.13610456,
,253.94,253.94,253.94,253.94,0.0,2005-02-10,248.9876833,96.47079106,3.529208937,82.69720007,
,257.29,257.29,257.29,257.29,0.0,2005-02-11,249.9781467,98.07418567,1.925814333,85.38743432,
,259.05,259.05,259.05,259.05,0.0,2005-02-14,251.4405173,98.51673341,1.483266586,87.71664082,
,264.73,264.73,264.73,264.73,0.0,2005-02-15,252.9624139,99.23028157,0.769718432,89.86542529,
,264.73,264.73,264.73,264.73,0.0,2005-02-16,255.3159311,99.23028157,0.769718432,91.58445286,
,265.74,265.74,265.74,265.74,0.0,2005-02-17,257.1987449,99.32103158,0.678968416,92.99597492,
,263.72,263.72,263.72,263.72,0.0,2005-02-21,258.9069959,76.71054532,23.28945468,85.08099806,
,263.41,263.41,263.41,263.41,0.0,2005-02-22,260.2735967,73.50072557,26.49927443,77.46508868,
,264.39,264.39,264.39,264.39,0.0,2005-02-23,261.3668774,77.26064183,22.73935817,72.87632767,
,264.98,264.98,264.98,264.98,0.0,2005-02-24,262.2415019,79.45444662,20.54555338,70.08284079,
,265.53,265.53,265.53,265.53,0.0,2005-02-25,262.9412015,81.53074535,18.46925465,68.67857077,
,265.97,265.97,265.97,265.97,0.0,2005-02-28,263.5009612,83.22590673,16.77409327,68.23321931,
,268.42,268.42,268.42,268.42,0.0,2005-03-01,263.994769,89.7645904,10.2354096,70.49241161,
,271.41,271.41,271.41,271.41,0.0,2005-03-02,264.8798152,93.58143421,6.41856579,73.82650297,
,273.57,273.57,273.57,273.57,0.0,2005-03-03,266.1858521,95.19833562,4.801664385,77.14053662,
,277.62,277.62,277.62,277.62,0.0,2005-03-04,267.6626817,96.98087187,3.019128131,80.50477805,
,281.8,281.8,281.8,281.8,0.0,2005-03-09,269.6541454,97.95858149,2.041418509,83.58725503,
,283.43,283.43,283.43,283.43,0.0,2005-03-10,272.0833163,98.23689144,1.763108558,86.1645606,
,280.65,280.65,280.65,280.65,0.0,2005-03-11,274.352653,76.11453092,23.88546908,79.37746085,
,278.5,278.5,278.5,278.5,0.0,2005-03-14,276.1681224,62.50674637,37.49325363,68.50466723,
,276.45,276.45,276.45,276.45,0.0,2005-03-15,283.43,51.52725398,48.47274602,55.41463537,
,274.67,274.67,274.67,274.67,0.0,2005-03-16,283.2904,43.27665932,56.72334068,47.02104457,
,273.35,273.35,273.35,273.35,0.0,2005-03-17,282.945584,37.68343005,62.31656995,42.54346364,
,274.35,274.35,274.35,274.35,0.0,2005-03-18,282.369849,44.47867054,55.52132946,36.24330269,
,275.57,275.57,275.57,275.57,0.0,2005-03-21,281.828658,52.39499756,47.60500244,29.95264118,
,277.1,277.1,277.1,277.1,0.0,2005-03-22,281.3199385,61.09158752,38.90841248,28.39874795,
,278.46,278.46,278.46,278.46,0.0,2005-03-23,280.8417422,67.65665037,32.34334963,29.78165851,
,278.86,278.86,278.86,278.86,0.0,2005-03-24,280.3922377,69.54582994,30.45417006,31.64365878,
,279.86,279.86,279.86,279.86,0.0,2005-03-28,279.9697034,74.24663509,25.75336491,35.01358106,
,281.08,281.08,281.08,281.08,0.0,2005-03-29,273.35,79.15372291,20.84627709,39.67235401,
,283.72,283.72,283.72,283.72,0.0,2005-03-30,273.5046,86.24370824,13.75629176,46.2353665,
,284.34,284.34,284.34,284.34,0.0,2005-03-31,273.913216,87.49248717,12.50751283,51.98528807,
,284.21,284.21,284.21,284.21,0.0,2005-04-01,274.538823,85.45917273,14.54082727,55.77189955,
,285.51,285.51,285.51,285.51,0.0,2005-04-04,275.1268937,88.73239448,11.26760552,60.11047743,
,285.51,285.51,285.51,285.51,0.0,2005-04-06,275.9575422,88.73239448,11.26760552,63.58133974,
,289.56,289.56,289.56,289.56,0.0,2005-04-07,276.7217388,94.62363501,5.376364987,68.7145258,
,290.65,290.65,290.65,290.65,0.0,2005-04-11,278.0055649,95.42785774,4.572142257,73.14276373,
,293.26,293.26,293.26,293.26,0.0,2005-04-13,279.5228971,96.84184403,3.158155974,77.2509486,
,293.71,293.71,293.71,293.71,0.0,2005-04-18,281.4460915,97.03918563,2.960814367,80.61643313,
,293.71,293.71,293.71,293.71,0.0,2005-04-19,283.4083169,97.03918563,2.960814367,83.30882076,
,292.59,292.59,292.59,292.59,0.0,2005-04-20,285.0565862,78.06837952,21.93162048,77.87440841,
,293.58,293.58,293.58,293.58,0.0,2005-04-21,286.4411324,81.96421698,18.03578302,75.08521352,
,294.03,294.03,294.03,294.03,0.0,2005-04-24,287.6041512,83.61767432,16.38232568,73.51524055,
,294.98,294.98,294.98,294.98,0.0,2005-04-25,288.760804,86.80891534,13.19108466,73.53575857,
,294.44,294.44,294.44,294.44,0.0,2005-04-26,290.0046432,76.25459575,23.74540425,69.33044516,
,295.33,295.33,295.33,295.33,0.0,2005-04-27,290.9997146,81.01096065,18.98903935,67.86874039,
,294.29,294.29,294.29,294.29,0.0,2005-04-28,291.8657716,62.6737059,37.3262941,59.36447467,
,294.79,294.79,294.79,294.79,0.0,2005-05-01,292.5586173,67.14323723,32.85676277,54.34887463,
,296.11,296.11,296.11,296.11,0.0,2005-05-02,293.1128939,76.44928304,23.55071696,54.05881292,
,297.81,297.81,297.81,297.81,0.0,2005-05-03,293.7123151,83.82459716,16.17540284,56.7768892,
,298.78,298.78,298.78,298.78,0.0,2005-05-04,294.5318521,86.77790928,13.22209072,60.13267507,
,288.89,288.89,288.89,288.89,0.0,2005-05-05,298.78,26.08324837,73.91675163,57.67284071,
,288.79,288.79,288.79,288.79,0.0,2005-05-09,298.78,25.85469144,74.14530856,55.79639599,
,288.34,288.34,288.34,288.34,0.0,2005-05-10,298.3804,24.64018666,75.35981334,54.78104213,
,285.42,285.42,285.42,285.42,0.0,2005-05-12,297.777976,17.84210572,82.15789428,56.68799141,
,285.52,285.52,285.52,285.52,0.0,2005-05-15,296.7893379,18.80110792,81.19889208,57.82994996,
,284.52,284.52,284.52,284.52,0.0,2005-05-16,295.8797909,16.40716466,83.59283534,59.70109411,
,283.12,283.12,283.12,283.12,0.0,2005-05-17,294.7438118,13.417401,86.582599,62.39391488,
,281.39,281.39,281.39,281.39,0.0,2005-05-18,293.3489544,10.47032379,89.52967621,65.72700239,
,280.39,280.39,280.39,280.39,0.0,2005-05-19,291.6747008,9.036239273,90.96376073,68.9671062,
,279.73,279.73,279.73,279.73,0.0,2005-05-22,289.8691486,8.118832078,91.88116792,71.92615213,
,276.85,276.85,276.85,276.85,0.0,2005-05-24,288.0441019,5.225231761,94.77476824,75.450829,
,275.46,275.46,275.46,275.46,0.0,2005-05-25,285.8052815,4.300534194,95.69946581,78.64044952,
,276.35,276.35,276.35,276.35,0.0,2005-05-26,283.7362252,16.17353575,83.82646425,76.44294532,
,278.43,278.43,278.43,278.43,0.0,2005-05-29,282.0809802,38.47321342,61.52678658,65.76507089,
,279.09,279.09,279.09,279.09,0.0,2005-05-30,280.7567841,44.34551339,55.65448661,54.87385135,
,279.9,279.9,279.9,279.9,0.0,2005-05-31,275.46,51.45359163,48.54640837,44.48051774,
,280.15,280.15,280.15,280.15,0.0,2005-06-01,275.5488,53.73333128,46.26666872,37.0777467,
,280.97,280.97,280.97,280.97,0.0,2005-06-02,275.732848,61.20312703,38.79687297,34.14344817,
,281.61,281.61,281.61,281.61,0.0,2005-06-05,276.0470771,66.48256201,33.51743799,33.90778334,
,281.4,281.4,281.4,281.4,0.0,2005-06-06,276.492111,62.96808626,37.03191374,32.31346118,
,280.39,280.39,280.39,280.39,0.0,2005-06-08,276.9015421,47.78244161,52.21755839,26.7377923,
,280.08,280.08,280.08,280.08,0.0,2005-06-09,277.2782187,43.73575391,56.26424609,23.89593228,
,279.72,279.72,279.72,279.72,0.0,2005-06-12,277.6247612,38.94765134,61.05234866,23.53768529,
,278.75,278.75,278.75,278.75,0.0,2005-06-13,277.9435803,28.45536322,71.54463678,27.44800294,
,277.79,277.79,277.79,277.79,0.0,2005-06-14,281.61,21.34250886,78.65749114,33.42139881,
,277.83,277.83,277.83,277.83,0.0,2005-06-15,281.5336,22.35339221,77.64660779,37.79576216,
,277.88,277.88,277.88,277.88,0.0,2005-06-16,281.458728,23.88190434,76.11809566,40.68384799,
,277.87,277.87,277.87,277.87,0.0,2005-06-19,281.3853534,23.76494813,76.23505187,43.04109914,
,278.88,278.88,278.88,278.88,0.0,2005-06-20,281.3134464,52.89133085,47.10866915,35.58941165,
,280.84,280.84,280.84,280.84,0.0,2005-06-21,281.2429774,75.5505694,24.4494306,38.69175708,
,281.15,281.15,281.15,281.15,0.0,2005-06-22,281.1739179,77.6737007,22.3262993,42.02288595,
,280.82,280.82,280.82,280.82,0.0,2005-06-26,281.15,69.62815923,30.37184077,41.46957245,
,280.39,280.39,280.39,280.39,0.0,2005-06-27,281.15,59.57683591,40.42316409,37.00639232,
,281.06,281.06,281.06,281.06,0.0,2005-06-28,281.0828,68.44801547,31.55198453,36.98432005,
,281.54,281.54,281.54,281.54,0.0,2005-06-29,277.79,73.63041417,26.36958583,39.03962171,
,281.15,281.15,281.15,281.15,0.0,2005-06-30,277.865,63.10371002,36.89628998,36.47318137,
,281.28,281.28,281.28,281.28,0.0,2005-07-03,277.9385,65.17803685,34.82196315,35.24975984,
,281.26,281.26,281.26,281.26,0.0,2005-07-04,278.01053,64.48089334,35.51910666,33.99216521,
,282.51,282.51,282.51,282.51,0.0,2005-07-05,278.0811194,80.65011937,19.34988063,39.45377992,
,284.29,284.29,284.29,284.29,0.0,2005-07-06,278.2582746,89.31124483,10.68875517,47.28752186,
,285.07,285.07,285.07,285.07,0.0,2005-07-10,278.6201781,91.41587848,8.584121519,54.39636888,
,285.04,285.04,285.04,285.04,0.0,2005-07-11,279.1361639,90.55861208,9.441387921,59.74053994,
,286.21,286.21,286.21,286.21,0.0,2005-07-12,279.6108708,93.52069499,6.479305009,65.20070995,
,286.35,286.35,286.35,286.35,0.0,2005-07-13,280.2707837,93.81111464,6.188885362,69.68501381,
,286.67,286.67,286.67,286.67,0.0,2005-07-14,281.0002897,94.51371431,5.486285688,73.55349678,
,287.9,287.9,287.9,287.9,0.0,2005-07-17,281.7940491,96.45005646,3.549943543,77.42282,
,288.03,288.03,288.03,288.03,0.0,2005-07-18,282.7710013,96.60821068,3.391789317,80.58154028,
,289.93,289.93,289.93,289.93,0.0,2005-07-19,283.717621,98.13012884,1.869871157,83.71728376,
,290.88,290.88,290.88,290.88,0.0,2005-07-20,284.9600968,98.53966698,1.460333018,86.3896938,
,291.97,291.97,291.97,291.97,0.0,2005-07-24,286.1440775,98.88873693,1.111263072,88.66724981,
,292.47,292.47,292.47,292.47,0.0,2005-07-25,287.309262,99.0226883,0.977311698,90.54287517,
,294.3,294.3,294.3,294.3,0.0,2005-07-26,288.3414096,99.37007348,0.629926523,92.18232953,
,294.62,294.62,294.62,294.62,0.0,2005-07-27,289.5331277,99.41548662,0.584513382,93.51205827,
,295.89,295.89,295.89,295.89,0.0,2005-07-28,290.5505021,99.56946608,0.430533925,94.63743304,
,296.78,296.78,296.78,296.78,0.0,2005-07-31,291.6184017,99.65018918,0.349810819,95.57002211,
,299.61,299.61,299.61,299.61,0.0,2005-08-01,292.6507214,99.79956307,0.200436934,96.37584291,
,300.88,300.88,300.88,300.88,0.0,2005-08-02,294.0425771,99.83829665,0.161703345,97.03599299,
,305.2,305.2,305.2,305.2,0.0,2005-08-03,295.4100617,99.9112337,0.088766302,97.59328787,
,305.87,305.87,305.87,305.87,0.0,2005-08-04,297.3680493,99.91837161,0.081628386,98.04197894,
,305.2,305.2,305.2,305.2,0.0,2005-08-07,299.0684395,90.7923294,9.207670602,94.75051491,
,300.55,300.55,300.55,300.55,0.0,2005-08-08,300.4287516,50.65504455,49.34495545,76.06242975,
,297.71,297.71,297.71,297.71,0.0,2005-08-09,305.87,37.87292049,62.12707951,65.7007756,
,297.83,297.83,297.83,297.83,0.0,2005-08-10,305.7068,38.69003758,61.30996242,57.08460545,
,300.8,300.8,300.8,300.8,0.0,2005-08-11,305.546864,56.42197288,43.57802712,48.23647351,
,300.94,300.94,300.94,300.94,0.0,2005-08-14,305.3901267,57.15216241,42.84783759,41.45004377,
,300.58,300.58,300.58,300.58,0.0,2005-08-15,305.2365242,54.23135472,45.76864528,34.8525769,
,300.06,300.06,300.06,300.06,0.0,2005-08-16,305.0859937,49.64993736,50.35006264,28.02208658,
,298.85,298.85,298.85,298.85,0.0,2005-08-17,304.9384738,39.8564013,60.1435987,26.47510874,
,295.45,295.45,295.45,295.45,0.0,2005-08-21,304.7939044,23.54429436,76.45570564,31.76236925,
,293.65,293.65,293.65,293.65,0.0,2005-08-22,304.4201482,18.52653546,81.47346454,37.99928122,
,289.57,289.57,289.57,289.57,0.0,2005-08-23,303.7739393,11.55136236,88.44863764,45.77888003,
,292.08,292.08,292.08,292.08,0.0,2005-08-24,302.6376241,31.40984755,68.59015245,44.05916501,
,293.58,293.58,293.58,293.58,0.0,2005-08-25,301.5922142,41.26142792,58.73857208,38.74276084,
,293.85,293.85,293.85,293.85,0.0,2005-08-28,300.6304371,43.10023894,56.89976106,33.7541131,
,296.22,296.22,296.22,296.22,0.0,2005-09-08,299.7456021,57.64765274,42.35234726,30.06235157,
,293.75,293.75,293.75,293.75,0.0,2005-09-12,298.9315539,43.24431879,56.75568121,26.75215374,
,293.81,293.81,293.81,293.81,0.0,2005-09-13,298.1826296,43.67165793,56.32834207,23.93305982,
,293.92,293.92,293.92,293.92,0.0,2005-09-14,297.4936193,44.62711665,55.37288335,21.2956012,
,293.35,293.35,293.35,293.35,0.0,2005-09-15,296.8597297,40.20933697,59.79066303,20.95274617,
,292.67,292.67,292.67,292.67,0.0,2005-09-18,296.2765513,35.03711004,64.96288996,22.74735292,
,293.11,293.11,293.11,293.11,0.0,2005-09-19,295.7400272,41.15898675,58.84101325,21.73428763,
,292.85,292.85,292.85,292.85,0.0,2005-09-20,295.2464251,38.48049348,61.51950652,21.99523272,
,293.69,293.69,293.69,293.69,0.0,2005-09-21,294.792311,51.28363887,48.71636113,18.10964172,
,294.12,294.12,294.12,294.12,0.0,2005-09-22,294.3745262,57.00874033,42.99125967,17.29120951,
,294.89,294.89,294.89,294.89,0.0,2005-09-25,289.57,65.96238329,34.03761671,20.21792092,
,294.67,294.67,294.67,294.67,0.0,2005-09-26,289.6764,61.39571338,38.60428662,20.73262209,
,296.2,296.2,296.2,296.2,0.0,2005-09-27,289.780672,75.90005658,24.09994342,26.9461203,
,297.17,297.17,297.17,297.17,0.0,2005-09-28,290.0374451,81.42945125,18.57054875,34.12867675,
,296.98,296.98,296.98,296.98,0.0,2005-09-29,290.4653984,77.09834818,22.90165182,38.14228067,
,296.37,296.37,296.37,296.37,0.0,2005-10-02,290.8676745,63.53630267,36.46369733,35.9283456,
,296.55,296.55,296.55,296.55,0.0,2005-10-05,291.245814,65.7580338,34.2419662,35.04589,
,296.98,296.98,296.98,296.98,0.0,2005-10-06,291.6012652,71.02910286,28.97089714,36.44835315,
,297.34,297.34,297.34,297.34,0.0,2005-10-09,291.9353893,75.04865791,24.95134209,39.17814568,
,298.35,298.35,298.35,298.35,0.0,2005-10-20,292.3677581,83.21548953,16.78451047,44.62871235,
,302.83,302.83,302.83,302.83,0.0,2005-10-23,292.9659823,94.03702894,5.962971056,53.31778146,
,306.63,306.63,306.63,306.63,0.0,2005-10-24,294.1496644,96.45818186,3.541818139,61.23749791,
,305.32,305.32,305.32,305.32,0.0,2005-10-25,295.8969114,82.09434475,17.90565525,61.82773623,
,304.99,304.99,304.99,304.99,0.0,2005-10-26,297.3995438,78.41732405,21.58267595,60.82911861,
,305.73,305.73,305.73,305.73,0.0,2005-10-27,298.6918077,80.82474372,19.17525628,60.99319237,
,307.57,307.57,307.57,307.57,0.0,2005-10-30,299.8031546,85.76120612,14.23879388,63.09903635,
,303.94,303.94,303.94,303.94,0.0,2005-11-07,301.0458499,52.45803964,47.54196036,51.46244493,
,307.98,307.98,307.98,307.98,0.0,2005-11-10,302.0897139,69.13322468,30.86677532,48.82324582,
,306.15,306.15,306.15,306.15,0.0,2005-11-13,303.1499654,57.67844243,42.32155757,42.12997363,
,302.39,302.39,302.39,302.39,0.0,2005-11-14,307.98,40.4605894,59.5394106,37.51974314,
,300.58,300.58,300.58,300.58,0.0,2005-11-16,307.8682,34.29954216,65.70045784,36.29597765,
,300.64,300.64,300.64,300.64,0.0,2005-11-17,307.576672,34.71148958,65.28851042,35.15218629,
,300.57,300.57,300.57,300.57,0.0,2005-11-20,307.2968051,34.39696807,65.60303193,34.3629618,
,302.02,302.02,302.02,302.02,0.0,2005-11-21,306.8931968,46.86360154,53.13639846,28.74492882,
,302.23,302.23,302.23,302.23,0.0,2005-11-22,306.513805,48.63081599,51.36918401,23.54361666,
,300.78,300.78,300.78,300.78,0.0,2005-11-23,306.1571767,37.78474673,62.21525327,23.72099464,
,301.2,301.2,301.2,301.2,0.0,2005-11-24,305.8219461,42.43335585,57.56664415,22.00345337,
,301.13,301.13,301.13,301.13,0.0,2005-11-27,305.5068293,41.78295062,58.21704938,20.88958245,
,301.67,301.67,301.67,301.67,0.0,2005-11-28,305.2106196,49.27956767,50.72043233,16.99983889,
,300.96,300.96,300.96,300.96,0.0,2005-11-29,304.9321824,40.67192114,59.32807886,17.33110266,
,300.54,300.54,300.54,300.54,0.0,2005-11-30,304.6704515,36.01971678,63.98028322,19.45699541,
,301.76,301.76,301.76,301.76,0.0,2005-12-01,304.3400153,54.79453043,45.20546957,17.4834085,
,301.65,301.65,301.65,301.65,0.0,2005-12-04,304.0360141,53.04033254,46.95966746,15.20285982,
,301.97,301.97,301.97,301.97,0.0,2005-12-05,303.756333,57.93708395,42.06291605,15.33712143,
,298.0,298.0,298.0,298.0,0.0,2005-12-06,303.4990263,22.13799828,77.86200172,23.41449783,
,297.49,297.49,297.49,297.49,0.0,2005-12-07,302.9491237,20.13970977,79.86029023,30.67571436,
,299.1,299.1,299.1,299.1,0.0,2005-12-08,302.2940289,41.11436811,58.88563189,28.09482424,
,299.84,299.84,299.84,299.84,0.0,2005-12-11,301.7175454,48.83499999,51.16500001,22.9418594,
,299.71,299.71,299.71,299.71,0.0,2005-12-12,301.21024,47.46831334,52.53168666,19.36616218,
,300.71,300.71,300.71,300.71,0.0,2005-12-13,300.7638112,58.6069462,41.3930538,18.93570822,
,302.24,302.24,302.24,302.24,0.0,2005-12-14,297.49,70.54964583,29.45035417,23.36842491,
,303.12,303.12,303.12,303.12,0.0,2005-12-15,297.585,75.6091044,24.3908956,28.93838169,
,303.98,303.98,303.98,303.98,0.0,2005-12-18,297.8064,79.83998013,20.16001987,35.0866974,
,304.97,304.97,304.97,304.97,0.0,2005-12-19,298.176816,83.86685634,16.13314366,41.61610046,
,306.59,306.59,306.59,306.59,0.0,2005-12-20,298.7202707,88.54644334,11.45355666,48.7114577,
,308.13,308.13,308.13,308.13,0.0,2005-12-21,299.5072436,91.48225845,8.517741548,55.56206954,
,308.67,308.67,308.67,308.67,0.0,2005-12-22,300.5419744,92.34256763,7.657432372,61.38668269,
,300.49,300.49,300.49,300.49,0.0,2005-12-25,308.67,31.70568843,68.29431157,56.42707078,
,299.93,299.93,299.93,299.93,0.0,2005-12-26,308.67,30.01884928,69.98115072,53.13411691,
,301.09,301.09,301.09,301.09,0.0,2005-12-27,308.3204,38.49205374,61.50794626,47.11047203,
,301.6,301.6,301.6,301.6,0.0,2005-12-28,307.984784,42.32950179,57.67049821,40.75657691,
,302.78,302.78,302.78,302.78,0.0,2005-12-29,307.6625926,51.1449189,48.8550811,33.06322909,
,303.26,303.26,303.26,303.26,0.0,2006-01-01,307.3532889,54.66830596,45.33169404,28.31790565,
,304.16,304.16,304.16,304.16,0.0,2006-01-02,307.0563574,61.22278935,38.77721065,27.14344026,
,305.42,305.42,305.42,305.42,0.0,2006-01-03,306.7713031,69.05328312,30.94671688,29.33606546,
,305.85,305.85,305.85,305.85,0.0,2006-01-04,306.497651,71.50769837,28.49230163,32.07193171,
,305.62,305.62,305.62,305.62,0.0,2006-01-05,306.2349449,67.90675864,32.09324136,32.82024882,
,305.44,305.44,305.44,305.44,0.0,2006-01-09,305.9827471,64.71855154,35.28144846,32.14361968,
,305.55,305.55,305.55,305.55,0.0,2006-01-10,305.7406372,65.94009018,34.05990982,32.09093182,
,305.5,305.5,305.5,305.5,0.0,2006-01-12,305.55,64.66794351,35.33205649,31.53992286,
,305.66,305.66,305.66,305.66,0.0,2006-01-15,299.93,67.19917794,32.80082206,32.11160946,
,305.85,305.85,305.85,305.85,0.0,2006-01-16,300.0446,70.35201985,29.64798015,33.83009551,
,305.93,305.93,305.93,305.93,0.0,2006-01-17,300.276816,71.77968301,28.22031699,35.77594961,
,306.17,306.17,306.17,306.17,0.0,2006-01-18,300.616007,76.09616129,23.90383871,39.0592242,
,305.27,305.27,305.27,305.27,0.0,2006-01-19,301.0603265,44.31969006,55.68030994,33.51950334,
,305.3,305.3,305.3,305.3,0.0,2006-01-22,301.4691004,45.27192012,54.72807988,28.70683462,
,305.72,305.72,305.72,305.72,0.0,2006-01-23,301.8451723,57.87816133,42.12183867,26.11673223,
,305.51,305.51,305.51,305.51,0.0,2006-01-24,302.1911585,50.5943683,49.4056317,21.1311331,
,306.13,306.13,306.13,306.13,0.0,2006-01-25,302.5094659,66.26301644,33.73698356,23.41011306,
,306.28,306.28,306.28,306.28,0.0,2006-01-26,302.8023086,69.21555751,30.78444249,26.41431345,
,306.9,306.9,306.9,306.9,0.0,2006-01-30,303.1500777,78.80105091,21.19894909,32.65187112,
,309.04,309.04,309.04,309.04,0.0,2006-01-31,303.6000684,90.95388276,9.046117244,42.50305,
,308.25,308.25,308.25,308.25,0.0,2006-02-01,304.3616588,71.92662608,28.07337392,42.77309043,
,308.92,308.92,308.92,308.92,0.0,2006-02-02,305.0166266,77.02246887,22.97753113,45.02745989,
,309.09,309.09,309.09,309.09,0.0,2006-02-05,305.5798989,78.27330171,21.72669829,47.3312886,
,309.09,309.09,309.09,309.09,0.0,2006-02-06,306.141515,78.27330171,21.72669829,49.17435156,
,310.32,310.32,310.32,310.32,0.0,2006-02-07,306.6132726,86.55043993,13.44956007,53.95965722,
,312.63,312.63,312.63,312.63,0.0,2006-02-09,307.2804836,92.90013945,7.099860547,60.32778156,
,317.69,317.69,317.69,317.69,0.0,2006-02-12,308.3503869,96.90325888,3.096741123,67.0235288,
,325.96,325.96,325.96,325.96,0.0,2006-02-13,310.2183095,98.56092518,1.439074822,73.04319311,
,329.39,329.39,329.39,329.39,0.0,2006-02-14,313.3666476,98.87353833,1.126461668,77.98396982,
,325.9,325.9,325.9,325.9,0.0,2006-02-15,316.5713181,77.46949125,22.53050875,73.37497236,
,324.86,324.86,324.86,324.86,0.0,2006-02-16,319.1350545,71.68873493,28.31126507,67.37547186,
,325.35,325.35,325.35,325.35,0.0,2006-02-20,321.1860436,72.88054663,27.11945337,63.05259614,
,327.48,327.48,327.48,327.48,0.0,2006-02-21,322.8268349,77.92905266,22.07094734,61.61369797,
,329.82,329.82,329.82,329.82,0.0,2006-02-22,324.1394679,82.42254668,17.57745332,62.25997705,
,333.03,333.03,333.03,333.03,0.0,2006-02-23,325.2755743,86.97107549,13.02892451,64.59641183,
,337.58,337.58,337.58,337.58,0.0,2006-02-27,326.8264594,91.06684975,8.933150254,68.10386937,
,341.05,341.05,341.05,341.05,0.0,2006-02-28,328.9771676,93.12664594,6.87335406,71.73375387,
,343.28,343.28,343.28,343.28,0.0,2006-03-01,331.391734,94.20081362,5.79918638,75.06732854,
,339.58,339.58,339.58,339.58,0.0,2006-03-02,333.7693872,71.14202606,28.85797394,68.51067326,
,339.58,339.58,339.58,339.58,0.0,2006-03-05,335.6715098,71.14202606,28.85797394,63.26534903,
,334.42,334.42,334.42,334.42,0.0,2006-03-06,343.28,46.39507502,53.60492498,52.05424922,
,332.28,332.28,332.28,332.28,0.0,2006-03-07,343.1028,39.30684585,60.69315415,45.92066104,
,335.37,335.37,335.37,335.37,0.0,2006-03-08,342.669888,52.42563112,47.57436888,37.70678128,
,337.87,337.87,337.87,337.87,0.0,2006-03-09,342.2542925,60.95973968,39.04026032,34.54932089,
,337.32,337.32,337.32,337.32,0.0,2006-03-12,341.8553208,58.09392224,41.90607776,30.87702561,
,339.79,339.79,339.79,339.79,0.0,2006-03-13,341.4723079,66.8439986,33.1560014,31.43921993,
,339.6,339.6,339.6,339.6,0.0,2006-03-19,341.1046156,65.52837728,34.47162272,31.36272685,
,339.98,339.98,339.98,339.98,0.0,2006-03-20,340.751631,67.14500455,32.85499545,31.9481833,
,339.03,339.03,339.03,339.03,0.0,2006-03-21,340.4127658,58.56243518,41.43756482,28.98352071,
,338.86,338.86,338.86,338.86,0.0,2006-03-22,340.0874551,56.93458256,43.06541744,25.96064959,
,338.7,338.7,338.7,338.7,0.0,2006-03-23,339.7751569,55.13165587,44.86834413,22.82118202,
,337.99,337.99,337.99,337.99,0.0,2006-03-26,339.4753507,46.89458177,53.10541823,19.49911291,
,337.45,337.45,337.45,337.45,0.0,2006-03-27,339.1875366,41.06203971,58.93796029,19.17447445,
,337.57,337.57,337.57,337.57,0.0,2006-03-28,338.9112352,43.03027421,56.96972579,18.12746987,
,336.71,336.71,336.71,336.71,0.0,2006-04-02,338.6459858,33.12151719,66.87848281,21.25336902,
,334.88,334.88,334.88,334.88,0.0,2006-04-03,338.3913463,20.5404466,79.4595534,28.78651658,
,334.15,334.15,334.15,334.15,0.0,2006-04-04,338.1468925,17.26952869,82.73047131,36.12140179,
,334.77,334.77,334.77,334.77,0.0,2006-04-05,337.9122168,29.23328696,70.76671304,37.20380664,
,334.27,334.27,334.27,334.27,0.0,2006-04-16,337.6869281,25.51393032,74.48606968,39.55747319,
,331.88,331.88,331.88,331.88,0.0,2006-04-17,337.470651,14.49490102,85.50509898,45.84801814,
,338.54,338.54,338.54,338.54,0.0,2006-04-25,331.88,65.85753027,34.14246973,43.02142662,
,343.28,343.28,343.28,343.28,0.0,2006-04-26,331.88,77.74870303,22.25129697,45.51662251,
,361.58,361.58,361.58,361.58,0.0,2006-04-30,332.336,91.69971272,8.300287279,53.0931831,
,374.87,374.87,374.87,374.87,0.0,2006-05-01,334.09064,94.710362,5.289637998,60.35869128,
,372.45,372.45,372.45,372.45,0.0,2006-05-02,337.3529888,87.48743656,12.51256344,63.28192764,
,367.99,367.99,367.99,367.99,0.0,2006-05-03,340.3543497,74.41374325,25.58625675,60.39103942,
,366.94,366.94,366.94,366.94,0.0,2006-05-04,343.1156017,71.27916125,28.72083875,56.82449603,
,368.68,368.68,368.68,368.68,0.0,2006-05-07,345.6559536,73.58411205,26.41588795,54.89324165,
,370.95,370.95,370.95,370.95,0.0,2006-05-08,347.9930773,76.64116115,23.35883885,54.57105778,
,375.15,375.15,375.15,375.15,0.0,2006-05-09,350.1432311,81.57314696,18.42685304,56.286105,
,377.47,377.47,377.47,377.47,0.0,2006-05-10,352.643908,83.91773473,16.08226527,58.5959779,
,372.48,372.48,372.48,372.48,0.0,2006-05-23,355.623039,62.52774176,37.47225824,51.88787902,
,370.89,370.89,370.89,370.89,0.0,2006-05-24,358.2446744,56.76481972,43.23518028,44.2162311,
,368.89,368.89,368.89,368.89,0.0,2006-05-25,360.5517134,49.57994896,50.42005104,35.5410053,
,375.64,375.64,375.64,375.64,0.0,2006-05-28,362.5819078,67.13118046,32.86881954,35.28527642,
,380.2,380.2,380.2,380.2,0.0,2006-05-29,364.3684789,74.59810168,25.40189832,38.06746181,
,372.64,372.64,372.64,372.64,0.0,2006-05-30,366.5848918,50.71985511,49.28014489,30.74191149,
,371.74,371.74,371.74,371.74,0.0,2006-05-31,368.491007,48.41377529,51.58622471,25.22801907,
,371.97,371.97,371.97,371.97,0.0,2006-06-01,370.130266,49.15229657,50.84770343,20.52149663,
,372.06,372.06,372.06,372.06,0.0,2006-06-04,371.5400288,49.50588231,50.49411769,16.61484438,
,371.47,371.47,371.47,371.47,0.0,2006-06-05,380.2,46.83698512,53.16301488,14.55708146,
,370.47,370.47,370.47,370.47,0.0,2006-06-06,380.0254,42.03576123,57.96423877,14.83136067,
,369.62,369.62,369.62,369.62,0.0,2006-06-07,379.643184,37.90707191,62.09292809,16.70225977,
,370.84,370.84,370.84,370.84,0.0,2006-06-08,379.041793,47.20956664,52.79043336,14.47798116,
,371.62,371.62,371.62,371.62,0.0,2006-06-11,378.4764854,52.85430851,47.14569149,12.72410834,
,371.72,371.72,371.72,371.72,0.0,2006-06-12,377.9450963,53.64857702,46.35142298,11.63871748,
,370.79,370.79,370.79,370.79,0.0,2006-06-13,377.4455905,44.86238566,55.13761434,11.36601972,
,372.01,372.01,372.01,372.01,0.0,2006-06-14,376.9760551,56.53501892,43.46498108,11.70682334,
,372.21,372.21,372.21,372.21,0.0,2006-06-15,376.5346918,58.34218288,41.65781712,12.70233182,
,374.05,374.05,374.05,374.05,0.0,2006-06-18,376.1198102,71.81742492,28.18257508,18.88883543,
,375.49,375.49,375.49,375.49,0.0,2006-06-19,375.7298216,78.59186709,21.40813291,26.54781518,
,377.04,377.04,377.04,377.04,0.0,2006-06-20,369.62,83.82367646,16.17632354,34.76772272,
,378.68,378.68,378.68,378.68,0.0,2006-06-21,369.7684,87.77501071,12.22498929,42.92418246,
,378.87,378.87,378.87,378.87,0.0,2006-06-22,370.124864,88.19268232,11.80731768,49.6164189,
,378.45,378.45,378.45,378.45,0.0,2006-06-25,370.6495722,80.5850958,19.4149042,51.92717344,
,377.55,377.55,377.55,377.55,0.0,2006-06-26,371.1427978,65.46012879,34.53987121,47.72579027,
,375.47,375.47,375.47,375.47,0.0,2006-06-27,371.60643,42.44556091,57.55443909,41.20240785,
,374.74,374.74,374.74,374.74,0.0,2006-06-28,372.0422442,36.77361781,63.22638219,38.25247916,
,375.14,375.14,375.14,375.14,0.0,2006-06-29,372.4519095,42.07526461,57.92473539,33.77187748,
,376.77,376.77,376.77,376.77,0.0,2006-07-02,372.8369949,59.41145222,40.58854778,30.78208287,
,378.66,378.66,378.66,378.66,0.0,2006-07-03,373.1989752,71.69131371,28.30868629,33.30219178,
,380.43,380.43,380.43,380.43,0.0,2006-07-04,373.5392367,79.09517114,20.90482886,38.27982188,
,382.04,382.04,382.04,382.04,0.0,2006-07-05,374.0904978,83.88679642,16.11320358,44.17857607,
,383.85,383.85,383.85,383.85,0.0,2006-07-06,374.885448,87.81247312,12.18752688,50.46785011,
,384.6,384.6,384.6,384.6,0.0,2006-07-09,375.9611943,89.17809106,10.82190894,56.04551651,
,385.31,385.31,385.31,385.31,0.0,2006-07-10,377.1706271,90.44501549,9.554984509,61.0144194,
,386.63,386.63,386.63,386.63,0.0,2006-07-12,378.4729267,92.48860266,7.511397337,65.80697659,
,386.45,386.45,386.45,386.45,0.0,2006-07-13,379.9411999,89.23541573,10.76458427,68.33974756,
,386.83,386.83,386.83,386.83,0.0,2006-07-16,381.1451839,90.14971949,9.850280511,70.73168585,
,388.16,388.16,388.16,388.16,0.0,2006-07-17,382.2821471,92.81838175,7.181618247,73.71270138,
,389.74,389.74,389.74,389.74,0.0,2006-07-18,383.4577177,94.8787216,5.121278404,76.92164974,
,393.68,393.68,393.68,393.68,0.0,2006-07-19,384.7141742,97.29642821,2.703571787,80.45589108,
,395.89,395.89,395.89,395.89,0.0,2006-07-20,386.5073393,97.96877032,2.031229679,83.55222099,
,397.95,397.95,397.95,397.95,0.0,2006-07-23,388.3838715,98.42510948,1.574890523,86.21182058,
,398.21,398.21,398.21,398.21,0.0,2006-07-24,390.2970972,98.47901938,1.520980623,88.36106422,
,397.35,397.35,397.35,397.35,0.0,2006-07-25,391.8796777,86.26920489,13.73079511,85.19653333,
,394.86,394.86,394.86,394.86,0.0,2006-07-26,393.1457422,59.54853505,40.45146495,71.97664068,
,387.34,387.34,387.34,387.34,0.0,2006-07-27,398.21,27.45077717,72.54922283,66.60100168,
,386.5,386.5,386.5,386.5,0.0,2006-07-30,397.9926,25.52938743,74.47061257,63.06904637,
,378.76,378.76,378.76,378.76,0.0,2006-07-31,397.532896,14.13445756,85.86554244,64.80145407,
,366.73,366.73,366.73,366.73,0.0,2006-08-01,396.4065222,7.569975902,92.4300241,68.81317289,
,358.69,358.69,358.69,358.69,0.0,2006-08-02,394.0324005,5.453908226,94.54609177,72.86897502,
,355.6,355.6,355.6,355.6,0.0,2006-08-03,390.4981604,4.808208252,95.19179175,76.37189672,
,363.56,363.56,363.56,363.56,0.0,2006-08-06,386.3103812,31.08188863,68.91811137,68.66476192,
,383.14,383.14,383.14,383.14,0.0,2006-08-07,355.6,62.71985802,37.28014198,60.01975274,
,390.86,390.86,390.86,390.86,0.0,2006-08-08,356.1508,69.59826965,30.40173035,55.85511006,
,391.73,391.73,391.73,391.73,0.0,2006-08-13,357.539168,70.36842322,29.63157678,52.83145733,
,390.29,390.29,390.29,390.29,0.0,2006-08-14,359.5906179,66.863938,33.136062,49.01074107,
,389.23,389.23,389.23,389.23,0.0,2006-08-15,361.5189808,63.93417258,36.06582742,44.78226189,
,387.94,387.94,387.94,387.94,0.0,2006-08-17,363.331642,59.93892493,40.06107507,39.80137948,
,384.79,384.79,384.79,384.79,0.0,2006-08-20,365.0355435,50.33754708,49.66245292,31.97612242,
,382.91,382.91,382.91,382.91,0.0,2006-08-21,366.6372109,44.96415693,55.03584307,27.59523516,
,380.83,380.83,380.83,380.83,0.0,2006-08-22,368.1427782,39.18004422,60.81995578,26.40417044,
,379.93,379.93,379.93,379.93,0.0,2006-08-24,369.5580115,36.63137925,63.36862075,26.47078465,
,378.81,378.81,378.81,378.81,0.0,2006-08-27,370.8883308,33.26529674,66.73470326,27.87050903,
,378.24,378.24,378.24,378.24,0.0,2006-08-28,372.138831,31.42809684,68.57190316,29.72516849,
,379.27,379.27,379.27,379.27,0.0,2006-08-29,373.3143011,39.03359991,60.96640009,28.16669482,
,380.73,380.73,380.73,380.73,0.0,2006-08-30,374.4192431,49.04691479,50.95308521,22.91458995,
,382.24,382.24,382.24,382.24,0.0,2006-08-31,375.4578885,57.97111482,42.02888518,21.52011788,
,382.63,382.63,382.63,382.63,0.0,2006-09-03,376.4342152,60.22046065,39.77953935,21.30427857,
,382.5,382.5,382.5,382.5,0.0,2006-09-04,377.3519623,58.90686107,41.09313893,20.60616728,
,380.92,380.92,380.92,380.92,0.0,2006-09-05,378.2146445,44.24454925,55.75545075,18.78711413,
,381.47,381.47,381.47,381.47,0.0,2006-09-07,379.0255658,49.69308575,50.30691425,15.152457,
,381.42,381.42,381.42,381.42,0.0,2006-09-10,379.7878319,49.14731574,50.85268426,12.46303931,
,381.37,381.37,381.37,381.37,0.0,2006-09-11,380.504362,48.48173331,51.51826669,10.57773812,
,383.6,383.6,383.6,383.6,0.0,2006-09-12,381.1779003,70.64486133,29.35513867,16.72013503,
,383.17,383.17,383.17,383.17,0.0,2006-09-13,381.37,64.00779325,35.99220675,18.97922532,
,382.56,382.56,382.56,382.56,0.0,2006-09-14,381.9916,54.86710074,45.13289926,17.13022055,
,387.59,387.59,387.59,387.59,0.0,2006-09-18,382.56,81.74201917,18.25798083,26.40098411,
,393.02,393.02,393.02,393.02,0.0,2006-09-19,382.56,89.87646497,10.12353503,37.07137328,
,393.39,393.39,393.39,393.39,0.0,2006-09-20,383.3968,90.24658602,9.753413977,45.75573303,
,392.09,392.09,392.09,392.09,0.0,2006-09-21,384.39612,77.76060005,22.23939995,47.70882644,
,391.62,391.62,391.62,391.62,0.0,2006-09-22,385.295508,73.18469656,26.81530344,47.44093978,
,392.41,392.41,392.41,392.41,0.0,2006-09-25,386.1049572,76.13530988,23.86469012,48.40687577,
,392.73,392.73,392.73,392.73,0.0,2006-09-26,386.8334615,77.39473427,22.60526573,49.68339433,
,394.25,394.25,394.25,394.25,0.0,2006-09-28,387.4891153,82.78799472,17.21200528,52.86191335,
,397.46,397.46,397.46,397.46,0.0,2006-10-08,388.3004215,89.43929115,10.56070885,58.06524714,
,399.1,399.1,399.1,399.1,0.0,2006-10-09,389.5827625,91.5296661,8.470333898,63.06406415,
,399.45,399.45,399.45,399.45,0.0,2006-10-10,391.1055205,91.95449926,8.045500735,67.23305103,
,397.98,397.98,397.98,397.98,0.0,2006-10-11,392.6075268,72.78820354,27.21179646,62.90172224,
,398.88,398.88,398.88,398.88,0.0,2006-10-12,393.839172,76.53173415,23.46826585,60.93407145,
,399.22,399.22,399.22,399.22,0.0,2006-10-15,394.849121,77.96331802,22.03668198,59.93258437,
,398.2,398.2,398.2,398.2,0.0,2006-10-16,395.6772792,63.44913016,36.55086984,53.32571956,
,398.44,398.44,398.44,398.44,0.0,2006-10-17,396.356369,65.34657713,34.65342287,48.7992065,
,398.14,398.14,398.14,398.14,0.0,2006-10-18,396.9132226,60.44378367,39.55621633,43.21687867,
,399.65,399.65,399.65,399.65,0.0,2006-10-19,397.3698425,73.12845259,26.87154741,43.82488397,
,401.07,401.07,401.07,401.07,0.0,2006-10-26,397.825874,80.48475792,19.51524208,47.25381034,
,403.02,403.02,403.02,403.02,0.0,2006-10-29,398.4746992,86.72359693,13.27640307,52.49248705,
,405.13,405.13,405.13,405.13,0.0,2006-10-30,399.3837594,90.73137075,9.268629252,58.28653794,
,408.38,408.38,408.38,408.38,0.0,2006-10-31,400.5330075,94.13827106,5.861728944,64.28453877,
,402.11,402.11,402.11,402.11,0.0,2006-11-01,402.102406,49.90321221,50.09678779,51.46634613,
,413.1,413.1,413.1,413.1,0.0,2006-11-02,402.11,75.3161091,24.6838909,51.29952055,
,415.14,415.14,415.14,415.14,0.0,2006-11-05,402.11,77.91551478,22.08448522,52.20582235,
,419.56,419.56,419.56,419.56,0.0,2006-11-06,404.716,82.81641917,17.18358083,54.89122555,
,424.21,424.21,424.21,424.21,0.0,2006-11-07,407.6848,86.69826261,13.30173739,58.59228548,
,435.88,435.88,435.88,435.88,0.0,2006-11-08,410.98984,92.21521238,7.784787617,63.75991334,
,445.01,445.01,445.01,445.01,0.0,2006-11-09,415.967872,94.4616008,5.5383992,68.79257099,
,448.69,448.69,448.69,448.69,0.0,2006-11-12,421.7762976,95.16460383,4.835396167,73.09989832,
,441.0,441.0,441.0,441.0,0.0,2006-11-13,427.1590381,71.4685328,28.5314672,67.06733178,
,445.03,445.03,445.03,445.03,0.0,2006-11-14,431.4652305,75.46974576,24.53025424,63.84176373,
,448.12,448.12,448.12,448.12,0.0,2006-11-15,434.9101844,78.37619726,21.62380274,62.42388989,
,447.43,447.43,447.43,447.43,0.0,2006-11-16,437.6661475,75.86711319,24.13288681,60.28595718,
,447.79,447.79,447.79,447.79,0.0,2006-11-19,439.870918,76.36066161,23.63933839,58.77303039,
,445.58,445.58,445.58,445.58,0.0,2006-11-20,441.6347344,66.00254166,33.99745834,53.41944098,
,446.48,446.48,446.48,446.48,0.0,2006-11-21,443.0457875,68.1984764,31.8015236,50.01494334,
,453.03,453.03,453.03,453.03,0.0,2006-11-23,444.17463,79.96880592,20.03119408,51.99947704,
,463.74,463.74,463.74,463.74,0.0,2006-11-26,445.945704,88.59584754,11.40415246,57.03792065,
,469.51,469.51,469.51,469.51,0.0,2006-11-27,449.5045632,91.15981616,8.840183841,62.09426298,
,478.01,478.01,478.01,478.01,0.0,2006-11-28,453.5056506,93.74811239,6.251887614,67.17465534,
,492.46,492.46,492.46,492.46,0.0,2006-11-29,458.4065205,96.14598129,3.85401871,72.19811679,
,486.19,486.19,486.19,486.19,0.0,2006-11-30,465.2172164,79.58913034,20.41086966,69.59414556,
,479.83,479.83,479.83,479.83,0.0,2006-12-03,470.6657731,65.32553078,34.67446922,61.80552876,
,476.93,476.93,476.93,476.93,0.0,2006-12-04,475.0246185,59.27115131,40.72884869,53.15288353,
,475.01,475.01,475.01,475.01,0.0,2006-12-05,492.46,55.04885937,44.95114063,44.54185058,
,473.31,473.31,473.31,473.31,0.0,2006-12-06,492.111,51.0258345,48.9741655,36.04381426,
,476.8,476.8,476.8,476.8,0.0,2006-12-07,491.35896,58.75994161,41.24005839,32.33902806,
,480.95,480.95,480.95,480.95,0.0,2006-12-10,490.6370016,66.60004372,33.39995628,32.51123993,
,485.71,485.71,485.71,485.71,0.0,2006-12-11,489.9439215,73.75384674,26.24615326,35.51053064,
,494.18,494.18,494.18,494.18,0.0,2006-12-12,473.31,82.22294756,17.77705244,41.29760354,
,503.02,503.02,503.02,503.02,0.0,2006-12-13,473.7274,87.48948945,12.51051055,48.03387861,
,508.58,508.58,508.58,508.58,0.0,2006-12-14,474.899104,89.85290486,10.14709514,54.36826483,
,514.36,514.36,514.36,514.36,0.0,2006-12-17,476.9199578,91.85290812,8.147091884,60.23577511,
,517.0,517.0,517.0,517.0,0.0,2006-12-18,479.9151611,92.67698033,7.323019668,65.25941222,
,517.45,517.45,517.45,517.45,0.0,2006-12-19,483.623645,92.83147415,7.168525847,69.34011944,
,511.22,511.22,511.22,511.22,0.0,2006-12-20,487.6828076,68.0036491,31.9963509,62.67355519,
,515.39,515.39,515.39,515.39,0.0,2006-12-21,491.2548707,73.85427291,26.14572709,59.68055332,
,518.64,518.64,518.64,518.64,0.0,2006-12-24,494.3982862,77.80760437,22.19239563,58.8674844,
,520.96,520.96,520.96,520.96,0.0,2006-12-25,497.7921262,80.44585459,19.55414541,59.27232936,
,520.78,520.78,520.78,520.78,0.0,2006-12-26,501.498986,79.52893449,20.47106551,59.22943728,
,520.02,520.02,520.02,520.02,0.0,2006-12-27,504.6127482,75.01625682,24.98374318,57.39005255,
,517.46,517.46,517.46,517.46,0.0,2006-12-28,507.2283085,60.54990556,39.45009444,50.13200427,
,514.42,514.42,514.42,514.42,0.0,2006-12-31,509.4253791,47.07471425,52.92528575,41.27571772,
,512.72,512.72,512.72,512.72,0.0,2007-01-01,511.2709185,40.73746459,59.26253541,36.72558834,
,508.96,508.96,508.96,508.96,0.0,2007-01-02,520.96,29.68796723,70.31203277,37.50528378,
,505.25,505.25,505.25,505.25,0.0,2007-01-03,520.72,22.24588721,77.75411279,41.10587214,
,512.32,512.32,512.32,512.32,0.0,2007-01-04,520.1012,51.31637416,48.68362584,33.41124737,
,521.37,521.37,521.37,521.37,0.0,2007-01-07,505.25,69.53903448,30.46096552,34.54461169,
,525.27,525.27,525.27,525.27,0.0,2007-01-08,505.5724,74.65029301,25.34970699,37.49580655,
,530.45,530.45,530.45,530.45,0.0,2007-01-09,506.360304,80.17364009,19.82635991,42.06610128,
,532.28,532.28,532.28,532.28,0.0,2007-01-10,507.8056858,81.9138691,18.0861309,46.41842866,
,532.33,532.33,532.33,532.33,0.0,2007-01-11,509.7636309,81.96792437,18.03207563,49.92191268,
,537.09,537.09,537.09,537.09,0.0,2007-01-14,512.0202678,86.6987088,13.3012912,54.61701366,
,538.36,538.36,538.36,538.36,0.0,2007-01-15,515.0286357,87.76889629,12.23110371,58.80116945,
,538.53,538.53,538.53,538.53,0.0,2007-01-17,518.2950267,87.93136858,12.06863142,62.21348299,
,535.94,535.94,535.94,535.94,0.0,2007-01-18,521.5326224,70.17817196,29.82182804,57.84205518,
,529.81,529.81,529.81,529.81,0.0,2007-01-21,524.2522028,43.93508481,56.06491519,48.69961022,
,527.05,527.05,527.05,527.05,0.0,2007-01-22,526.5366504,36.29616091,63.70383909,44.44122381,
,526.33,526.33,526.33,526.33,0.0,2007-01-24,538.53,34.34871825,65.65128175,41.81349175,
,523.63,523.63,523.63,523.63,0.0,2007-01-25,538.286,27.44594693,72.55405307,42.47241463,
,519.92,519.92,519.92,519.92,0.0,2007-01-28,537.69976,20.40332884,79.59667116,45.81660017,
,512.7,512.7,512.7,512.7,0.0,2007-01-29,536.6329744,12.56201844,87.43798156,51.62847276,
,513.34,513.34,513.34,513.34,0.0,2007-01-31,534.7183364,16.13334629,83.86665371,54.84943969,
,519.05,519.05,519.05,519.05,0.0,2007-02-01,532.9568695,42.37979478,57.62020522,46.92763384,
,519.77,519.77,519.77,519.77,0.0,2007-02-04,531.33632,45.08843578,54.91156422,39.50673276,
,520.2,520.2,520.2,520.2,0.0,2007-02-05,529.8454144,46.95012417,53.04987583,32.82533654,
,520.65,520.65,520.65,520.65,0.0,2007-02-06,528.4737812,49.20299033,50.79700967,26.5790731,
,519.69,519.69,519.69,519.69,0.0,2007-02-07,527.2118787,44.19780198,55.80219802,23.58413769,
,523.11,523.11,523.11,523.11,0.0,2007-02-08,526.0509284,61.59506275,38.40493725,23.50533525,
,524.79,524.79,524.79,524.79,0.0,2007-02-11,524.9828542,67.76583098,32.23416902,25.91060059,
,523.94,523.94,523.94,523.94,0.0,2007-02-12,524.79,61.51480265,38.48519735,25.33440154,
,525.08,525.08,525.08,525.08,0.0,2007-02-13,512.7,66.66924605,33.33075395,26.93521965,
,525.86,525.86,525.86,525.86,0.0,2007-02-14,512.9476,70.09482633,29.90517367,29.58610625,
,526.97,526.97,526.97,526.97,0.0,2007-02-15,513.464096,74.71708771,25.28291229,33.55572009,
,525.69,525.69,525.69,525.69,0.0,2007-02-18,514.2744502,61.10353413,38.89646587,31.28598972,
,523.2,523.2,523.2,523.2,0.0,2007-02-20,515.0361832,42.34337763,57.65662237,28.09144073,
,520.46,520.46,520.46,520.46,0.0,2007-02-21,515.7522122,29.77085017,70.22914983,30.56481251,
,519.07,519.07,519.07,519.07,0.0,2007-02-22,516.4252795,25.05366786,74.94633214,34.43038287,
,517.79,517.79,517.79,517.79,0.0,2007-02-25,517.0579627,21.18903844,78.81096156,39.06869092,
,514.66,514.66,514.66,514.66,0.0,2007-02-26,526.97,14.39962662,85.60037338,45.49510209,
,511.85,511.85,511.85,511.85,0.0,2007-02-27,526.7238,10.59124853,89.40875147,52.15958226,
,511.81,511.81,511.81,511.81,0.0,2007-02-28,526.128848,10.54163951,89.45836049,57.51101,
,508.89,508.89,508.89,508.89,0.0,2007-03-01,525.2697171,7.385143096,92.6148569,63.05475076,
,505.37,505.37,505.37,505.37,0.0,2007-03-04,523.9593398,5.088998303,94.9110017,68.40820129,
,498.26,498.26,498.26,498.26,0.0,2007-03-05,522.1004058,2.850957357,97.14904264,73.58617809,
,485.98,485.98,485.98,485.98,0.0,2007-03-06,519.2395571,1.462437958,98.53756204,78.28396729,
,476.07,476.07,476.07,476.07,0.0,2007-03-07,514.5832191,0.980646561,99.01935344,82.23491521,
,486.81,486.81,486.81,486.81,0.0,2007-03-08,508.421104,31.53586317,68.46413683,73.1735869,
,496.64,496.64,496.64,496.64,0.0,2007-03-11,503.2449274,49.39978751,50.60021249,58.77895451,
,500.72,500.72,500.72,500.72,0.0,2007-03-12,476.07,55.43294092,44.56705908,49.19633998,
,500.12,500.12,500.12,500.12,0.0,2007-03-13,476.563,54.24404136,45.75595864,41.05468853,
,494.06,494.06,494.06,494.06,0.0,2007-03-14,477.04614,42.68579373,57.31420627,35.76943333,
,493.88,493.88,493.88,493.88,0.0,2007-03-15,477.5196172,42.35074276,57.64925724,31.67524956,
,492.32,492.32,492.32,492.32,0.0,2007-03-21,477.9836249,39.03174053,60.96825947,29.72750343,
,491.47,491.47,491.47,491.47,0.0,2007-03-22,478.4383524,37.05392807,62.94607193,28.96043152,
,488.52,488.52,488.52,488.52,0.0,2007-03-25,478.8839853,30.37638899,69.62361101,31.01778962,
,482.52,482.52,482.52,482.52,0.0,2007-03-28,479.3207056,20.83193568,79.16806432,36.48145742,
,480.99,480.99,480.99,480.99,0.0,2007-03-29,479.7486915,18.93548506,81.06451494,41.61097191,
,502.15,502.15,502.15,502.15,0.0,2007-04-01,480.1681177,68.50380726,31.49619274,40.69030044,
,507.46,507.46,507.46,507.46,0.0,2007-04-02,480.99,73.57271954,26.42728046,41.98132816,
,501.67,501.67,501.67,501.67,0.0,2007-04-03,482.5782,60.3373267,39.6626733,37.71999321,
,491.61,491.61,491.61,491.61,0.0,2007-04-04,484.071108,43.38612983,56.61387017,32.82154264,
,488.93,488.93,488.93,488.93,0.0,2007-04-05,485.4744415,39.67443798,60.32556202,30.38745892,
,488.22,488.22,488.22,488.22,0.0,2007-04-08,486.793575,38.58140661,61.41859339,28.87740449,
,487.43,487.43,487.43,487.43,0.0,2007-04-09,507.46,37.15760869,62.84239131,28.23888011,
,487.01,487.01,487.01,487.01,0.0,2007-04-10,507.0594,36.26814574,63.73185426,28.0838458,
,489.03,489.03,489.03,489.03,0.0,2007-04-11,506.257424,44.28597385,55.71402615,24.7526871,
,494.59,494.59,494.59,494.59,0.0,2007-04-12,505.487527,61.1165346,38.8834654,24.24876352,
,497.73,497.73,497.73,497.73,0.0,2007-04-15,504.748426,67.95111474,32.04888526,26.57945671,
,498.02,498.02,498.02,498.02,0.0,2007-04-16,504.0388889,68.58851711,31.41148289,28.69897221,
,498.91,498.91,498.91,498.91,0.0,2007-04-17,503.3577334,70.81520534,29.18479466,31.28525991,
,501.27,501.27,501.27,501.27,0.0,2007-04-18,502.703824,76.36791561,23.63208439,35.57537417,
,503.29,503.29,503.29,503.29,0.0,2007-04-19,487.01,80.36488788,19.63511212,40.60625449,
,502.72,502.72,502.72,502.72,0.0,2007-04-22,487.3356,75.84046104,24.15953896,42.82118801,
,501.53,501.53,501.53,501.53,0.0,2007-04-23,487.654688,66.12535856,33.87464144,40.70709383,
,502.6,502.6,502.6,502.6,0.0,2007-04-25,487.9673942,70.38870523,29.61129477,40.72115715,
,506.62,506.62,506.62,506.62,0.0,2007-04-26,488.2738464,81.38889837,18.61110163,45.13248507,
,509.62,509.62,509.62,509.62,0.0,2007-04-29,489.0076925,86.17853205,13.82146795,50.57740088,
,513.69,513.69,513.69,513.69,0.0,2007-04-30,490.244431,90.37789544,9.622104562,56.61307888,
,514.65,514.65,514.65,514.65,0.0,2007-05-03,492.1200765,91.16898683,8.831013175,61.75805783,
,514.99,514.99,514.99,514.99,0.0,2007-05-06,494.3730688,91.47912724,8.520872761,65.99809716,
,516.14,516.14,516.14,516.14,0.0,2007-05-07,496.8471006,92.58075855,7.419241453,69.83078115,
,517.42,517.42,517.42,517.42,0.0,2007-05-08,499.5481065,93.71184891,6.288151094,73.34936448,
,518.62,518.62,518.62,518.62,0.0,2007-05-09,502.4076095,94.66498465,5.335015347,76.54548545,
,518.28,518.28,518.28,518.28,0.0,2007-05-10,505.3258397,89.84196833,10.15803167,77.17317569,
,516.8,516.8,516.8,516.8,0.0,2007-05-13,507.7187886,70.34189522,29.65810478,69.87529864,
,513.45,513.45,513.45,513.45,0.0,2007-05-14,509.6810066,43.57921942,56.42078058,58.46855114,
,512.38,512.38,512.38,512.38,0.0,2007-05-15,511.2900255,37.83239089,62.16760911,51.64188456,
,515.2,515.2,515.2,515.2,0.0,2007-05-16,512.38,56.66054009,43.33945991,43.97772368,
,518.55,518.55,518.55,518.55,0.0,2007-05-17,512.38,70.10509342,29.89490658,43.22421631,
,525.64,525.64,525.64,525.64,0.0,2007-05-20,513.5032,83.58037005,16.41962995,48.01152107,
,525.15,525.15,525.15,525.15,0.0,2007-05-21,515.93056,80.4477047,19.5522953,50.58829874,
,522.23,522.23,522.23,522.23,0.0,2007-05-22,517.872448,62.88935673,37.11064327,45.62638168,
,523.46,523.46,523.46,523.46,0.0,2007-05-23,519.4259584,66.7145762,33.2854238,43.18693582,
,525.05,525.05,525.05,525.05,0.0,2007-05-24,520.6687667,71.4669266,28.5330734,43.1363193,
,524.92,524.92,524.92,524.92,0.0,2007-05-27,521.6630134,70.43908939,29.56091061,42.6846912,
,525.94,525.94,525.94,525.94,0.0,2007-05-28,522.4584107,74.09333382,25.90666618,43.78508649,
,531.96,531.96,531.96,531.96,0.0,2007-05-29,523.1547286,86.45035863,13.54964137,49.60821264,
,540.67,540.67,540.67,540.67,0.0,2007-05-30,524.9157828,92.72560628,7.274393724,56.77681262,
,541.38,541.38,541.38,541.38,0.0,2007-05-31,528.0666263,93.05341797,6.946582029,62.64281729,
,537.74,537.74,537.74,537.74,0.0,2007-06-03,530.729301,72.2022115,27.7977885,58.99513843,
,542.14,542.14,542.14,542.14,0.0,2007-06-04,532.8594408,79.23336156,20.76663844,58.88945537,
,544.14,544.14,544.14,544.14,0.0,2007-06-05,534.7155527,81.8428277,18.1571723,59.84869537,
,549.96,549.96,549.96,549.96,0.0,2007-06-06,536.6004421,87.53862417,12.46137583,62.89440597,
,552.06,552.06,552.06,552.06,0.0,2007-06-07,539.2723537,89.08319591,10.91680409,65.94880314,
,559.15,559.15,559.15,559.15,0.0,2007-06-10,541.829883,92.83247779,7.167522207,69.89203363,
,564.51,564.51,564.51,564.51,0.0,2007-06-11,545.2939064,94.58871005,5.411289953,73.74911092,
,572.72,572.72,572.72,572.72,0.0,2007-06-12,549.1371251,96.31669232,3.683307685,77.52596566,
,583.55,583.55,583.55,583.55,0.0,2007-06-13,553.8537001,97.58715749,2.412842511,81.05563553,
,575.04,575.04,575.04,575.04,0.0,2007-06-14,559.7929601,72.8918323,27.1081677,74.00124134,
,569.45,569.45,569.45,569.45,0.0,2007-06-17,564.544368,60.35165861,39.64834139,63.34165652,
,563.49,563.49,563.49,563.49,0.0,2007-06-18,583.55,49.09506496,50.90493504,51.03529923,
,567.28,567.28,567.28,567.28,0.0,2007-06-19,583.1488,55.66771961,44.33228039,43.09532722,
,578.81,578.81,578.81,578.81,0.0,2007-06-20,582.755624,70.2667366,29.7332634,42.58295642,
,583.44,583.44,583.44,583.44,0.0,2007-06-21,563.49,74.48439257,25.51560743,43.86012216,
,584.01,584.01,584.01,584.01,0.0,2007-06-24,563.889,75.02947247,24.97052753,45.09988672,
,588.21,588.21,588.21,588.21,0.0,2007-06-25,564.69384,79.13490619,20.86509381,47.73387185,
,590.29,590.29,590.29,590.29,0.0,2007-06-26,566.1048096,81.06234898,18.93765102,50.61203707,
,591.65,591.65,591.65,591.65,0.0,2007-06-27,568.0396248,82.39176972,17.60823028,53.44633754,
,593.65,593.65,593.65,593.65,0.0,2007-07-01,570.4006623,84.40429954,15.59570046,56.51878985,
,598.52,598.52,598.52,598.52,0.0,2007-07-02,573.1905829,88.42950143,11.57049857,60.58683245,
,602.87,602.87,602.87,602.87,0.0,2007-07-03,576.7367013,91.0178992,8.982100805,64.87662564,
,611.08,611.08,611.08,611.08,0.0,2007-07-04,580.9180291,94.12076819,5.879231807,69.54960779,
,613.47,613.47,613.47,613.47,0.0,2007-07-05,586.3471838,94.77728601,5.222713992,73.55060064,
,615.43,615.43,615.43,615.43,0.0,2007-07-09,591.7717471,95.31372672,4.686273284,76.96597119,
,620.61,620.61,620.61,620.61,0.0,2007-07-10,596.5033977,96.50100496,3.498995037,80.17317894,
,633.02,633.02,633.02,633.02,0.0,2007-07-11,601.3247181,98.01047863,1.989521367,83.34273461,
,643.15,643.15,643.15,643.15,0.0,2007-07-12,607.6637745,98.61856022,1.381439783,86.12161177,
,657.47,657.47,657.47,657.47,0.0,2007-07-15,614.7610196,99.10300686,0.89699314,88.53849216,
,683.95,683.95,683.95,683.95,0.0,2007-07-16,623.3028157,99.50458401,0.495415993,90.63262733,
,696.68,696.68,696.68,696.68,0.0,2007-07-17,635.4322525,99.60961042,0.390389582,92.34994603,
,677.98,677.98,677.98,677.98,0.0,2007-07-18,647.681802,71.69920903,28.30079097,82.55964044,
,679.99,679.99,679.99,679.99,0.0,2007-07-19,657.4814416,72.72599112,27.27400888,75.1381088,
,687.65,687.65,687.65,687.65,0.0,2007-07-22,665.3211533,76.74515632,23.25484368,70.80854957,
,695.68,695.68,695.68,695.68,0.0,2007-07-23,671.5929226,80.50889986,19.49110014,68.8503996,
,695.38,695.38,695.38,695.38,0.0,2007-07-24,676.6103381,79.90495673,20.09504327,67.04230237,
,689.8,689.8,689.8,689.8,0.0,2007-07-25,680.6242705,68.03829581,31.96170419,60.84916022,
,687.83,687.83,687.83,687.83,0.0,2007-07-26,683.8354164,63.8534341,36.1465659,54.22070182,
,685.36,685.36,685.36,685.36,0.0,2007-07-29,696.68,58.2392789,41.7607211,46.67227301,
,680.55,680.55,680.55,680.55,0.0,2007-07-30,696.4536,47.97218001,52.02781999,38.14894641,
,678.97,678.97,678.97,678.97,0.0,2007-07-31,695.817456,44.73406587,55.26593413,32.62553078,
,683.36,683.36,683.36,683.36,0.0,2007-08-01,694.8066086,55.2297287,44.7702713,28.1923161,
,693.23,693.23,693.23,693.23,0.0,2007-08-02,693.8564121,70.80939373,29.19060627,30.87761038,
,702.73,702.73,702.73,702.73,0.0,2007-08-05,678.97,79.42414505,20.57585495,36.47174632,
,706.11,706.11,706.11,706.11,0.0,2007-08-06,679.4452,81.81141559,18.18858441,41.90196329,
,719.69,719.69,719.69,719.69,0.0,2007-08-07,680.511792,88.50779639,11.49220361,48.92468919,
,725.31,725.31,725.31,725.31,0.0,2007-08-08,682.8624845,90.34636086,9.653639141,55.2782957,
,723.32,723.32,723.32,723.32,0.0,2007-08-09,686.2582857,84.37188159,15.62811841,57.97138919,
,718.09,718.09,718.09,718.09,0.0,2007-08-13,689.3824229,69.3138546,30.6861454,54.10265319,
,712.67,712.67,712.67,712.67,0.0,2007-08-14,692.256629,56.29804319,43.70195681,45.80133983,
,705.05,705.05,705.05,705.05,0.0,2007-08-15,694.9008987,42.32928434,57.67071566,39.70935813,
,705.96,705.96,705.96,705.96,0.0,2007-08-16,697.3336268,44.3890658,55.6109342,34.01186018,
,710.64,710.64,710.64,710.64,0.0,2007-08-19,699.5717367,54.77331368,45.22668632,29.11881362,
,714.06,714.06,714.06,714.06,0.0,2007-08-20,701.6307977,61.3635675,38.6364325,27.84047789,
,721.75,721.75,721.75,721.75,0.0,2007-08-21,703.5251339,72.58972281,27.41027719,31.30827144,
,722.54,722.54,722.54,722.54,0.0,2007-08-22,705.2679232,73.57565932,26.42434068,34.47688088,
,725.51,725.51,725.51,725.51,0.0,2007-08-23,706.8712893,77.39643723,22.60356277,38.54007959,
,725.86,725.86,725.86,725.86,0.0,2007-08-24,708.7351604,77.86784096,22.13215904,41.97920006,
,723.74,723.74,723.74,723.74,0.0,2007-08-26,710.7901412,67.24894363,32.75105637,40.4829375,
,723.04,723.04,723.04,723.04,0.0,2007-08-27,712.5985242,63.66552298,36.33447702,37.85255919,
,739.53,739.53,739.53,739.53,0.0,2007-08-30,714.1899013,85.85700569,14.14299431,44.62484963,
,756.05,756.05,756.05,756.05,0.0,2007-09-02,717.7375151,91.98621533,8.013784669,52.49436584,
,769.07,769.07,769.07,769.07,0.0,2007-09-03,723.8675127,94.38396511,5.616034886,59.74907872,
,785.43,785.43,785.43,785.43,0.0,2007-09-05,732.0039604,96.17942934,3.820570661,66.27103471,
,796.34,796.34,796.34,796.34,0.0,2007-09-06,742.6891683,96.98336485,3.016635153,71.81017371,
,811.98,811.98,811.98,811.98,0.0,2007-09-09,753.4193347,97.80937174,2.190628259,76.57188766,
,828.78,828.78,828.78,828.78,0.0,2007-09-10,765.1314677,98.39826253,1.601737466,80.61681514,
,833.56,833.56,833.56,833.56,0.0,2007-09-11,777.8611742,98.53803795,1.461962047,83.9086673,
,821.44,821.44,821.44,821.44,0.0,2007-09-12,789.0009394,77.18894948,22.81105052,78.00251363,
,813.77,813.77,813.77,813.77,0.0,2007-09-13,797.9127515,65.89533732,34.10466268,68.76014583,
,818.16,818.16,818.16,818.16,0.0,2007-09-16,805.0422012,69.12706547,30.87293453,62.65894285,
,817.08,817.08,817.08,817.08,0.0,2007-09-17,810.7457609,67.16973592,32.83026408,56.99504865,
,827.74,827.74,827.74,827.74,0.0,2007-09-18,815.3086088,75.66955011,24.33044989,55.86385896,
,837.92,837.92,837.92,837.92,0.0,2007-09-19,817.08,81.4137285,18.5862715,57.25657857,
,879.96,879.96,879.96,879.96,0.0,2007-09-20,821.248,91.62296274,8.377037256,62.45444795,
,847.86,847.86,847.86,847.86,0.0,2007-09-23,832.9904,60.1094896,39.8905104,54.0073542,
,848.2,848.2,848.2,848.2,0.0,2007-09-24,842.38432,60.29032032,39.70967968,47.32201149,
,855.13,855.13,855.13,855.13,0.0,2007-09-26,847.86,64.40177325,35.59822675,43.61831849,
,878.35,878.35,878.35,878.35,0.0,2007-09-27,848.2,75.16948913,24.83051087,44.96245045,
,885.5,885.5,885.5,885.5,0.0,2007-09-30,854.552,77.75892328,22.24107672,47.07352967,
,887.45,887.45,887.45,887.45,0.0,2007-10-01,860.7416,78.52248106,21.47751894,49.06781616,
,886.12,886.12,886.12,886.12,0.0,2007-10-02,866.08328,76.28953561,23.71046439,49.77006717,
,890.56,890.56,890.56,890.56,0.0,2007-10-03,870.356624,78.80469293,21.19530707,51.33793091,
,899.42,899.42,899.42,899.42,0.0,2007-10-04,874.3972992,83.23948466,16.76051534,54.36613859,
,899.38,899.38,899.38,899.38,0.0,2007-10-07,879.4018394,83.14131287,16.85868713,56.74943602,
,873.92,873.92,873.92,873.92,0.0,2007-10-08,899.42,42.89278693,57.10721307,48.24243405,
,848.12,848.12,848.12,848.12,0.0,2007-10-09,899.38,26.58858265,73.41141735,47.95851418,
,837.72,837.72,837.72,837.72,0.0,2007-10-10,897.3296,22.31463848,77.68536152,49.44095595,
,866.13,866.13,866.13,866.13,0.0,2007-10-11,893.753024,49.84434048,50.15565952,39.61502857,
,883.42,883.42,883.42,883.42,0.0,2007-10-14,890.3910426,60.49445252,39.50554748,35.88980386,
,869.26,869.26,869.26,869.26,0.0,2007-10-15,887.23078,49.6924778,50.3075222,28.83485197,
,863.14,863.14,863.14,863.14,0.0,2007-10-16,884.2601332,45.32047675,54.67952325,24.93969087,
,861.37,861.37,861.37,861.37,0.0,2007-10-17,881.4677252,43.9234089,56.0765911,22.38238914,
,858.06,858.06,858.06,858.06,0.0,2007-10-28,878.8428617,40.97107717,59.02892283,21.51748044,
,859.49,859.49,859.49,859.49,0.0,2007-10-29,876.37549,43.03868046,56.96131954,19.99851217,
,864.89,864.89,864.89,864.89,0.0,2007-10-30,874.0561606,51.12030352,48.87969648,16.44693115,
,878.86,878.86,878.86,878.86,0.0,2007-10-31,837.72,66.49340527,33.50659473,19.75490702,
,887.59,887.59,887.59,887.59,0.0,2007-11-01,838.5428,73.10165456,26.89834544,25.04458744,
,876.6,876.6,876.6,876.6,0.0,2007-11-04,840.504688,55.78795038,44.21204962,22.35085011,
,874.54,874.54,874.54,874.54,0.0,2007-11-05,842.3881005,52.85484842,47.14515158,19.02261945,
,877.44,877.44,877.44,877.44,0.0,2007-11-06,844.1961765,56.84726517,43.15273483,17.95700163,
,880.06,880.06,880.06,880.06,0.0,2007-11-07,845.9319294,60.61391266,39.38608734,18.61116637,
,882.45,882.45,882.45,882.45,0.0,2007-11-08,847.5982522,64.17915535,35.82084465,20.56059523,
,889.12,889.12,889.12,889.12,0.0,2007-11-12,849.1979221,72.7759558,27.2240442,25.5588585,
,892.28,892.28,892.28,892.28,0.0,2007-11-13,851.5932468,76.16370353,23.83629647,30.91256822,
,902.45,902.45,902.45,902.45,0.0,2007-11-14,854.8481871,84.11562933,15.88437067,38.3763063,
,915.38,915.38,915.38,915.38,0.0,2007-11-15,859.6083684,89.6192613,10.3807387,46.54874956,
,851.55,851.55,851.55,851.55,0.0,2007-11-18,915.38,28.55899811,71.44100189,45.81540041,
,855.0,855.0,855.0,855.0,0.0,2007-11-19,915.38,31.70286439,68.29713561,43.97117457,
,852.68,852.68,852.68,852.68,0.0,2007-11-20,914.1034,30.57197802,69.42802198,42.94814845,
,855.56,855.56,855.56,855.56,0.0,2007-11-21,912.852332,34.21341124,65.78658876,40.67315426,
,856.24,856.24,856.24,856.24,0.0,2007-11-22,911.6262854,35.21624766,64.78375234,38.45202435,
,861.29,861.29,861.29,861.29,0.0,2007-11-25,910.4247597,43.2472883,56.7527117,33.46270416,
,867.61,867.61,867.61,867.61,0.0,2007-11-26,909.2472645,52.46556561,47.53443439,27.75638957,
,869.38,869.38,869.38,869.38,0.0,2007-11-27,908.0933192,55.02308545,44.97691455,24.21434583,
,879.58,879.58,879.58,879.58,0.0,2007-11-28,906.9624528,67.5857878,32.4142122,26.40579179,
,897.29,897.29,897.29,897.29,0.0,2007-11-29,905.8542037,79.81942066,20.18057934,33.0524017,
,922.44,922.44,922.44,922.44,0.0,2007-12-02,851.55,87.91553733,12.08446267,41.60813629,
,942.99,942.99,942.99,942.99,0.0,2007-12-03,852.9678,91.42798522,8.572014784,49.85770312,
,963.79,963.79,963.79,963.79,0.0,2007-12-04,856.568688,93.73272857,6.267271432,57.37925392,
,974.41,974.41,974.41,974.41,0.0,2007-12-05,863.0019667,94.65066147,5.34933853,63.76366773,
,992.81,992.81,992.81,992.81,0.0,2007-12-06,871.9146094,95.93886206,4.061137941,69.386479,
,1000.49,1000.49,1000.49,1000.49,0.0,2007-12-09,884.0041484,96.39216032,3.607839682,74.06604733,
,992.2,992.2,992.2,992.2,0.0,2007-12-10,897.9824506,83.77519066,16.22480934,72.76291413,
,996.29,996.29,996.29,996.29,0.0,2007-12-11,910.2833566,84.98706538,15.01293462,72.20515746,
,1000.27,1000.27,1000.27,1000.27,0.0,2007-12-12,921.1081538,86.23745842,13.76254158,72.25910933,
,1024.51,1024.51,1024.51,1024.51,0.0,2007-12-13,930.6339753,91.57777761,8.422222386,74.43839851,
,1053.02,1053.02,1053.02,1053.02,0.0,2007-12-16,943.7766188,94.63717913,5.362820872,77.40559046,
,1064.09,1064.09,1064.09,1064.09,0.0,2007-12-17,961.2555598,95.44096932,4.559030677,80.1008601,
,1061.35,1061.35,1061.35,1061.35,0.0,2007-12-18,979.765759,91.2112572,8.788742797,80.56519096,
,1059.86,1059.86,1059.86,1059.86,0.0,2007-12-19,994.9441224,88.54390504,11.45609496,79.86971478,
,1055.73,1055.73,1055.73,1055.73,0.0,2007-12-20,1007.39038,80.39780218,19.60219782,76.0548927,
,1045.65,1045.65,1045.65,1045.65,0.0,2007-12-23,1017.596312,62.77742473,37.22257527,65.95488405,
,1018.16,1018.16,1018.16,1018.16,0.0,2007-12-24,1064.09,35.93177488,64.06822512,58.39119729,
,992.92,992.92,992.92,992.92,0.0,2007-12-25,1063.1714,24.10251796,75.89748204,57.07195065,
,967.74,967.74,967.74,967.74,0.0,2007-12-26,1060.361344,17.08744363,82.91255637,58.82258307,
,984.53,984.53,984.53,984.53,0.0,2007-12-27,1054.804063,33.2744641,66.7255359,53.74828082,
,988.64,988.64,988.64,988.64,0.0,2008-01-06,1049.58022,37.03579444,62.96420556,48.18430688,
,969.15,969.15,969.15,969.15,0.0,2008-01-07,1044.669806,27.76003549,72.23996451,47.44343131,
,956.82,956.82,956.82,956.82,0.0,2008-01-08,1040.054018,23.17089063,76.82910937,48.68638879,
,963.83,963.83,963.83,963.83,0.0,2008-01-09,1033.395297,31.24810114,68.75189886,46.44987058,
,982.38,982.38,982.38,982.38,0.0,2008-01-10,1027.269273,48.98777946,51.01222054,37.56478468,
,974.97,974.97,974.97,974.97,0.0,2008-01-13,1021.633331,43.39662711,56.60337289,32.6931769,
,958.91,958.91,958.91,958.91,0.0,2008-01-14,1016.448265,33.14723288,66.85276712,32.89564837,
,931.43,931.43,931.43,931.43,0.0,2008-01-16,1011.678003,22.02249236,77.97750764,37.50752175,
,905.38,905.38,905.38,905.38,0.0,2008-01-17,1003.653203,15.75636048,84.24363952,43.7034732,
,879.69,879.69,879.69,879.69,0.0,2008-01-20,991.8604187,11.66488527,88.33511473,50.29682445,
,891.08,891.08,891.08,891.08,0.0,2008-01-21,976.1565601,22.77797531,77.22202469,51.12626944,
,890.25,890.25,890.25,890.25,0.0,2008-01-22,962.6512416,22.51990832,77.48009168,51.89305222,
,877.51,877.51,877.51,877.51,0.0,2008-01-23,951.0366678,18.49867473,81.50132527,54.11497189,
,878.08,878.08,878.08,878.08,0.0,2008-01-24,939.272401,19.30453042,80.69546958,55.57016534,
,867.61,867.61,867.61,867.61,0.0,2008-01-27,929.3904168,15.73278797,84.26721203,58.16301708,
,842.61,842.61,842.61,842.61,0.0,2008-01-28,918.2699418,10.13556841,89.86443159,62.4761863,
,817.61,817.61,817.61,817.61,0.0,2008-01-29,903.1379534,7.015643318,92.98435668,67.17469172,
,803.69,803.69,803.69,803.69,0.0,2008-01-31,886.0323627,5.777795011,94.22220499,71.42863537,
,778.13,778.13,778.13,778.13,0.0,2008-02-03,869.5638902,4.112373676,95.88762632,75.49795882,
,752.3,752.3,752.3,752.3,0.0,2008-02-04,851.2771122,3.014688113,96.98531189,79.19249181,
,708.9,708.9,708.9,708.9,0.0,2008-02-05,831.4816897,1.931737216,98.06826278,82.58129856,
,723.54,723.54,723.54,723.54,0.0,2008-02-06,806.9653518,14.8321452,85.1678548,80.13218077,
,750.86,750.86,750.86,750.86,0.0,2008-02-07,787.3522814,34.82960906,65.17039094,70.17390099,
,776.74,776.74,776.74,776.74,0.0,2008-02-10,708.9,49.00718008,50.99281992,56.53624876,
,802.03,802.03,802.03,802.03,0.0,2008-02-11,710.2568,59.71282609,40.28717391,49.11412945,
,814.43,814.43,814.43,814.43,0.0,2008-02-12,713.927728,64.30570998,35.69429002,45.01358755,
,809.59,809.59,809.59,809.59,0.0,2008-02-13,719.9578643,60.91732183,39.08267817,40.37779877,
,795.89,795.89,795.89,795.89,0.0,2008-02-14,725.6261925,51.34481976,48.65518024,32.84016692,
,769.92,769.92,769.92,769.92,0.0,2008-02-17,730.9544209,37.41391745,62.58608255,31.30656655,
,757.08,757.08,757.08,757.08,0.0,2008-02-18,735.9629557,32.04119501,67.95880499,32.22877524,
,756.44,756.44,756.44,756.44,0.0,2008-02-20,740.6709783,31.75705888,68.24294112,33.08019664,
,758.47,758.47,758.47,758.47,0.0,2008-02-21,745.0965196,34.07495654,65.92504346,32.8341747,
,755.89,755.89,755.89,755.89,0.0,2008-02-24,749.2565284,32.33041437,67.66958563,33.33517401,
,761.17,761.17,761.17,761.17,0.0,2008-02-25,753.1669367,40.16674929,59.83325071,30.60143949,
,759.51,759.51,759.51,759.51,0.0,2008-02-26,755.89,38.41834331,61.58165669,29.11381427,
,751.81,751.81,751.81,751.81,0.0,2008-02-27,814.43,30.67607754,69.32392246,31.0206204,
,756.76,756.76,756.76,756.76,0.0,2008-02-28,813.1776,40.33777386,59.66222614,28.68138678,
,772.88,772.88,772.88,772.88,0.0,2008-03-02,811.950248,61.93398361,38.06601639,27.71870287,
,771.21,771.21,771.21,771.21,0.0,2008-03-03,810.747443,59.16083084,40.83916916,25.83929463,
,766.98,766.98,766.98,766.98,0.0,2008-03-04,809.5686942,51.81509973,48.18490027,21.3974756,
,758.7,758.7,758.7,758.7,0.0,2008-03-05,808.4135203,39.7413246,60.2586754,21.22145064,
,756.74,756.74,756.74,756.74,0.0,2008-03-09,807.2814499,37.17797289,62.82202711,22.10597136,
,749.05,749.05,749.05,749.05,0.0,2008-03-10,806.1720209,28.24356687,71.75643313,26.38735033,
,741.11,741.11,741.11,741.11,0.0,2008-03-11,803.8871401,21.55736096,78.44263904,32.48693589,
,723.28,723.28,723.28,723.28,0.0,2008-03-12,800.1205117,12.9511809,87.0488191,40.80907635,
,714.76,714.76,714.76,714.76,0.0,2008-03-13,793.9732707,10.45749957,89.54250043,48.46426125,
,712.97,712.97,712.97,712.97,0.0,2008-03-16,786.0519436,9.954161566,90.04583843,54.78974437,
,720.92,720.92,720.92,720.92,0.0,2008-03-17,777.2821104,28.94177322,71.05822678,52.25508621,
,718.93,718.93,718.93,718.93,0.0,2008-03-18,769.5646572,27.15042782,72.84957218,50.94389784,
,715.95,715.95,715.95,715.95,0.0,2008-03-19,762.7732983,24.33142831,75.66857169,51.02254695,
,716.72,716.72,716.72,716.72,0.0,2008-03-20,756.7969025,26.78666293,73.21333707,50.10337239,
,710.8,710.8,710.8,710.8,0.0,2008-03-23,751.5376742,20.41930332,79.58069668,51.91497658,
,704.54,704.54,704.54,704.54,0.0,2008-03-24,745.8343998,15.53746349,84.46253651,55.31699587,
,721.24,721.24,721.24,721.24,0.0,2008-03-25,739.2272958,53.00458102,46.99541898,45.45542911,
,720.67,720.67,720.67,720.67,0.0,2008-03-26,733.6773285,52.02005908,47.97994092,37.17236692,
,716.37,716.37,716.37,716.37,0.0,2008-03-27,729.0153559,44.26665658,55.73334342,32.0312309,
,702.97,702.97,702.97,702.97,0.0,2008-03-30,725.099299,28.00645359,71.99354641,34.42240329,
,709.4,709.4,709.4,709.4,0.0,2008-03-31,721.1160252,41.00465284,58.99534716,31.13606149,
,712.52,712.52,712.52,712.52,0.0,2008-04-01,717.8497406,46.82743893,53.17256107,26.17787362,
,716.56,716.56,716.56,716.56,0.0,2008-04-02,702.97,54.15183494,45.84816506,22.60303287,
,730.14,730.14,730.14,730.14,0.0,2008-04-03,703.2418,70.95972948,29.04027052,26.46631809,
,746.69,746.69,746.69,746.69,0.0,2008-04-06,704.317728,81.36616261,18.63383739,33.71951952,
,720.24,720.24,720.24,720.24,0.0,2008-04-15,706.8600643,47.41955385,52.58044615,28.00779407,
,708.81,708.81,708.81,708.81,0.0,2008-04-16,746.69,38.69836413,61.30163587,26.92688961,
,734.83,734.83,734.83,734.83,0.0,2008-04-17,745.9324,59.75857441,40.24142559,25.44494145,
,744.04,744.04,744.04,744.04,0.0,2008-04-20,745.189952,65.06830674,34.93169326,26.38327586,
,739.43,739.43,739.43,739.43,0.0,2008-04-21,744.462353,60.10616044,39.89383956,25.14908486,
,734.65,734.65,734.65,734.65,0.0,2008-04-22,744.04,54.6995985,45.3004015,21.99910729,
,734.85,734.85,734.85,734.85,0.0,2008-04-24,743.3354,54.91171674,45.08828326,19.56397253,
,729.01,729.01,729.01,729.01,0.0,2008-04-27,742.644892,46.89659485,53.10340515,16.89254008,
,730.28,730.28,730.28,730.28,0.0,2008-04-28,741.9681942,48.9232024,51.0767976,13.9447511,
,728.72,728.72,728.72,728.72,0.0,2008-04-29,741.3050303,46.21511772,53.78488228,12.6697538,
,736.46,736.46,736.46,736.46,0.0,2008-04-30,740.6551297,59.96063103,40.03936897,14.12005545,
,740.18,740.18,740.18,740.18,0.0,2008-05-04,708.81,65.28991019,34.71008981,17.41200844,
,748.92,748.92,748.92,748.92,0.0,2008-05-05,709.4374,75.04477478,24.95522522,23.94751666,
,767.93,767.93,767.93,767.93,0.0,2008-05-06,711.016704,85.85379251,14.14620749,33.49953033,
,776.97,776.97,776.97,776.97,0.0,2008-05-07,714.4315018,88.75023289,11.24976711,42.29971742,
,771.33,771.33,771.33,771.33,0.0,2008-05-08,719.4345816,76.53006097,23.46993903,44.45179832,
,773.54,773.54,773.54,773.54,0.0,2008-05-11,724.0374151,78.0129158,21.9870842,46.76660498,
,785.35,785.35,785.35,785.35,0.0,2008-05-12,728.2720219,84.53835777,15.46164223,51.22862709,
,806.26,806.26,806.26,806.26,0.0,2008-05-13,733.9798197,90.6679663,9.332033698,57.2500882,
,825.61,825.61,825.61,825.61,0.0,2008-05-14,742.6534413,93.60196854,6.398031463,63.24085797,
,812.67,812.67,812.67,812.67,0.0,2008-05-15,754.2673595,74.12177481,25.87822519,60.2413963,
,798.56,798.56,798.56,798.56,0.0,2008-05-18,764.2553292,57.74214881,42.25785119,51.28997656,
,801.48,801.48,801.48,801.48,0.0,2008-05-21,772.8449831,60.02716346,39.97283654,45.04284664,
,817.64,817.64,817.64,817.64,0.0,2008-05-22,780.2320855,70.90911946,29.09088054,44.39792509,
,832.14,832.14,832.14,832.14,0.0,2008-05-25,786.5849935,77.71388329,22.28611671,46.60389339,
,823.68,823.68,823.68,823.68,0.0,2008-05-26,793.8737946,66.38831039,33.61168961,43.83843887,
,833.18,833.18,833.18,833.18,0.0,2008-05-27,799.9963874,72.09633758,27.90366242,43.90928613,
,860.62,860.62,860.62,860.62,0.0,2008-06-01,805.9694377,82.70236783,17.29763217,48.20837603,
,873.77,873.77,873.77,873.77,0.0,2008-06-02,816.8995502,85.91041962,14.08958038,52.93086867,
,858.66,858.66,858.66,858.66,0.0,2008-06-03,828.2736401,67.83930873,32.16069127,49.48041843,
,867.93,867.93,867.93,867.93,0.0,2008-06-04,837.3729121,72.30656725,27.69343275,48.50696164,
,885.81,885.81,885.81,885.81,0.0,2008-06-05,844.6523297,79.25428193,20.74571807,50.50728209,
,910.82,910.82,910.82,910.82,0.0,2008-06-08,852.8838637,85.57976514,14.42023486,54.63773173,
,924.65,924.65,924.65,924.65,0.0,2008-06-09,864.471091,88.08990998,11.91009002,58.94614937,
,915.03,915.03,915.03,915.03,0.0,2008-06-10,876.5068728,76.50994509,23.49005491,57.76089753,
,923.17,923.17,923.17,923.17,0.0,2008-06-11,886.1354982,79.37732605,20.62267395,57.95964845,
,930.65,930.65,930.65,930.65,0.0,2008-06-12,893.8383986,81.91331597,18.08668403,59.13304515,
,941.07,941.07,941.07,941.07,0.0,2008-06-15,901.2007189,85.10318049,14.89681951,61.34770831,
,957.87,957.87,957.87,957.87,0.0,2008-06-16,909.1745751,89.00959656,10.99040344,64.68200527,
,953.84,953.84,953.84,953.84,0.0,2008-06-17,918.9136601,82.52093865,17.47906135,64.75397968,
,959.82,959.82,959.82,959.82,0.0,2008-06-18,926.7049281,84.60285973,15.39714027,65.64432763,
,960.33,960.33,960.33,960.33,0.0,2008-06-19,933.3279424,84.79591666,15.20408334,66.43382877,
,947.12,947.12,947.12,947.12,0.0,2008-06-22,938.728354,60.3115658,39.6884342,57.27168934,
,942.09,942.09,942.09,942.09,0.0,2008-06-23,960.33,53.02431226,46.97568774,47.02707637,
,940.92,940.92,940.92,940.92,0.0,2008-06-24,959.9652,51.22473344,48.77526656,38.11155447,
,948.56,948.56,948.56,948.56,0.0,2008-06-25,959.203392,61.80544343,38.19455657,35.21142095,
,951.62,951.62,951.62,951.62,0.0,2008-06-26,958.4720563,65.54721736,34.45278264,34.3880237,
,948.87,948.87,948.87,948.87,0.0,2008-06-29,957.7699741,59.04878883,40.95121117,31.1299345,
,937.46,937.46,937.46,937.46,0.0,2008-06-30,957.0959751,38.9971486,61.0028514,29.30508816,
,931.3,931.3,931.3,931.3,0.0,2008-07-01,955.9178166,31.72659534,68.27340466,30.75343239,
,906.24,906.24,906.24,906.24,0.0,2008-07-02,953.9483913,16.28608462,83.71391538,38.08831206,
,928.42,928.42,928.42,928.42,0.0,2008-07-03,949.1775521,45.58481451,54.41518549,32.23672385,
,926.96,926.96,926.96,926.96,0.0,2008-07-06,944.8837969,44.30883758,55.69116242,28.06584405,
,929.75,929.75,929.75,929.75,0.0,2008-07-07,941.0194172,47.79912938,52.20087062,23.33302348,
,936.49,936.49,936.49,936.49,0.0,2008-07-08,937.5414755,56.10614273,43.89385727,21.10887588,
,944.89,944.89,944.89,944.89,0.0,2008-07-09,906.24,64.82614396,35.17385604,22.81755829,
,949.55,949.55,949.55,949.55,0.0,2008-07-10,907.013,69.08504942,30.91495058,25.8880664,
,953.48,953.48,953.48,953.48,0.0,2008-07-13,908.71448,72.58443548,27.41556452,29.74422731,
,959.29,959.29,959.29,959.29,0.0,2008-07-14,911.4004112,77.32711411,22.67288589,34.72622749,
,963.39,963.39,963.39,963.39,0.0,2008-07-15,915.2315783,80.32885908,19.67114092,39.91252563,
,982.12,982.12,982.12,982.12,0.0,2008-07-16,920.0474205,88.7978571,11.2021429,47.44916334,
,991.94,991.94,991.94,991.94,0.0,2008-07-17,927.49613,91.26302852,8.736971479,54.46454208,
,985.24,985.24,985.24,985.24,0.0,2008-07-20,936.5182718,76.84139141,23.15860859,54.30819023,
,973.33,973.33,973.33,973.33,0.0,2008-07-21,944.2773138,56.87198876,43.12801124,46.19534769,
,962.8,962.8,962.8,962.8,0.0,2008-07-22,950.9500898,44.18244014,55.81755986,39.28330209,
,972.47,972.47,972.47,972.47,0.0,2008-07-23,956.6886773,55.56377146,44.43622854,33.65215026,
,980.81,980.81,980.81,980.81,0.0,2008-07-27,961.6238624,63.57155677,36.42844323,32.35034292,
,983.07,983.07,983.07,983.07,0.0,2008-07-28,965.8681217,65.66728871,34.33271129,32.14718982,
,1000.93,1000.93,1000.93,1000.93,0.0,2008-07-29,969.5181847,78.10833567,21.89166433,36.96108612,
,1020.06,1020.06,1020.06,1020.06,0.0,2008-07-30,974.5440751,85.25980838,14.74019162,43.67279225,
,1034.03,1034.03,1034.03,1034.03,0.0,2008-07-31,982.7369416,88.64567277,11.35432723,50.39650291,
,1047.67,1047.67,1047.67,1047.67,0.0,2008-08-03,992.9955533,91.13182923,8.868170771,56.76993402,
,1075.34,1075.34,1075.34,1075.34,0.0,2008-08-04,1003.930443,94.29783467,5.702165331,63.13508108,
,1102.1,1102.1,1102.1,1102.1,0.0,2008-08-05,1018.212354,96.01688175,3.983118248,68.91481757,
,1128.13,1128.13,1128.13,1128.13,0.0,2008-08-06,1034.989883,97.08529748,2.914702516,73.96597305,
,1101.36,1101.36,1101.36,1101.36,0.0,2008-08-07,1053.617907,72.19166178,27.80833822,68.04944315,
,1075.51,1075.51,1075.51,1075.51,0.0,2008-08-10,1068.520325,55.12928845,44.87071155,56.4912699,
,1085.03,1085.03,1085.03,1085.03,0.0,2008-08-11,1075.51,59.53227725,40.46772275,49.00592682,
,1088.91,1088.91,1088.91,1088.91,0.0,2008-08-12,1075.51,61.45897114,38.54102886,43.78832991,
,1079.58,1079.58,1079.58,1079.58,0.0,2008-08-13,1128.13,53.76479881,46.23520119,36.53658345,
,1084.76,1084.76,1084.76,1084.76,0.0,2008-08-14,1127.159,57.46073711,42.53926289,32.2135616,
,1075.87,1075.87,1075.87,1075.87,0.0,2008-08-18,1126.20742,49.04935643,50.95064357,26.15110671,
,1057.53,1057.53,1057.53,1057.53,0.0,2008-08-19,1124.193923,35.60781659,64.39218341,26.67775873,
,1064.28,1064.28,1064.28,1064.28,0.0,2008-08-20,1120.194088,42.81716254,57.18283746,24.21534197,
,1062.24,1062.24,1062.24,1062.24,0.0,2008-08-21,1116.434243,41.07965802,58.92034198,22.94041037,
,1057.36,1057.36,1057.36,1057.36,0.0,2008-08-24,1112.899988,36.63440151,63.36559849,23.69856769,
,1068.17,1068.17,1068.17,1068.17,0.0,2008-08-25,1108.456789,51.24337052,48.75662948,19.45620236,
,1087.8,1087.8,1087.8,1087.8,0.0,2008-08-26,1104.369046,67.99326358,32.00673642,22.76226732,
,1086.05,1086.05,1086.05,1086.05,0.0,2008-08-27,1100.608322,65.48625245,34.51374755,24.40431484,
,1119.65,1119.65,1119.65,1119.65,0.0,2008-08-28,1057.36,81.68949513,18.31050487,32.19924992,
,1175.38,1175.38,1175.38,1175.38,0.0,2008-08-31,1058.6058,90.72111225,9.278887747,42.04784484,
,1134.39,1134.39,1134.39,1134.39,0.0,2008-09-01,1063.276768,62.41621798,37.58378202,38.60476306,
,1102.39,1102.39,1102.39,1102.39,0.0,2008-09-02,1067.760897,47.84819023,52.15180977,31.74453436,
,1064.01,1064.01,1064.01,1064.01,0.0,2008-09-03,1175.38,35.44521386,64.55478614,31.21754194,
,1067.2,1067.2,1067.2,1067.2,0.0,2008-09-04,1173.1526,37.13816028,62.86183972,30.11876944,
,1071.08,1071.08,1071.08,1071.08,0.0,2008-09-07,1170.969748,39.54847142,60.45152858,28.27562699,
,1058.64,1058.64,1058.64,1058.64,0.0,2008-09-08,1168.830553,34.28062168,65.71937832,28.90825292,
,1051.2,1051.2,1051.2,1051.2,0.0,2008-09-09,1164.422931,31.17614334,68.82385666,30.656145,
,1029.85,1029.85,1029.85,1029.85,0.0,2008-09-10,1157.629555,23.53193464,76.46806536,35.11214214,
,1028.5,1028.5,1028.5,1028.5,0.0,2008-09-11,1147.407191,23.08455365,76.91544635,38.85589225,
,996.09,996.09,996.09,996.09,0.0,2008-09-15,1135.516472,14.69861616,85.30138384,45.20526734,
,976.01,976.01,976.01,976.01,0.0,2008-09-16,1118.785295,11.47132347,88.52867653,51.57568448,
,985.16,985.16,985.16,985.16,0.0,2008-09-17,1098.796754,21.31225891,78.68774109,52.73564402,
,1004.28,1004.28,1004.28,1004.28,0.0,2008-09-18,1081.606608,39.01852995,60.98147005,46.58110324,
,976.81,976.81,976.81,976.81,0.0,2008-09-21,1066.823083,27.78877615,72.21122385,46.14937213,
,952.64,952.64,952.64,952.64,0.0,2008-09-22,1054.109251,21.10744495,78.89255505,48.47651972,
,951.28,951.28,951.28,951.28,0.0,2008-09-23,1037.874171,20.75643565,79.24356435,50.47864152,
,945.07,945.07,945.07,945.07,0.0,2008-09-24,1022.28722,18.95707962,81.04292038,52.80008137,
,941.12,941.12,941.12,941.12,0.0,2008-09-25,1006.843776,17.73470638,82.26529362,55.14618254,
,954.6,954.6,954.6,954.6,0.0,2008-09-28,993.699021,35.48148636,64.51851364,49.92435149,
,960.73,960.73,960.73,960.73,0.0,2008-09-29,983.1832168,42.52894705,57.47105295,42.92790237,
,970.23,970.23,970.23,970.23,0.0,2008-10-01,974.7705735,52.56609512,47.43390488,35.36875994,
,973.65,973.65,973.65,973.65,0.0,2008-10-05,941.12,56.02234961,43.97765039,30.7039478,
,969.56,969.56,969.56,969.56,0.0,2008-10-12,941.7706,50.519552,49.480448,24.77097904,
,957.33,957.33,957.33,957.33,0.0,2008-10-13,942.408188,36.95264352,63.04735648,25.03572582,
,938.31,938.31,938.31,938.31,0.0,2008-10-15,973.65,24.27814138,75.72185862,30.31732411,
,933.97,933.97,933.97,933.97,0.0,2008-10-16,972.9432,22.11465214,77.88534786,35.40799843,
,918.62,918.62,918.62,918.62,0.0,2008-10-19,971.384272,15.86446111,84.13553889,41.9806143,
,899.99,899.99,899.99,899.99,0.0,2008-10-20,968.2184157,11.10355425,88.89644575,49.14306974,
,907.73,907.73,907.73,907.73,0.0,2008-10-21,962.7601424,23.08987743,76.91012257,50.07850482,
,914.0,914.0,914.0,914.0,0.0,2008-10-22,957.738531,32.32918802,67.67081198,47.13112865,
,919.33,919.33,919.33,919.33,0.0,2008-10-23,953.1186485,39.98960218,60.01039782,41.70906205,
,918.15,918.15,918.15,918.15,0.0,2008-10-26,948.8683567,38.77490935,61.22509065,37.85728589,
,881.86,881.86,881.86,881.86,0.0,2008-10-27,944.9580881,17.88751278,82.11248722,43.1308236,
,853.16,853.16,853.16,853.16,0.0,2008-11-02,938.6482793,11.67193671,88.32806329,49.8358842,
,849.44,849.44,849.44,849.44,0.0,2008-11-03,928.3896858,11.04983922,88.95016078,55.44877167,
,848.18,848.18,848.18,848.18,0.0,2008-11-05,917.3367298,10.80599202,89.19400798,60.03662053,
,832.59,832.59,832.59,832.59,0.0,2008-11-06,906.271653,8.056304803,91.9436952,64.8067745,
,810.81,810.81,810.81,810.81,0.0,2008-11-09,893.0089555,5.577746269,94.42225373,69.61432109,
,779.78,779.78,779.78,779.78,0.0,2008-11-10,876.5691644,3.603440075,96.39655992,74.25008084,
,802.11,802.11,802.11,802.11,0.0,2008-11-11,857.2113315,26.88366322,73.11633678,68.64659939,
,815.63,815.63,815.63,815.63,0.0,2008-11-12,841.7250652,38.18252831,61.81747169,59.64426819,
,806.9,806.9,806.9,806.9,0.0,2008-11-13,829.3360522,33.94819837,66.05180163,54.1361352,
,793.86,793.86,793.86,793.86,0.0,2008-11-16,819.4248417,28.12472984,71.87527016,52.05901622,
,774.18,774.18,774.18,774.18,0.0,2008-11-17,811.4958734,21.2484951,78.7515049,53.14781494,
,775.99,775.99,775.99,775.99,0.0,2008-11-18,804.0326987,23.40150519,76.59849481,53.15764988,
,776.58,776.58,776.58,776.58,0.0,2008-11-19,798.062159,24.24538337,75.75461663,52.82796655,
,770.25,770.25,770.25,770.25,0.0,2008-11-20,793.2857272,21.12431133,78.87568867,53.81264871,
,750.51,750.51,750.51,750.51,0.0,2008-11-23,788.6785817,14.06602174,85.93397826,57.42371027,
,726.47,726.47,726.47,726.47,0.0,2008-11-24,781.0448654,9.32361664,90.67638336,62.20952156,
,698.81,698.81,698.81,698.81,0.0,2008-11-25,770.1298923,6.278938828,93.72106117,67.25604172,
,728.57,728.57,728.57,728.57,0.0,2008-11-26,755.8659139,34.87908223,65.12091777,59.85320048,
,732.18,732.18,732.18,732.18,0.0,2008-11-27,744.4547311,37.75907464,62.24092536,52.77893053,
,750.71,750.71,750.71,750.71,0.0,2008-11-30,698.81,51.51664457,48.48335543,42.82980225,
,765.76,765.76,765.76,765.76,0.0,2008-12-01,699.848,60.40258867,39.59741133,38.42487727,
,761.67,761.67,761.67,761.67,0.0,2008-12-02,702.48448,56.86235006,43.13764994,33.48484184,
,758.08,758.08,758.08,758.08,0.0,2008-12-03,705.0155008,53.42664378,46.57335622,28.15853098,
,754.91,754.91,754.91,754.91,0.0,2008-12-04,707.4452808,50.08634445,49.91365555,22.56136257,
,754.29,754.29,754.29,754.29,0.0,2008-12-07,709.7778695,49.33229256,50.66770744,18.31617303,
,747.72,747.72,747.72,747.72,0.0,2008-12-08,712.0171548,41.13017253,58.86982747,18.20086941,
,742.41,742.41,742.41,742.41,0.0,2008-12-10,714.1668686,35.21506689,64.78493311,20.47466877,
,743.25,743.25,743.25,743.25,0.0,2008-12-11,716.2305938,37.00646749,62.99353251,21.57714802,
,742.04,742.04,742.04,742.04,0.0,2008-12-14,718.2117701,35.25133323,64.74866677,23.16118512,
,734.85,734.85,734.85,734.85,0.0,2008-12-15,720.1136993,26.06809984,73.93190016,28.10170816,
,729.24,729.24,729.24,729.24,0.0,2008-12-16,721.9395513,20.78669458,79.21330542,34.1666887,
,728.88,728.88,728.88,728.88,0.0,2008-12-17,723.6923692,20.45428459,79.54571541,39.15163712,
,721.13,721.13,721.13,721.13,0.0,2008-12-18,765.76,14.30043286,85.69956714,45.60113655,
,708.12,708.12,708.12,708.12,0.0,2008-12-21,764.8674,8.766182136,91.23381786,52.97443639,
,701.64,701.64,701.64,701.64,0.0,2008-12-22,762.597504,7.064119914,92.93588009,59.55390114,
,701.85,701.85,701.85,701.85,0.0,2008-12-23,758.9400538,7.789390621,92.21060938,64.52736467,
,705.21,705.21,705.21,705.21,0.0,2008-12-24,755.5020505,20.2385433,79.7614567,63.52647441,
,699.2,699.2,699.2,699.2,0.0,2008-12-28,752.2703275,15.54587979,84.45412021,64.60282761,
,700.57,700.57,700.57,700.57,0.0,2008-12-29,748.0247013,20.77985775,79.22014225,63.37031899,
,695.5,695.5,695.5,695.5,0.0,2008-12-31,744.1187252,16.14988954,83.85011046,64.23629938,
,693.81,693.81,693.81,693.81,0.0,2009-01-01,739.2568527,14.77794012,85.22205988,65.47786345,
,696.21,696.21,696.21,696.21,0.0,2009-01-04,733.8032304,25.94541639,74.05458361,62.00412421,
,690.97,690.97,690.97,690.97,0.0,2009-01-05,729.0040427,19.11082558,80.88917442,61.95896913,
,687.63,687.63,687.63,687.63,0.0,2009-01-06,723.6792767,15.79559932,84.20440068,63.24893558,
,682.29,682.29,682.29,682.29,0.0,2009-01-07,717.9113925,11.72922158,88.27077842,65.90745983,
,674.32,674.32,674.32,674.32,0.0,2009-01-08,711.4995418,7.923625864,92.07637414,69.55651752,
,664.02,664.02,664.02,664.02,0.0,2009-01-11,704.0636335,5.198772287,94.80122771,73.5657051,
,660.4,660.4,660.4,660.4,0.0,2009-01-12,696.0549068,4.516438783,95.48356122,77.04598857,
,659.81,659.81,659.81,659.81,0.0,2009-01-13,688.9239254,4.398817662,95.60118234,79.87726379,
,651.22,651.22,651.22,651.22,0.0,2009-01-15,683.1011403,2.984356442,97.01564356,82.70806845,
,650.73,650.73,650.73,650.73,0.0,2009-01-18,676.7249123,2.917464532,97.08253547,84.99946895,
,647.29,647.29,647.29,647.29,0.0,2009-01-19,671.5259298,2.437933113,97.56206689,87.02440192,
,641.05,641.05,641.05,641.05,0.0,2009-01-20,666.6787438,1.776026095,98.22397391,88.90911109,
,625.79,625.79,625.79,625.79,0.0,2009-01-21,661.5529951,0.970529309,99.02947069,90.73907715,
,609.46,609.46,609.46,609.46,0.0,2009-01-22,654.4003961,0.604060734,99.39593927,92.34963743,
,616.15,616.15,616.15,616.15,0.0,2009-01-25,645.4123168,16.70952875,83.29047125,87.19589844,
,645.32,645.32,645.32,645.32,0.0,2009-01-26,609.46,55.77021457,44.22978543,72.06480458,
,658.83,658.83,658.83,658.83,0.0,2009-01-28,610.1772,65.21454488,34.78545512,63.73766162,
,638.51,638.51,638.51,638.51,0.0,2009-02-01,612.123312,46.53352277,53.46647723,52.37672019,
,636.31,636.31,636.31,636.31,0.0,2009-02-02,613.9915795,44.79687064,55.20312936,43.9826279,
,636.66,636.66,636.66,636.66,0.0,2009-02-03,615.7851163,45.20355239,54.79644761,37.10468136,
,641.66,641.66,641.66,641.66,0.0,2009-02-04,617.5069117,51.57415047,48.42584953,30.31340528,
,656.07,656.07,656.07,656.07,0.0,2009-02-05,619.1598352,65.86902821,34.13097179,30.59833551,
,669.38,669.38,669.38,669.38,0.0,2009-02-08,620.7466418,74.54473562,25.45526438,34.29656265,
,668.83,668.83,668.83,668.83,0.0,2009-02-09,623.6646433,73.57867835,26.42132165,36.86872146,
,665.16,665.16,665.16,665.16,0.0,2009-02-10,626.4075647,66.40115051,33.59884949,36.05543737,
,663.53,663.53,663.53,663.53,0.0,2009-02-11,628.9859108,62.98981236,37.01018764,34.04027484,
,671.5,671.5,671.5,671.5,0.0,2009-02-12,631.4095562,71.83395542,28.16604458,35.96580204,
,669.76,669.76,669.76,669.76,0.0,2009-02-15,634.6167917,67.43622444,32.56377556,35.74713141,
,673.52,673.52,673.52,673.52,0.0,2009-02-16,637.5674483,72.05705153,27.94294847,37.42052574,
,690.26,690.26,690.26,690.26,0.0,2009-02-17,641.1627035,84.38680465,15.61319535,43.69114245,
,699.6,699.6,699.6,699.6,0.0,2009-02-19,647.0543791,88.06093075,11.93906925,50.17728626,
,704.1,704.1,704.1,704.1,0.0,2009-02-22,654.410766,89.54292984,10.45707016,55.95900094,
,694.33,694.33,694.33,694.33,0.0,2009-02-24,662.3610435,66.97925467,33.02074533,51.55890262,
,677.35,677.35,677.35,677.35,0.0,2009-02-26,669.0392765,43.28408176,56.71591824,43.9334894,
,676.3,676.3,676.3,676.3,0.0,2009-03-01,674.6489923,42.13197425,57.86802575,38.29400182,
,673.7,673.7,673.7,673.7,0.0,2009-03-02,704.1,38.92505451,61.07494549,35.06517965,
,675.77,675.77,675.77,675.77,0.0,2009-03-03,703.492,43.22571321,56.77428679,30.76185844,
,672.99,672.99,672.99,672.99,0.0,2009-03-04,702.89616,38.65614753,61.34385247,29.14702774,
,670.68,670.68,670.68,670.68,0.0,2009-03-05,701.6999136,34.8315737,65.1684263,29.38499271,
,671.35,671.35,671.35,671.35,0.0,2009-03-08,699.8387188,37.08824906,62.91175094,28.67269454,
,671.44,671.44,671.44,671.44,0.0,2009-03-09,698.0891957,37.45193245,62.54806755,27.95738265,
,670.23,670.23,670.23,670.23,0.0,2009-03-11,696.4446439,34.1356414,65.8643586,28.71164956,
,667.2,667.2,667.2,667.2,0.0,2009-03-12,694.3474724,26.72757007,73.27242993,32.27829162,
,669.23,669.23,669.23,669.23,0.0,2009-03-15,691.6327252,37.99636908,62.00363092,30.62408567,
,670.87,670.87,670.87,670.87,0.0,2009-03-16,689.1894526,46.33153145,53.66846855,25.96665595,
,667.66,667.66,667.66,667.66,0.0,2009-03-17,686.9905074,34.86448854,65.13551146,26.82752935,
,667.13,667.13,667.13,667.13,0.0,2009-03-18,685.0114566,33.17013931,66.82986069,28.19396775,
,666.59,666.59,666.59,666.59,0.0,2009-03-19,682.8656818,31.2367749,68.7632251,30.06046424,
,683.5,683.5,683.5,683.5,0.0,2009-03-22,666.59,79.0453801,20.9546199,35.66652343,
,676.31,676.31,676.31,676.31,0.0,2009-03-23,666.59,57.7173224,42.2826776,31.62014771,
,678.0,678.0,678.0,678.0,0.0,2009-03-24,666.9282,60.82311561,39.17688439,29.62536441,
,675.3,675.3,675.3,675.3,0.0,2009-03-25,667.259636,53.04238825,46.95761175,24.91724683,
,669.74,669.74,669.74,669.74,0.0,2009-03-29,667.5844433,39.90293222,60.09706778,23.97262458,
,665.66,665.66,665.66,665.66,0.0,2009-03-30,683.5,32.51485367,67.48514633,26.17215819,
,664.13,664.13,664.13,664.13,0.0,2009-03-31,683.1432,29.91825828,70.08174172,28.97042324,
,665.04,665.04,665.04,665.04,0.0,2009-04-01,682.382672,33.84596277,66.15403723,29.63795349,
,661.96,661.96,661.96,661.96,0.0,2009-04-02,681.6525651,27.35885427,72.64114573,32.76682108,
,664.73,664.73,664.73,664.73,0.0,2009-04-05,680.4710112,40.23608298,59.76391702,30.11902367,
,663.46,663.46,663.46,663.46,0.0,2009-04-06,679.3603505,36.52528507,63.47471493,29.48510491,
,659.54,659.54,659.54,659.54,0.0,2009-04-07,678.3163295,26.93940541,73.06059459,32.81232176,
,661.28,661.28,661.28,661.28,0.0,2009-04-08,676.8142231,36.22597618,63.77402382,31.75946694,
,660.36,660.36,660.36,660.36,0.0,2009-04-09,675.4322853,33.41854988,66.58145012,32.0401536,
,660.15,660.15,660.15,660.15,0.0,2009-04-12,674.1609025,32.6955823,67.3044177,32.55388996,
,661.27,661.27,661.27,661.27,0.0,2009-04-13,672.9912303,41.17902587,58.82097413,29.57150162,
,662.71,662.71,662.71,662.71,0.0,2009-04-16,671.9151319,51.0874273,48.9125727,24.09217221,
,659.95,659.95,659.95,659.95,0.0,2009-04-19,670.9251213,36.39798458,63.60201542,24.71454394,
,660.01,660.01,660.01,660.01,0.0,2009-04-20,670.0143116,36.89108366,63.10891634,25.01520169,
,659.06,659.06,659.06,659.06,0.0,2009-04-21,669.1763667,31.98346122,68.01653878,27.21877686,
,657.33,657.33,657.33,657.33,0.0,2009-04-22,668.16473,24.54943955,75.45056045,31.95524567,
,657.02,657.02,657.02,657.02,0.0,2009-04-23,666.8645624,23.33458563,76.66541437,36.23036228,
,649.04,649.04,649.04,649.04,0.0,2009-04-26,665.4863237,9.001386974,90.99861303,45.38373504,
,640.16,640.16,640.16,640.16,0.0,2009-04-27,662.8549119,4.854060112,95.14593989,54.36536399,
,641.64,641.64,641.64,641.64,0.0,2009-04-28,658.7698277,13.18707196,86.81292804,58.21746241,
,643.44,643.44,643.44,643.44,0.0,2009-04-29,655.4200587,23.38778561,76.61221439,57.21885568,
,647.78,647.78,647.78,647.78,0.0,2009-04-30,652.6732482,43.42365789,56.57634211,48.40562139,
,642.04,642.04,642.04,642.04,0.0,2009-05-03,650.4208635,30.31622723,69.68377277,46.59800622,
,640.89,640.89,640.89,640.89,0.0,2009-05-04,648.5739081,28.18556836,71.81443164,46.00417763,
,648.57,648.57,648.57,648.57,0.0,2009-05-05,640.16,54.73960311,45.26039689,38.69918335,
,651.16,651.16,651.16,651.16,0.0,2009-05-06,640.3282,60.84306259,39.15693741,35.29657171,
,654.05,654.05,654.05,654.05,0.0,2009-05-07,640.761472,67.0421129,32.9578871,35.05410253,
,660.42,660.42,660.42,660.42,0.0,2009-05-10,641.5587837,77.05173855,22.94826145,38.86397744,
,659.17,659.17,659.17,659.17,0.0,2009-05-11,643.067681,71.70958603,28.29041397,39.77501637,
,660.05,660.05,660.05,660.05,0.0,2009-05-12,644.4558665,73.33639084,26.66360916,41.15456943,
,661.55,661.55,661.55,661.55,0.0,2009-05-13,645.7329972,76.24669745,23.75330255,43.42233452,
,660.95,660.95,660.95,660.95,0.0,2009-05-14,647.3146975,72.30091093,27.69908907,43.65823199,
,665.7,665.7,665.7,665.7,0.0,2009-05-17,648.7382277,81.68185307,18.31814693,47.59932682,
,683.92,683.92,683.92,683.92,0.0,2009-05-18,650.7736404,93.01859817,6.981401828,55.28690073,
,678.61,678.61,678.61,678.61,0.0,2009-05-19,655.4141307,75.90525534,24.09474466,54.59162272,
,677.2,677.2,677.2,677.2,0.0,2009-05-20,659.4049524,71.53678792,28.46321208,52.28801334,
,676.64,676.64,676.64,676.64,0.0,2009-05-21,662.8370591,69.54963612,30.45036388,49.65026512,
,688.07,688.07,688.07,688.07,0.0,2009-05-24,665.7886708,82.17934752,17.82065248,52.5919511,
,701.51,701.51,701.51,701.51,0.0,2009-05-25,669.3536835,88.92870483,11.07129517,57.64504281,
,714.72,714.72,714.72,714.72,0.0,2009-05-26,675.1418205,92.44445595,7.555544052,63.09381663,
,739.89,739.89,739.89,739.89,0.0,2009-05-27,683.0574564,95.6981016,4.301898396,68.75429395,
,718.62,718.62,718.62,718.62,0.0,2009-05-28,694.4239651,65.77722342,34.22277658,61.31432452,
,707.89,707.89,707.89,707.89,0.0,2009-05-31,703.5171721,54.94450356,45.05549644,51.02926104,
,699.95,699.95,699.95,699.95,0.0,2009-06-01,739.89,47.68111654,52.31888346,41.75096222,
,703.01,703.01,703.01,703.01,0.0,2009-06-02,739.0912,50.81347876,49.18652124,33.72616128,
,699.62,699.62,699.62,699.62,0.0,2009-06-03,738.308376,46.92312808,53.07687192,28.21167779,
,698.88,698.88,698.88,698.88,0.0,2009-06-04,736.760841,45.96293275,54.03706725,24.18416913,
,685.61,685.61,685.61,685.61,0.0,2009-06-07,734.4879905,31.50967445,68.49032555,26.74346552,
,679.73,679.73,679.73,679.73,0.0,2009-06-08,730.5777513,26.83569044,73.16430956,30.66049624,
,684.88,684.88,684.88,684.88,0.0,2009-06-09,725.4929761,37.05748836,62.94251164,29.70540165,
,686.07,686.07,686.07,686.07,0.0,2009-06-10,720.9166785,39.49890009,60.50109991,27.96476128,
,684.39,684.39,684.39,684.39,0.0,2009-06-11,716.7980107,36.96843496,63.03156504,27.58443504,
,678.74,678.74,678.74,678.74,0.0,2009-06-14,713.0912096,29.12465611,70.87534389,30.41768559,
,676.41,676.41,676.41,676.41,0.0,2009-06-15,708.9690645,26.25324871,73.74675129,33.83284899,
,681.83,681.83,681.83,681.83,0.0,2009-06-16,704.4107954,42.68417169,57.31582831,29.99261051,
,682.8,682.8,682.8,682.8,0.0,2009-06-17,700.4906841,45.40531785,54.59468215,25.83196127,
,683.71,683.71,683.71,683.71,0.0,2009-06-18,697.1193883,48.28455372,51.71544628,21.35174753,
,679.23,679.23,679.23,679.23,0.0,2009-06-21,694.2200739,36.45371918,63.54628082,22.49991035,
,678.52,678.52,678.52,678.52,0.0,2009-06-22,691.7266636,34.76617772,65.23382228,24.09345719,
,671.47,671.47,671.47,671.47,0.0,2009-06-23,689.5823307,22.07959802,77.92040198,30.44292655,
,670.25,670.25,670.25,670.25,0.0,2009-06-24,686.6843578,20.46425668,79.53574332,36.16863857,
,670.61,670.61,670.61,670.61,0.0,2009-06-25,683.7261734,22.55414935,77.44585065,39.91325111,
,666.35,666.35,666.35,666.35,0.0,2009-06-28,681.3004622,16.24157096,83.75842904,45.43397251,
,663.96,663.96,663.96,663.96,0.0,2009-06-29,678.3103697,13.57671701,86.42328299,50.9164912,
,662.63,662.63,662.63,662.63,0.0,2009-06-30,675.4402958,12.18590935,87.81409065,55.85882922,
,661.78,661.78,661.78,661.78,0.0,2009-07-01,672.8782366,11.2640902,88.7359098,60.1814273,
,667.43,667.43,667.43,667.43,0.0,2009-07-02,670.6585893,45.511715,54.488285,49.94045584,
,675.16,675.16,675.16,675.16,0.0,2009-07-05,661.78,67.17657857,32.82342143,46.8229961,
,676.14,676.14,676.14,676.14,0.0,2009-07-06,662.0476,69.12218914,30.87781086,45.10727253,
,685.55,685.55,685.55,685.55,0.0,2009-07-07,662.611296,81.95812086,18.04187914,48.86906637,
,696.16,696.16,696.16,696.16,0.0,2009-07-08,663.9876182,88.62350466,11.37649534,54.54465496,
,702.88,702.88,702.88,702.88,0.0,2009-07-09,666.5614088,91.19798418,8.802015823,60.11491764,
,711.06,711.06,711.06,711.06,0.0,2009-07-12,670.1932679,93.45248923,6.547510774,65.4729298,
,717.46,717.46,717.46,717.46,0.0,2009-07-13,675.0972758,94.76408097,5.235919035,70.28397623,
,743.69,743.69,743.69,743.69,0.0,2009-07-14,681.0280571,97.41594886,2.584051141,75.19356053,
,749.11,749.11,749.11,749.11,0.0,2009-07-15,691.053968,97.71488476,2.285115238,79.24080233,
,735.87,735.87,735.87,735.87,0.0,2009-07-16,701.5040538,72.20784456,27.79215544,72.27577968,
,734.34,734.34,734.34,734.34,0.0,2009-07-19,710.0731241,69.58409264,30.41590736,65.6542608,
,739.02,739.02,739.02,739.02,0.0,2009-07-20,717.0997618,73.29436456,26.70563544,61.84115447,
,737.97,737.97,737.97,737.97,0.0,2009-07-21,722.8616046,70.86987624,29.13012376,57.82087407,
,737.84,737.84,737.84,737.84,0.0,2009-07-23,727.5863158,70.50891745,29.49108255,54.46026623,
,708.11,708.11,708.11,708.11,0.0,2009-07-26,749.11,28.70899364,71.29100636,52.08461553,
,730.64,730.64,730.64,730.64,0.0,2009-07-27,748.29,54.34672818,45.65327182,43.40638369,
,729.05,729.05,729.05,729.05,0.0,2009-07-28,747.4864,52.67563515,47.32436485,35.79536101,
,721.49,721.49,721.49,721.49,0.0,2009-07-29,746.698872,44.53650424,55.46349576,30.82168712,
,716.01,716.01,716.01,716.01,0.0,2009-07-30,745.9270946,39.06700964,60.93299036,29.03054584,
,704.71,704.71,704.71,704.71,0.0,2009-08-02,745.1707527,29.67383086,70.32616914,31.35490433,
,700.16,700.16,700.16,700.16,0.0,2009-08-03,743.5523226,26.47046229,73.52953771,34.49573854,
,700.01,700.01,700.01,700.01,0.0,2009-08-04,740.9487832,26.35322738,73.64677262,37.05529988,
,693.64,693.64,693.64,693.64,0.0,2009-08-09,737.6736806,21.33690853,78.66309147,41.1094765,
,690.32,690.32,690.32,690.32,0.0,2009-08-10,733.2703125,18.98282999,81.01717001,45.2944492,
,690.22,690.22,690.22,690.22,0.0,2009-08-11,728.116275,18.90430244,81.09569756,48.67383838,
,717.2,717.2,717.2,717.2,0.0,2009-08-12,722.8107965,66.14134686,33.85865314,45.39560945,
,721.95,721.95,721.95,721.95,0.0,2009-08-16,690.22,69.98845923,30.01154077,44.31187125,
,716.01,716.01,716.01,716.01,0.0,2009-08-17,690.8546,59.43261689,40.56738311,39.22254376,
,715.35,715.35,715.35,715.35,0.0,2009-08-18,691.476508,58.21319111,41.78680889,34.66331145,
,714.4,714.4,714.4,714.4,0.0,2009-08-19,692.0859778,56.14067538,43.85932462,30.18691931,
,709.82,709.82,709.82,709.82,0.0,2009-08-20,692.6832583,46.22344082,53.77655918,25.66015912,
,702.22,702.22,702.22,702.22,0.0,2009-08-23,693.2685931,33.82830443,66.17169557,26.99680552,
,693.34,693.34,693.34,693.34,0.0,2009-08-24,721.95,24.30805014,75.69194986,31.87422436,
,678.87,678.87,678.87,678.87,0.0,2009-08-25,721.3778,15.45098203,84.54901797,39.31898668,
,682.31,682.31,682.31,682.31,0.0,2009-08-26,719.677488,23.71135551,76.28864449,41.97064714,
,681.54,681.54,681.54,681.54,0.0,2009-08-27,718.0451885,23.0804311,76.9195689,44.34434527,
,671.15,671.15,671.15,671.15,0.0,2009-08-30,716.4781809,15.93068941,84.06931059,49.10320045,
,661.03,661.03,661.03,661.03,0.0,2009-08-31,713.7584901,11.56781473,88.43218527,54.65543447,
,654.63,654.63,654.63,654.63,0.0,2009-09-01,709.5402109,9.509135522,90.49086448,59.92069337,
,660.4,660.4,660.4,660.4,0.0,2009-09-02,704.0491898,24.62608844,75.37391156,58.08611932,
,662.57,662.57,662.57,662.57,0.0,2009-09-06,699.1072708,30.11442809,69.88557191,54.42312422,
,657.53,657.53,657.53,657.53,0.0,2009-09-07,694.6595437,24.85923675,75.14076325,53.59480467,
,630.11,630.11,630.11,630.11,0.0,2009-09-08,690.6565894,11.36809743,88.63190257,58.32860477,
,620.39,620.39,620.39,620.39,0.0,2009-09-09,683.3909986,9.16431109,90.83568891,62.99715938,
,614.79,614.79,614.79,614.79,0.0,2009-09-10,674.5708588,8.041627381,91.95837262,67.18107655,
,617.34,617.34,617.34,617.34,0.0,2009-09-13,665.0059214,14.03590508,85.96409492,68.13049921,
,628.44,628.44,628.44,628.44,0.0,2009-09-14,656.971374,36.54294214,63.45705786,59.88722251,
,629.88,629.88,629.88,629.88,0.0,2009-09-15,650.2223541,39.12741801,60.87258199,52.2588108,
,628.34,628.34,628.34,628.34,0.0,2009-09-16,644.5531775,37.10710851,62.89289149,46.96420524,
,627.97,627.97,627.97,627.97,0.0,2009-09-17,639.7910691,36.54047544,63.45952456,42.95517402,
,628.9,628.9,628.9,628.9,0.0,2009-09-20,635.790898,39.44570848,60.55429152,38.58585582,
,632.7,632.7,632.7,632.7,0.0,2009-09-22,614.79,50.92157394,49.07842606,31.23731423,
,630.45,630.45,630.45,630.45,0.0,2009-09-23,615.1482,44.65766461,55.34233539,27.12678554,
,630.55,630.55,630.55,630.55,0.0,2009-09-24,615.499236,45.03330369,54.96669631,23.68810696,
,634.44,634.44,634.44,634.44,0.0,2009-10-04,615.8432513,58.67304926,41.32695074,22.41970527,
,636.87,636.87,636.87,636.87,0.0,2009-10-05,616.5871212,65.38097378,34.61902622,24.08815373,
,613.18,613.18,613.18,613.18,0.0,2009-10-06,636.87,21.95474883,78.04525117,30.48862345,
,607.86,607.86,607.86,607.86,0.0,2009-10-07,636.87,18.5046057,81.4953943,36.98905648,
,604.37,604.37,604.37,604.37,0.0,2009-10-08,635.7096,16.39223291,83.60776709,43.03435202,
,599.33,599.33,599.33,599.33,0.0,2009-10-11,633.829224,13.59149174,86.40850826,48.99088492,
,598.37,598.37,598.37,598.37,0.0,2009-10-12,631.0692861,13.06019725,86.93980275,53.96862904,
,598.8,598.8,598.8,598.8,0.0,2009-10-13,627.7993575,14.92224762,85.07775238,57.20600418,
,599.5,599.5,599.5,599.5,0.0,2009-10-14,624.8564217,18.47529977,81.52470023,58.37468344,
,609.55,609.55,609.55,609.55,0.0,2009-10-15,622.2077796,53.40077399,46.59922601,48.06005635,
,601.21,601.21,601.21,601.21,0.0,2009-10-21,619.8240016,36.9711909,63.0288091,43.65956872,
,601.16,601.16,601.16,601.16,0.0,2009-10-22,617.6786014,36.88614444,63.11385556,40.1731972,
,599.22,599.22,599.22,599.22,0.0,2009-10-25,615.7477413,33.18392412,66.81607588,38.86498811,
,595.33,595.33,595.33,595.33,0.0,2009-10-26,614.0099672,26.51386205,73.48613795,40.48644567,
,590.44,590.44,590.44,590.44,0.0,2009-10-27,611.7683711,20.14971382,79.85028618,44.32927101,
,585.04,585.04,585.04,585.04,0.0,2009-10-28,608.7823991,15.13501319,84.86498681,49.40941153,
,578.19,578.19,578.19,578.19,0.0,2009-10-29,604.9836153,10.85240073,89.14759927,55.18656893,
,567.06,567.06,567.06,567.06,0.0,2009-11-01,600.1607645,6.891729458,93.10827054,61.39256336,
,567.27,567.27,567.27,567.27,0.0,2009-11-02,593.5406116,7.686319624,92.31368038,66.03952284,
,571.58,571.58,571.58,571.58,0.0,2009-11-03,588.2444893,24.2671794,75.7328206,63.12474651,
,581.55,581.55,581.55,581.55,0.0,2009-11-04,584.0075914,50.15480351,49.84519649,50.56171861,
,584.64,584.64,584.64,584.64,0.0,2009-11-05,567.06,55.98380176,44.01619824,42.8428956,
,587.21,587.21,587.21,587.21,0.0,2009-11-08,567.4116,60.75511893,39.24488107,38.57636405,
,583.1,583.1,583.1,583.1,0.0,2009-11-09,568.203536,49.93464186,50.06535814,30.88723449,
,580.23,580.23,580.23,580.23,0.0,2009-11-10,568.9637946,43.216312,56.783688,27.4232628,
,576.8,576.8,576.8,576.8,0.0,2009-11-11,569.6936428,35.98380718,64.01619282,27.54508736,
,565.86,565.86,565.86,565.86,0.0,2009-11-12,587.21,21.58301552,78.41698448,33.40286368,
,566.94,566.94,566.94,566.94,0.0,2009-11-15,586.783,25.27339442,74.72660558,36.61293318,
,561.82,561.82,561.82,561.82,0.0,2009-11-16,586.36454,19.76213454,80.23786546,41.38549273,
,564.98,564.98,564.98,564.98,0.0,2009-11-17,585.3827584,31.31697297,68.68302703,40.58160499,
,562.22,562.22,562.22,562.22,0.0,2009-11-18,584.4402481,27.06217265,72.93782735,41.64041493,
,563.01,563.01,563.01,563.01,0.0,2009-11-19,583.5354381,30.44333615,69.55666385,41.13499749,
,562.11,562.11,562.11,562.11,0.0,2009-11-22,582.6668206,28.55809051,71.44190949,41.48476179,
,549.03,549.03,549.03,549.03,0.0,2009-11-23,581.8329478,13.43912716,86.56087284,47.81215856,
,543.41,543.41,543.41,543.41,0.0,2009-11-24,579.8647709,10.46387395,89.53612605,54.06417727,
,541.55,541.55,541.55,541.55,0.0,2009-11-25,576.9483892,9.585917088,90.41408291,59.41697498,
,534.32,534.32,534.32,534.32,0.0,2009-11-26,573.4085503,6.809742676,93.19025732,64.80968291,
,528.89,528.89,528.89,528.89,0.0,2009-11-30,568.7179243,5.354056985,94.64594302,69.70612354,
,521.77,521.77,521.77,521.77,0.0,2009-12-01,563.1420149,3.964881049,96.03511895,74.17894641,
,517.45,517.45,517.45,517.45,0.0,2009-12-03,556.5224925,3.312948439,96.68705156,78.01797775,
,519.16,519.16,519.16,519.16,0.0,2009-12-06,549.4894439,10.58729756,89.41270244,78.17946318,
,524.18,524.18,524.18,524.18,0.0,2009-12-07,543.722344,29.93203879,70.06796121,70.57075503,
,530.35,530.35,530.35,530.35,0.0,2009-12-08,538.993322,47.41204086,52.58795914,57.49178768,
,537.57,537.57,537.57,537.57,0.0,2009-12-09,517.45,61.47144149,38.52855851,50.58200674,
,545.66,545.66,545.66,545.66,0.0,2009-12-10,517.8524,71.96815791,28.03184209,49.25286855,
,553.4,553.4,553.4,553.4,0.0,2009-12-13,518.964704,78.85692267,21.14307733,50.94506391,
,554.54,554.54,554.54,554.54,0.0,2009-12-14,521.0308218,79.77211847,20.22788153,52.66489852,
,548.61,548.61,548.61,548.61,0.0,2009-12-15,523.711556,62.25130903,37.74869097,47.03244243,
,542.1,542.1,542.1,542.1,0.0,2009-12-16,526.1778315,47.83420814,52.16579186,38.49227069,
,539.21,539.21,539.21,539.21,0.0,2009-12-17,528.446805,42.38683299,57.61316701,33.83908335,
,538.68,538.68,538.68,538.68,0.0,2009-12-20,530.5342606,41.30844369,58.69155631,30.54788921,
,536.93,536.93,536.93,536.93,0.0,2009-12-21,532.4547198,37.38298207,62.61701793,29.48511854,
,543.57,543.57,543.57,543.57,0.0,2009-12-23,534.2215422,56.83682265,43.16317735,26.32282389,
,545.66,545.66,545.66,545.66,0.0,2009-12-24,535.8470188,61.53825485,38.46174515,25.67356105,
,545.27,545.27,545.27,545.27,0.0,2009-12-27,537.3424573,60.01352041,39.98647959,24.54425701,
,545.73,545.73,545.73,545.73,0.0,2009-12-28,538.7182607,61.42275558,38.57724442,24.20450784,
,547.41,547.41,547.41,547.41,0.0,2009-12-29,539.9839999,66.76927959,33.23072041,26.07131811,
,548.11,548.11,548.11,548.11,0.0,2009-12-31,541.1484799,69.00650451,30.99349549,28.45965629,
,546.96,546.96,546.96,546.96,0.0,2010-01-03,542.2198015,60.62483936,39.37516064,27.01766078,
,540.12,540.12,540.12,540.12,0.0,2010-01-04,554.54,31.85678479,68.14321521,28.87141471,
,536.18,536.18,536.18,536.18,0.0,2010-01-05,554.2516,23.74408417,76.25591583,33.59949809,
,536.63,536.63,536.63,536.63,0.0,2010-01-06,553.528736,26.4192697,73.5807303,36.31189059,
,535.81,535.81,535.81,535.81,0.0,2010-01-07,552.8347866,24.4643647,75.5356353,39.2637666,
,535.41,535.41,535.41,535.41,0.0,2010-01-10,551.8132994,23.40820611,76.59179389,42.04773083,
,534.34,534.34,534.34,534.34,0.0,2010-01-11,550.5010354,20.45538789,79.54461211,45.45602951,
,532.26,532.26,532.26,532.26,0.0,2010-01-12,548.8849319,15.65639658,84.34360342,50.10226498,
,530.81,530.81,530.81,530.81,0.0,2010-01-13,546.8899401,12.99894668,87.00105332,54.88223331,
,530.96,530.96,530.96,530.96,0.0,2010-01-14,544.6387484,14.86748499,85.13251501,57.95879265,
,528.9,528.9,528.9,528.9,0.0,2010-01-17,542.7027237,10.86255143,89.13744857,62.02201355,
,524.19,524.19,524.19,524.19,0.0,2010-01-18,540.4942879,6.137460216,93.86253978,67.16262675,
,522.05,522.05,522.05,522.05,0.0,2010-01-19,537.5595161,4.921591254,95.07840875,71.7614649,
,520.42,520.42,520.42,520.42,0.0,2010-01-20,534.4576128,4.140601462,95.85939854,75.75293134,
,516.77,516.77,516.77,516.77,0.0,2010-01-24,531.6500903,2.867103084,97.13289692,79.45550384,
,516.82,516.82,516.82,516.82,0.0,2010-01-25,528.6740722,3.375973553,96.62402645,82.21401365,
,513.71,513.71,513.71,513.71,0.0,2010-01-26,526.2932578,2.398858128,97.60114187,84.81166767,
,511.7,511.7,511.7,511.7,0.0,2010-01-27,523.7766062,1.9442437,98.0557563,87.07163665,
,515.24,515.24,515.24,515.24,0.0,2010-01-28,521.361285,30.81076253,69.18923747,77.33300431,
,512.34,512.34,512.34,512.34,0.0,2010-01-31,519.429028,23.67404463,76.32595537,72.39678559,
,510.1,510.1,510.1,510.1,0.0,2010-02-01,517.8832224,19.34717608,80.65282392,70.17855804,
,507.02,507.02,507.02,507.02,0.0,2010-02-02,516.3265779,14.72238498,85.27761502,70.25389244,
,502.79,502.79,502.79,502.79,0.0,2010-02-03,514.4652623,10.43867838,89.56132162,72.0276426,
,501.4,501.4,501.4,501.4,0.0,2010-02-04,512.1302099,9.324278107,90.67572189,73.89240284,
,497.34,497.34,497.34,497.34,0.0,2010-02-07,509.9841679,6.709186941,93.29081306,76.43024749,
,489.4,489.4,489.4,489.4,0.0,2010-02-08,507.4553343,3.980276289,96.01972371,79.55208748,
,479.73,479.73,479.73,479.73,0.0,2010-02-09,503.8442674,2.458164931,97.54183507,82.65840401,
,492.88,492.88,492.88,492.88,0.0,2010-02-10,499.021414,40.88529904,59.11470096,69.77260359,
,497.24,497.24,497.24,497.24,0.0,2010-02-11,479.73,49.18249196,50.81750804,56.14508609,
,493.02,493.02,493.02,493.02,0.0,2010-02-15,480.0802,42.04302734,57.95697266,48.09885794,
,486.82,486.82,486.82,486.82,0.0,2010-02-16,480.423396,33.19386453,66.80613547,45.20154054,
,485.82,485.82,485.82,485.82,0.0,2010-02-17,480.7597281,31.8426159,68.1573841,43.42418607,
,485.14,485.14,485.14,485.14,0.0,2010-02-18,481.0893335,30.77765917,69.22234083,42.42828518,
,497.86,497.86,497.86,497.86,0.0,2010-03-01,481.4123468,61.15487466,38.84512534,38.40457801,
,503.12,503.12,503.12,503.12,0.0,2010-03-02,482.070253,68.33712681,31.66287319,38.05851313,
,517.0,517.0,517.0,517.0,0.0,2010-03-03,483.3332378,80.33204108,19.66795892,42.57962694,
,514.04,514.04,514.04,514.04,0.0,2010-03-04,486.0265788,72.96375836,27.03624164,43.24920489,
,504.52,504.52,504.52,504.52,0.0,2010-03-07,488.5044525,53.30683225,46.69316775,35.92209682,
,500.71,500.71,500.71,500.71,0.0,2010-03-09,490.7840963,46.97572153,53.02427847,29.94738884,
,489.61,489.61,489.61,489.61,0.0,2010-03-10,517.0,32.79239307,67.20760693,30.84095384,
,486.25,486.25,486.25,486.25,0.0,2010-03-11,516.4522,29.43018905,70.56981095,32.90068746,
,481.19,481.19,481.19,481.19,0.0,2010-03-14,515.244112,24.6689235,75.3310765,36.45298057,
,480.49,480.49,480.49,480.49,0.0,2010-03-16,513.2008653,23.99756564,76.00243436,39.5633582,
,477.62,477.62,477.62,477.62,0.0,2010-03-17,510.5839961,21.06018677,78.93981323,43.22661185,
,475.8,475.8,475.8,475.8,0.0,2010-03-18,507.2875965,19.19751123,80.80248877,46.90228499,
,472.82,472.82,472.82,472.82,0.0,2010-03-22,503.5090849,16.25500729,83.74499271,51.01982507,
,469.17,469.17,469.17,469.17,0.0,2010-03-23,499.212613,13.16546043,86.83453957,55.54967589,
,466.09,466.09,466.09,466.09,0.0,2010-03-25,494.4057949,10.96681161,89.03318839,60.05301607,
,459.87,459.87,459.87,459.87,0.0,2010-03-28,489.3089518,7.714578334,92.28542167,64.95658152,
,454.43,454.43,454.43,454.43,0.0,2010-03-29,483.4211615,5.825818349,94.17418165,69.63493788,
,443.73,443.73,443.73,443.73,0.0,2010-03-30,477.6229292,3.636707218,96.36329278,74.25326741,
,443.17,443.17,443.17,443.17,0.0,2010-03-31,470.8443433,3.549452974,96.45054703,77.98283274,
,452.46,452.46,452.46,452.46,0.0,2010-04-01,465.3094747,35.59341425,64.40658575,68.14890049,
,458.13,458.13,458.13,458.13,0.0,2010-04-04,460.8815797,48.61718527,51.38281473,55.07224629,
,455.26,455.26,455.26,455.26,0.0,2010-04-05,458.13,43.10253316,56.89746684,46.81678376,
,449.49,449.49,449.49,449.49,0.0,2010-04-06,458.13,33.54133049,66.45866951,44.03689481,
,443.89,443.89,443.89,443.89,0.0,2010-04-07,455.26,26.42899022,73.57100978,44.65791976,
,446.03,446.03,446.03,446.03,0.0,2010-04-08,452.842,33.19562738,66.80437262,42.44808486,
,443.54,443.54,443.54,443.54,0.0,2010-04-11,450.9076,29.27895431,70.72104569,42.24688616,
,443.66,443.66,443.66,443.66,0.0,2010-04-12,449.36008,29.77806988,70.22193012,41.88628098,
,444.76,444.76,444.76,444.76,0.0,2010-04-13,448.122064,35.03187799,64.96812201,39.49627359,
,449.04,449.04,449.04,449.04,0.0,2010-04-15,443.17,52.36534871,47.63465129,32.54315835,
,446.05,446.05,446.05,446.05,0.0,2010-04-18,443.2874,42.470484,57.529516,29.04633308,
,441.73,441.73,441.73,441.73,0.0,2010-04-19,449.04,31.66456035,68.33543965,30.57124233,
,438.64,438.64,438.64,438.64,0.0,2010-04-20,448.8938,25.79621771,74.20378229,34.13850678,
,426.54,426.54,426.54,426.54,0.0,2010-04-21,448.483648,13.52605896,86.47394104,41.90038184,
,426.57,426.57,426.57,426.57,0.0,2010-04-22,447.1670291,13.6533464,86.3466536,48.05896691,
,423.41,423.41,423.41,423.41,0.0,2010-04-25,445.9294074,11.43678357,88.56321643,53.8724601,
,415.47,415.47,415.47,415.47,0.0,2010-04-26,444.1278548,7.574534253,92.42546575,60.06815438,
,407.6,407.6,407.6,407.6,0.0,2010-04-27,441.2620693,5.34016364,94.65983636,65.91845805,
,405.45,405.45,405.45,405.45,0.0,2010-04-28,437.222621,4.851460103,95.1485399,70.7941824,
,419.28,419.28,419.28,419.28,0.0,2010-04-29,432.774454,45.18594852,54.81405148,58.56096651,
,413.02,413.02,413.02,413.02,0.0,2010-05-09,428.9490305,36.44474054,63.55525946,52.27087699,
,418.77,418.77,418.77,418.77,0.0,2010-05-10,425.6591662,47.99554265,52.00445735,42.61848453,
,431.56,431.56,431.56,431.56,0.0,2010-05-11,405.45,65.45307239,34.54692761,40.27601658,
,449.08,449.08,449.08,449.08,0.0,2010-05-12,405.9722,78.06263925,21.93736075,43.44586897,
,457.81,457.81,457.81,457.81,0.0,2010-05-13,407.696512,82.12613163,17.87386837,47.60714783,
,440.54,440.54,440.54,440.54,0.0,2010-05-16,410.7033213,56.32640059,43.67359941,40.6162785,
,440.34,440.34,440.34,440.34,0.0,2010-05-17,413.529722,56.0714107,43.9285893,34.92158708,
,448.6,448.6,448.6,448.6,0.0,2010-05-18,416.1865387,64.39300213,35.60699787,33.69447051,
,454.12,454.12,454.12,454.12,0.0,2010-05-19,418.6839464,69.25778374,30.74221626,34.65868991,
,461.99,461.99,461.99,461.99,0.0,2010-05-20,421.0315096,75.27738878,24.72261122,37.83790744,
,462.57,462.57,462.57,462.57,0.0,2010-05-23,424.3081888,75.71544143,24.28455857,40.55650252,
,462.63,462.63,462.63,462.63,0.0,2010-05-24,428.1343699,75.77095531,24.22904469,42.75358414,
,482.44,482.44,482.44,482.44,0.0,2010-05-25,432.2738455,87.5329121,12.4670879,49.21603215,
,479.4,479.4,479.4,479.4,0.0,2010-05-26,439.2971072,80.07622372,19.92377628,51.40331521,
,506.35,506.35,506.35,506.35,0.0,2010-05-30,445.3371122,89.75111892,10.24888108,57.02309974,
,490.08,490.08,490.08,490.08,0.0,2010-05-31,455.0991742,65.68201682,34.31798318,51.89128652,
,479.98,479.98,479.98,479.98,0.0,2010-06-01,463.2993063,54.36820726,45.63179274,43.26031212,
,480.48,480.48,480.48,480.48,0.0,2010-06-02,470.1874173,54.8494718,45.1505282,36.54803842,
,482.34,482.34,482.34,482.34,0.0,2010-06-03,475.9734306,56.96023344,43.03976656,32.02252411,
,478.64,478.64,478.64,478.64,0.0,2010-06-06,506.35,51.0284226,48.9715774,26.02938833,
,478.61,478.61,478.61,478.61,0.0,2010-06-07,505.7958,50.97462052,49.02537948,21.21335887,
,482.76,482.76,482.76,482.76,0.0,2010-06-08,504.708368,58.53443851,41.46556149,20.3844625,
,486.6,486.6,486.6,486.6,0.0,2010-06-09,503.6644333,64.81061556,35.18938444,22.23181622,
,484.82,484.82,484.82,484.82,0.0,2010-06-10,502.6622559,59.58493458,40.41506542,21.61942681,
,480.62,480.62,480.62,480.62,0.0,2010-06-13,501.7001657,48.13725703,51.86274297,18.04063864,
,476.69,476.69,476.69,476.69,0.0,2010-06-14,500.7765591,39.30482904,60.69517096,18.71057929,
,475.65,475.65,475.65,475.65,0.0,2010-06-15,499.3313655,37.05574776,62.94425224,20.14616433,
,475.17,475.17,475.17,475.17,0.0,2010-06-16,497.4368563,35.87154193,64.12845807,21.76831469,
,474.63,474.63,474.63,474.63,0.0,2010-06-17,495.2101707,34.32880175,65.67119825,23.68313105,
,474.99,474.99,474.99,474.99,0.0,2010-06-20,492.7405502,36.60098832,63.39901168,24.30610952,
,468.61,468.61,468.61,468.61,0.0,2010-06-21,490.5672842,20.71980408,79.28019592,31.15696598,
,470.4,470.4,470.4,470.4,0.0,2010-06-22,487.4932644,31.19061073,68.80938927,32.44932849,
,467.6,467.6,467.6,467.6,0.0,2010-06-23,484.8496074,24.78899784,75.21100216,36.04386366,
,463.45,463.45,463.45,463.45,0.0,2010-06-24,482.0896702,17.95982951,82.04017049,41.65115912,
,459.52,459.52,459.52,459.52,0.0,2010-06-28,478.7345296,13.5432488,86.4567512,47.90362778,
,455.48,455.48,455.48,455.48,0.0,2010-06-29,474.8916236,10.29124692,89.70875308,54.20640346,
,455.75,455.75,455.75,455.75,0.0,2010-06-30,471.0092989,12.05537313,87.94462687,58.54297351,
,470.91,470.91,470.91,470.91,0.0,2010-07-01,455.48,63.05149521,36.94850479,52.0549769,
,464.69,464.69,464.69,464.69,0.0,2010-07-04,455.75,48.59865278,51.40134722,42.20452041,
,460.7,460.7,460.7,460.7,0.0,2010-07-05,456.0532,41.05302224,58.94697776,37.34240743,
,463.24,463.24,463.24,463.24,0.0,2010-07-06,456.350336,47.53505687,52.46494313,30.8599032,
,461.87,461.87,461.87,461.87,0.0,2010-07-07,456.6415293,44.2541024,55.7458976,26.9862816,
,460.07,460.07,460.07,460.07,0.0,2010-07-08,456.9268987,39.74835076,60.25164924,25.68968497,
,460.02,460.02,460.02,460.02,0.0,2010-07-11,457.2065607,39.60832507,60.39167493,24.70841795,
,461.62,461.62,461.62,461.62,0.0,2010-07-12,457.4806295,47.06720187,52.93279813,20.93985361,
,464.65,464.65,464.65,464.65,0.0,2010-07-13,457.7492169,59.04199058,40.95800942,20.36867912,
,467.33,467.33,467.33,467.33,0.0,2010-07-14,458.0124326,67.23668891,32.76331109,23.18961886,
,477.73,477.73,477.73,477.73,0.0,2010-07-15,458.2703839,83.37323243,16.62676757,31.90098806,
,468.53,468.53,468.53,468.53,0.0,2010-07-18,459.0487686,53.97681158,46.02318842,27.11151508,
,466.3,466.3,466.3,466.3,0.0,2010-07-19,459.7960178,48.76701205,51.23298795,22.18240725,
,468.78,468.78,468.78,468.78,0.0,2010-07-20,460.5133771,54.82795712,45.17204288,19.67710864,
,472.29,472.29,472.29,472.29,0.0,2010-07-21,461.202042,62.64592821,37.35407179,20.8000582,
,469.34,469.34,469.34,469.34,0.0,2010-07-22,461.8631603,53.00786907,46.99213093,17.84319419,
,463.94,463.94,463.94,463.94,0.0,2010-07-25,462.4978339,39.20616153,60.79383847,18.59209074,
,461.65,461.65,461.65,461.65,0.0,2010-07-26,477.73,34.45118503,65.54881497,21.09319858,
,462.0,462.0,462.0,462.0,0.0,2010-07-27,477.4084,35.93559353,64.06440647,22.50032145,
,459.79,459.79,459.79,459.79,0.0,2010-07-28,477.093232,30.48643469,69.51356531,25.80568329,
,461.63,461.63,461.63,461.63,0.0,2010-07-29,476.4011027,39.96127065,60.03872935,24.66003837,
,462.48,462.48,462.48,462.48,0.0,2010-08-01,475.7366586,44.34194788,55.65805212,21.99125154,
,460.77,460.77,460.77,460.77,0.0,2010-08-02,475.0987923,37.46731472,62.53268528,22.60607535,
,460.0,460.0,460.0,460.0,0.0,2010-08-03,474.4864406,34.46015423,65.53984577,24.30079859,
,460.89,460.89,460.89,460.89,0.0,2010-08-04,473.898583,41.27050666,58.72949334,22.93243621,
,458.41,458.41,458.41,458.41,0.0,2010-08-05,473.3342396,30.30274823,69.69725177,26.22484967,
,459.83,459.83,459.83,459.83,0.0,2010-08-08,472.4387853,41.4410296,58.5589704,24.4034679,
,457.36,457.36,457.36,457.36,0.0,2010-08-09,471.5970581,30.75462545,69.24537455,27.22092414,
,455.71,455.71,455.71,455.71,0.0,2010-08-10,470.4580935,25.30564269,74.69435731,31.65448224,
,456.17,456.17,456.17,456.17,0.0,2010-08-11,468.9832841,29.64931658,70.35068342,33.46385916,
,454.68,454.68,454.68,454.68,0.0,2010-08-12,467.6559557,23.99870269,76.00129731,37.17160625,
,454.24,454.24,454.24,454.24,0.0,2010-08-15,466.098841,22.42138287,77.57861713,40.76873185,
,453.7,453.7,453.7,453.7,0.0,2010-08-16,464.4386033,20.36773564,79.63226436,44.46789123,
,447.17,447.17,447.17,447.17,0.0,2010-08-17,462.7204268,8.541722702,91.4582773,52.1576239,
,442.74,442.74,442.74,442.74,0.0,2010-08-18,459.9213499,5.723575934,94.27642407,59.43666875,
,442.05,442.05,442.05,442.05,0.0,2010-08-19,456.48508,5.378111518,94.62188848,65.39809039,
,431.15,431.15,431.15,431.15,0.0,2010-08-22,453.598064,2.453680743,97.54631926,71.33700001,
,432.5,432.5,432.5,432.5,0.0,2010-08-23,449.1084512,10.02788086,89.97211914,73.05844767,
,432.74,432.74,432.74,432.74,0.0,2010-08-26,445.5167609,11.55401082,88.44598918,73.82515381,
,428.93,428.93,428.93,428.93,0.0,2010-08-29,442.6434088,8.644363574,91.35563643,75.60237761,
,426.74,426.74,426.74,426.74,0.0,2010-08-30,439.900727,7.319895217,92.68010478,77.553944,
,421.16,421.16,421.16,421.16,0.0,2010-08-31,437.2685816,4.919325887,95.08067411,80.07542485,
,420.46,420.46,420.46,420.46,0.0,2010-09-02,434.0468653,4.678717867,95.32128213,82.18885273,
,408.64,408.64,408.64,408.64,0.0,2010-09-05,431.3294922,2.302103276,97.69789672,84.83024088,
,412.32,412.32,412.32,412.32,0.0,2010-09-06,426.7915938,18.42767427,81.57232573,80.49312299,
,416.01,416.01,416.01,416.01,0.0,2010-09-07,423.161275,32.410573,67.589427,71.43026919,
,420.25,420.25,420.25,420.25,0.0,2010-09-08,420.25702,45.76397006,54.23602994,58.83862733,
,414.43,414.43,414.43,414.43,0.0,2010-09-09,420.25,34.17811192,65.82188808,53.3996571,
,413.41,413.41,413.41,413.41,0.0,2010-09-12,420.25,32.38214894,67.61785106,49.7668661,
,410.65,410.65,410.65,410.65,0.0,2010-09-13,417.928,27.49532117,72.50467883,48.81536441,
,410.29,410.29,410.29,410.29,0.0,2010-09-14,416.0704,26.83504277,73.16495723,48.31827442,
,407.26,407.26,407.26,407.26,0.0,2010-09-15,414.58432,21.42262691,78.57737309,50.08556878,
,404.43,404.43,404.43,404.43,0.0,2010-09-16,413.119456,17.33960366,82.66039634,53.13261356,
,402.44,402.44,402.44,402.44,0.0,2010-09-19,411.3815648,14.85156069,85.14843931,56.56546657,
,401.74,401.74,401.74,401.74,0.0,2010-09-20,409.5932518,13.97015679,86.02984321,59.66431054,
,403.94,403.94,403.94,403.94,0.0,2010-09-21,408.0226015,30.2357667,69.7642333,55.63714176,
,404.41,404.41,404.41,404.41,0.0,2010-09-23,406.7660812,33.58887256,66.41112744,51.07416438,
,406.41,406.41,406.41,406.41,0.0,2010-09-26,401.74,47.11042773,52.88957227,42.01516041,
,406.92,406.92,406.92,406.92,0.0,2010-09-27,401.8334,50.33370557,49.66629443,33.74561056,
,403.54,403.54,403.54,403.54,0.0,2010-09-28,402.036864,33.44709135,66.55290865,33.61765191,
,403.47,403.47,403.47,403.47,0.0,2010-09-29,402.2321894,33.1591011,66.8408989,33.63048109,
,403.15,403.15,403.15,403.15,0.0,2010-09-30,402.4197019,31.60412013,68.39587987,34.26273682,
,402.59,402.59,402.59,402.59,0.0,2010-10-03,406.92,28.66374143,71.33625857,35.94469288,
,403.7,403.7,403.7,403.7,0.0,2010-10-04,406.8334,42.02744842,57.97255158,31.94477494,
,404.47,404.47,404.47,404.47,0.0,2010-10-05,406.748532,50.12858682,49.87141318,25.60725468,
,406.49,406.49,406.49,406.49,0.0,2010-10-06,406.6653614,65.80030284,34.19969716,26.80592488,
,411.82,411.82,411.82,411.82,0.0,2010-10-07,402.59,83.20626484,16.79373516,34.72724584,
,416.86,416.86,416.86,416.86,0.0,2010-10-10,402.7746,89.51423139,10.48576861,43.58748922,
,419.03,419.03,419.03,419.03,0.0,2010-10-11,403.338016,91.27751281,8.722487191,51.3809965,
,419.65,419.65,419.65,419.65,0.0,2010-10-12,404.279535,91.77168064,8.22831936,57.81346946,
,420.3,420.3,420.3,420.3,0.0,2010-10-13,405.5091722,92.34036817,7.659631831,63.18692283,
,421.49,421.49,421.49,421.49,0.0,2010-10-20,406.988255,93.38639835,6.613601647,67.90409761,
,420.54,420.54,420.54,420.54,0.0,2010-10-21,408.7284644,82.18628705,17.81371295,67.19779291,
,426.33,426.33,426.33,426.33,0.0,2010-10-24,410.2598487,90.69148153,9.308518471,70.03482694,
,426.21,426.21,426.21,426.21,0.0,2010-10-25,412.5096699,89.58340423,10.41659577,71.86122324,
,425.04,425.04,425.04,425.04,0.0,2010-10-26,414.4445161,77.97264883,22.02735117,68.67803813,
,422.47,422.47,422.47,422.47,0.0,2010-10-27,416.1084838,57.507508,42.492492,57.9454337,
,424.9,424.9,424.9,424.9,0.0,2010-10-28,417.5394961,67.568179,32.431821,53.38361856,
,423.87,423.87,423.87,423.87,0.0,2010-10-31,418.7701666,60.03681937,39.96318063,46.7216226,
,424.9,424.9,424.9,424.9,0.0,2010-11-01,419.8285433,64.92392943,35.07607057,43.34686985,
,423.27,423.27,423.27,423.27,0.0,2010-11-02,420.7387472,52.27751519,47.72248481,35.58850196,
,423.21,423.21,423.21,423.21,0.0,2010-11-03,421.5215226,51.81313241,48.18686759,29.19605453,
,424.96,424.96,424.96,424.96,0.0,2010-11-04,422.1947095,63.60124996,36.39875004,28.79734361,
,423.85,423.85,423.85,423.85,0.0,2010-11-09,422.7736501,53.26919238,46.73080762,24.34555184,
,423.69,423.69,423.69,423.69,0.0,2010-11-10,423.2715391,51.75432426,48.24567574,20.17817117,
,424.79,424.79,424.79,424.79,0.0,2010-11-11,423.69,61.22942211,38.77057789,20.63430578,
,423.44,423.44,423.44,423.44,0.0,2010-11-14,426.33,47.05307303,52.94692697,17.68621542,
,423.64,423.64,423.64,423.64,0.0,2010-11-15,426.2722,49.22987399,50.77012601,14.45702274,
,424.93,424.93,424.93,424.93,0.0,2010-11-16,426.215556,61.86919322,38.13080678,16.31329548,
,425.42,425.42,425.42,425.42,0.0,2010-11-18,426.1600449,65.89995205,34.10004795,19.4106172,
,423.35,423.35,423.35,423.35,0.0,2010-11-21,426.105644,42.29217417,57.70782583,18.61162409,
,419.81,419.81,419.81,419.81,0.0,2010-11-22,425.9954182,23.95077382,76.04922618,25.30898975,
,419.63,419.63,419.63,419.63,0.0,2010-11-23,425.6242931,23.30829006,76.69170994,30.92387577,
,419.07,419.07,419.07,419.07,0.0,2010-11-24,425.1447497,21.10646121,78.89353879,36.29651613,
,418.15,418.15,418.15,418.15,0.0,2010-11-25,424.5372747,17.67722734,82.32277266,41.96632197,
,417.18,417.18,417.18,417.18,0.0,2010-11-28,423.7708017,14.55959502,85.44040498,47.74921957,
,415.68,415.68,415.68,415.68,0.0,2010-11-29,422.8480895,10.85799223,89.14200777,53.85617876,
,413.85,413.85,413.85,413.85,0.0,2010-11-30,421.7011952,7.824378847,92.17562115,59.95519147,
,412.06,412.06,412.06,412.06,0.0,2010-12-01,420.28798,5.832108556,94.16789144,65.63130976,
,408.88,408.88,408.88,408.88,0.0,2010-12-02,418.642384,3.725552011,96.27444799,71.014827,
,407.85,407.85,407.85,407.85,0.0,2010-12-05,416.6899072,3.250235912,96.74976409,75.51176724,
,403.56,403.56,403.56,403.56,0.0,2010-12-06,414.9219258,1.952990569,98.04700943,79.62821756,
,401.77,401.77,401.77,401.77,0.0,2010-12-07,412.6495406,1.616489868,98.38351013,83.0559781,
,401.42,401.42,401.42,401.42,0.0,2010-12-08,410.4736325,1.551166398,98.4488336,85.82431592,
,398.88,398.88,398.88,398.88,0.0,2010-12-09,408.662906,1.135069558,98.86493044,88.20542491,
,395.42,395.42,395.42,395.42,0.0,2010-12-12,406.7063248,0.779173826,99.22082617,90.2526704,
,394.04,394.04,394.04,394.04,0.0,2010-12-13,404.4490598,0.673839532,99.32616047,91.93260051,
,393.48,393.48,393.48,393.48,0.0,2010-12-14,402.3672479,0.63059745,99.36940255,93.29384143,
,394.17,394.17,394.17,394.17,0.0,2010-12-15,400.5897983,9.568599422,90.43140058,90.80763337,
,392.04,392.04,392.04,392.04,0.0,2010-12-16,399.1678386,7.103220875,92.89677912,89.80481835,
,390.98,390.98,390.98,390.98,0.0,2010-12-19,397.7422709,6.122003778,93.87799622,89.39505317,
,391.35,391.35,391.35,391.35,0.0,2010-12-20,396.3898167,11.45857334,88.54142666,86.9326132,
,394.84,394.84,394.84,394.84,0.0,2010-12-22,395.3078534,46.98888507,53.01111493,70.75053653,
,399.55,399.55,399.55,399.55,0.0,2010-12-23,390.98,68.388416,31.611584,63.95579562,
,406.86,406.86,406.86,406.86,0.0,2010-12-26,391.1514,82.27203494,17.72796506,64.07345047,
,407.72,407.72,407.72,407.72,0.0,2010-12-27,391.779744,83.3475713,16.6524287,64.5977889,
,404.18,404.18,404.18,404.18,0.0,2010-12-28,392.7361594,63.51923442,36.48076558,57.08592489,
,404.06,404.06,404.06,404.06,0.0,2010-12-29,393.6351898,62.88532003,37.11467997,50.82286792,
,400.62,400.62,400.62,400.62,0.0,2011-01-02,394.4802784,46.32052575,53.67947425,42.13008404,
,398.01,398.01,398.01,398.01,0.0,2011-01-03,395.2746617,37.06172943,62.93827057,38.87937546,
,399.59,399.59,399.59,399.59,0.0,2011-01-04,396.021382,45.3306952,54.6693048,32.97122229,
,400.76,400.76,400.76,400.76,0.0,2011-01-05,396.7232991,51.25825872,48.74174128,26.88028132,
,400.43,400.43,400.43,400.43,0.0,2011-01-06,397.3831011,49.37095295,50.62904705,21.75584387,
,398.26,398.26,398.26,398.26,0.0,2011-01-09,398.0033151,37.90052846,62.09947154,22.24446371,
,399.47,399.47,399.47,399.47,0.0,2011-01-10,398.26,46.5551742,53.4448258,19.17350129,
,400.67,400.67,400.67,400.67,0.0,2011-01-11,398.26,54.42853681,45.57146319,17.11021575,
,400.2,400.2,400.2,400.2,0.0,2011-01-12,398.8276,50.76700544,49.23299456,13.99497478,
,402.75,402.75,402.75,402.75,0.0,2011-01-13,399.361144,66.19158282,33.80841718,17.67261295,
,403.12,403.12,403.12,403.12,0.0,2011-01-16,399.8626754,68.00940301,31.99059699,21.34185157,
,403.71,403.71,403.71,403.71,0.0,2011-01-17,400.3341148,71.10606032,28.89393968,25.51590538,
,403.46,403.46,403.46,403.46,0.0,2011-01-18,400.7772679,67.63820564,32.36179436,27.46800656,
,404.33,404.33,404.33,404.33,0.0,2011-01-19,401.1938319,73.30215904,26.69784096,31.29526887,
,406.9,406.9,406.9,406.9,0.0,2011-01-20,401.585402,83.7827852,16.2172148,38.54932917,
,406.34,406.34,406.34,406.34,0.0,2011-01-23,401.9534778,75.68972228,24.31027772,41.11535225,
,410.34,410.34,410.34,410.34,0.0,2011-01-24,402.2994692,86.94723741,13.05276259,47.67117677,
,410.57,410.57,410.57,410.57,0.0,2011-01-31,402.9427116,87.36768646,12.63231354,53.084016,
,410.48,410.48,410.48,410.48,0.0,2011-02-01,403.7054405,86.01250572,13.98749428,56.87221509,
,407.97,407.97,407.97,407.97,0.0,2011-02-02,404.3918964,55.82549121,44.17450879,47.82796855,
,406.84,406.84,406.84,406.84,0.0,2011-02-03,405.0097068,46.61825453,53.38174547,39.61507303,
,413.76,413.76,413.76,413.76,0.0,2011-02-06,405.5657361,76.40595026,23.59404974,42.25443853,
,408.47,408.47,408.47,408.47,0.0,2011-02-07,406.5490478,49.83375871,50.16624129,33.87004734,
,406.96,406.96,406.96,406.96,0.0,2011-02-08,413.76,44.33259426,55.66740574,29.36300017,
,405.44,405.44,405.44,405.44,0.0,2011-02-09,413.624,38.92574164,61.07425836,27.92010348,
,405.05,405.05,405.05,405.05,0.0,2011-02-10,413.29664,37.46044566,62.53955434,27.35190452,
,404.14,404.14,404.14,404.14,0.0,2011-02-13,412.8018416,33.75443932,66.24556068,28.37974789,
,403.71,403.71,403.71,403.71,0.0,2011-02-14,412.1088943,31.89090604,68.10909396,29.94743589,
,404.47,404.47,404.47,404.47,0.0,2011-02-15,411.2690048,39.29521192,60.70478808,28.23986395,
,405.44,405.44,405.44,405.44,0.0,2011-02-16,410.5131044,48.26763487,51.73236513,23.28483721,
,408.19,408.19,408.19,408.19,0.0,2011-02-17,409.8327939,66.05021545,33.94978455,25.04795595,
,405.15,405.15,405.15,405.15,0.0,2011-02-20,409.2205145,44.78014762,55.21985238,22.12630571,
,404.32,404.32,404.32,404.32,0.0,2011-02-21,408.6694631,40.34600465,59.65399535,21.56264271,
,401.2,401.2,401.2,401.2,0.0,2011-02-22,408.1735168,27.53474678,72.46525322,26.23621546,
,398.5,398.5,398.5,398.5,0.0,2011-02-23,407.3366948,20.49498423,79.50501577,32.79097867,
,397.46,397.46,397.46,397.46,0.0,2011-02-24,406.0995575,18.24859069,81.75140931,38.93334666,
,394.19,394.19,394.19,394.19,0.0,2011-02-27,404.7172283,12.75423214,87.24576786,46.04498447,
,391.66,391.66,391.66,391.66,0.0,2011-02-28,402.8223272,9.877920315,90.12207968,52.88481945,
,391.22,391.22,391.22,391.22,0.0,2011-03-01,400.5898618,9.416280554,90.58371945,58.54134334,
,395.43,395.43,395.43,395.43,0.0,2011-03-03,398.7158894,41.89460324,58.10539676,50.07523338,
,394.06,394.06,394.06,394.06,0.0,2011-03-07,397.2167115,36.56218646,63.43781354,45.43531212,
,392.71,392.71,392.71,392.71,0.0,2011-03-09,396.0173692,31.60687676,68.39312324,43.70549899,
,389.81,389.81,389.81,389.81,0.0,2011-03-10,395.0578954,23.17345708,76.82654292,45.69501636,
,388.25,388.25,388.25,388.25,0.0,2011-03-13,394.0083163,19.64826386,80.35173614,48.69670754,
,384.18,384.18,384.18,384.18,0.0,2011-03-14,392.856653,13.13296133,86.86703867,53.70418151,
,376.75,376.75,376.75,376.75,0.0,2011-03-15,391.1213224,7.475993284,92.52400672,59.97294789,
,378.83,378.83,378.83,378.83,0.0,2011-03-16,388.2470579,19.5955244,80.4044756,60.14014855,
,377.51,377.51,377.51,377.51,0.0,2011-03-17,385.9476464,17.75103687,82.24896313,61.01170409,
,377.6,377.6,377.6,377.6,0.0,2011-03-20,384.1081171,18.40560933,81.59439067,61.44711954,
,379.46,379.46,379.46,379.46,0.0,2011-03-21,382.6364937,32.32010364,67.67989636,56.22965418,
,379.32,379.32,379.32,379.32,0.0,2011-03-22,381.4591949,31.8097254,68.1902746,52.25983318,
,377.63,377.63,377.63,377.63,0.0,2011-03-23,380.5173559,25.68863136,74.31136864,51.532414,
,376.67,376.67,376.67,376.67,0.0,2011-03-24,379.7638848,22.60058786,77.39941214,52.18569606,
,377.0,377.0,377.0,377.0,0.0,2011-03-25,379.1451078,26.40213498,73.59786502,51.18770285,
,372.0,372.0,372.0,372.0,0.0,2011-03-27,378.6500862,13.67825613,86.32174387,55.47885983,
,365.0,365.0,365.0,365.0,0.0,2011-03-28,377.320069,7.420241551,92.57975845,61.41499125,
,358.0,358.0,358.0,358.0,0.0,2011-03-29,374.8560552,4.720572516,95.27942748,67.24376399,
,359.0,359.0,359.0,359.0,0.0,2011-03-30,371.4848442,10.53312294,89.46687706,69.58176202,
,365.0,365.0,365.0,365.0,0.0,2011-03-31,368.7878753,38.61788311,61.38211689,60.21825637,
,365.0,365.0,365.0,365.0,0.0,2011-04-04,366.6303003,38.61788311,61.38211689,52.72745185,
,364.0,364.0,364.0,364.0,0.0,2011-04-05,365.0,35.69951834,64.30048166,47.90215415,
,364.0,364.0,364.0,364.0,0.0,2011-04-06,358.0,35.69951834,64.30048166,44.04191598,
,365.0,365.0,365.0,365.0,0.0,2011-04-07,358.12,42.49019471,57.50980529,38.2374549,
,367.0,367.0,367.0,367.0,0.0,2011-04-10,358.3952,54.50249975,45.49750025,32.39096382,
,365.0,365.0,365.0,365.0,0.0,2011-04-11,358.911488,43.21847755,56.78152245,28.62538004,
,373.0,373.0,373.0,373.0,0.0,2011-04-13,359.3967987,72.10005343,27.89994657,31.7403254,
,368.0,368.0,368.0,368.0,0.0,2011-04-17,360.4850548,51.59666919,48.40333081,26.030928,
,365.0,365.0,365.0,365.0,0.0,2011-04-18,361.4862504,42.52657781,57.47342219,23.81411128,
,364.0,364.0,364.0,364.0,0.0,2011-04-19,362.4073504,39.62429143,60.37570857,23.20157245,
,361.0,361.0,361.0,361.0,0.0,2011-04-20,373.0,31.54991061,68.45008939,25.94129372,
,358.0,358.0,358.0,358.0,0.0,2011-04-21,372.76,25.14504349,74.85495651,30.69501758,
,357.0,357.0,357.0,357.0,0.0,2011-04-25,372.1696,23.18399212,76.81600788,35.28241721,
,356.0,356.0,356.0,356.0,0.0,2011-04-26,371.259424,21.12461712,78.87538288,39.77608692,
,350.0,350.0,350.0,350.0,0.0,2011-04-27,370.0386701,12.67827524,87.32172476,46.74955944,
,348.0,348.0,348.0,348.0,0.0,2011-04-28,368.0348031,10.86773705,89.13226295,53.05255274,
,345.0,345.0,345.0,345.0,0.0,2011-05-02,365.6306267,8.572380207,91.42761979,59.01309011,
,340.0,340.0,340.0,340.0,0.0,2011-05-03,362.742339,5.952969872,94.04703013,64.82928414,
,339.0,339.0,339.0,339.0,0.0,2011-05-04,359.1035647,5.530490263,94.46950974,69.6512312,
,340.0,340.0,340.0,340.0,0.0,2011-05-05,355.4849231,13.22818627,86.77181373,70.42971045,
,341.0,341.0,341.0,341.0,0.0,2011-05-08,352.5176369,21.24928083,78.75071917,67.84405603,
,341.0,341.0,341.0,341.0,0.0,2011-05-09,350.0844623,21.24928083,78.75071917,65.77553249,
,344.0,344.0,344.0,344.0,0.0,2011-05-10,348.0892591,45.05664889,54.94335111,54.59776644,
,345.0,345.0,345.0,345.0,0.0,2011-05-11,346.4531924,51.20326865,48.79673135,44.15952061,
,346.0,346.0,346.0,346.0,0.0,2011-05-12,339.0,57.18983884,42.81016116,38.20355202,
,349.0,349.0,349.0,349.0,0.0,2011-05-15,339.14,70.67926484,29.32073516,38.83454756,
,351.0,351.0,351.0,351.0,0.0,2011-05-16,339.5344,76.77716821,23.22283179,41.77850533,
,347.0,347.0,347.0,347.0,0.0,2011-05-18,340.222336,50.51358876,49.48641124,33.62823977,
,345.0,345.0,345.0,345.0,0.0,2011-05-19,340.8689958,41.61617134,58.38382866,30.25612328,
,344.0,344.0,344.0,344.0,0.0,2011-05-22,341.4768561,37.48911029,62.51088971,29.2092545,
,342.0,342.0,342.0,342.0,0.0,2011-05-23,351.0,30.04117777,69.95882223,31.3509325,
,342.0,342.0,342.0,342.0,0.0,2011-05-24,350.82,30.04117777,69.95882223,33.06427489,
,342.0,342.0,342.0,342.0,0.0,2011-05-25,350.6436,30.04117777,69.95882223,34.43494881,
,345.0,345.0,345.0,345.0,0.0,2011-05-26,350.470728,55.77932443,44.22067557,29.85968882,
,343.0,343.0,343.0,343.0,0.0,2011-05-30,350.3013134,42.69086594,57.30913406,26.81140468,
,337.0,337.0,337.0,337.0,0.0,2011-05-31,350.1352872,22.70879229,77.29120771,32.36560683,
,336.0,336.0,336.0,336.0,0.0,2011-06-01,349.6098757,20.69112963,79.30887037,37.61603361,
,334.0,334.0,334.0,334.0,0.0,2011-06-02,348.7932831,16.93047345,83.06952655,43.32063751,
,328.0,328.0,328.0,328.0,0.0,2011-06-05,347.6098205,10.06825159,89.93174841,50.62920937,
,323.0,323.0,323.0,323.0,0.0,2011-06-06,345.6488384,7.079320061,92.92067994,57.67163947,
,317.0,317.0,317.0,317.0,0.0,2011-06-07,342.9309778,4.898164877,95.10183512,64.17804563,
,311.0,311.0,311.0,311.0,0.0,2011-06-08,339.3006409,3.536254465,96.46374554,69.92793471,
,309.0,309.0,309.0,309.0,0.0,2011-06-09,334.7725384,3.169106797,96.8308932,74.67470505,
,304.0,304.0,304.0,304.0,0.0,2011-06-12,330.1334815,2.392772605,97.60722739,78.782655,
,302.0,302.0,302.0,302.0,0.0,2011-06-13,324.9067852,2.131675028,97.86832497,82.17345399,
,298.0,298.0,298.0,298.0,0.0,2011-06-14,320.3254281,1.674794253,98.32520575,85.06884549,
,292.0,292.0,292.0,292.0,0.0,2011-06-15,315.8603425,1.194687765,98.80531223,87.57720129,
,304.0,304.0,304.0,304.0,0.0,2011-06-16,311.088274,42.44344747,57.55655253,73.08438204,
,319.0,319.0,319.0,319.0,0.0,2011-06-19,292.0,65.16590048,34.83409952,64.53386582,
,331.0,331.0,331.0,331.0,0.0,2011-06-20,292.54,75.02546692,24.97453308,61.63727943,
,344.0,344.0,344.0,344.0,0.0,2011-06-21,294.0784,81.94553046,18.05446954,62.08803573,
,364.0,364.0,364.0,364.0,0.0,2011-06-23,297.073696,88.2216746,11.7783254,64.95909842,
,347.0,347.0,347.0,347.0,0.0,2011-06-26,302.4278003,64.42598952,35.57401048,57.73767455,
,330.0,330.0,330.0,330.0,0.0,2011-06-27,307.3535763,48.18129924,51.81870076,46.91761994,
,333.0,333.0,333.0,333.0,0.0,2011-06-29,311.8852902,50.91160638,49.08839362,37.8987385,
,337.0,337.0,337.0,337.0,0.0,2011-06-30,316.054467,54.87436032,45.12563968,32.26873493,
,333.0,333.0,333.0,333.0,0.0,2011-07-03,319.8901096,49.84460922,50.15539078,25.87714426,
,334.0,334.0,334.0,334.0,0.0,2011-07-04,323.4189008,51.24123402,48.75876598,21.19820901,
,341.0,341.0,341.0,341.0,0.0,2011-07-05,326.6653888,60.79388649,39.20611351,21.27612181,
,345.0,345.0,345.0,345.0,0.0,2011-07-06,329.6521577,65.60687549,34.39312451,23.26364764,
,341.0,341.0,341.0,341.0,0.0,2011-07-07,332.3999851,56.87874737,43.12125263,21.36241706,
,346.0,346.0,346.0,346.0,0.0,2011-07-10,334.9279863,64.29975644,35.70024356,22.80983623,
,346.0,346.0,346.0,346.0,0.0,2011-07-11,337.2537474,64.29975644,35.70024356,23.96777156,
,352.0,352.0,352.0,352.0,0.0,2011-07-12,339.3934476,73.00917292,26.99082708,28.37788641,
,356.0,356.0,356.0,356.0,0.0,2011-07-13,341.3619718,77.56932195,22.43067805,33.73003791,
,363.0,363.0,363.0,363.0,0.0,2011-07-14,343.173014,83.62224624,16.37775376,40.43292883,
,378.0,378.0,378.0,378.0,0.0,2011-07-17,344.8391729,90.49359861,9.506401395,48.5437825,
,370.0,370.0,370.0,370.0,0.0,2011-07-18,348.1552556,70.71454972,29.28545028,47.12084589,
,374.0,374.0,374.0,374.0,0.0,2011-07-19,351.13973,74.23428328,25.76571672,47.39039003,
,380.0,380.0,380.0,380.0,0.0,2011-07-20,353.825757,78.97278384,21.02721616,49.50142555,
,377.0,377.0,377.0,377.0,0.0,2011-07-21,356.9666662,70.83129373,29.16870627,47.93365794,
,365.0,365.0,365.0,365.0,0.0,2011-07-24,359.7306663,46.73908334,53.26091666,39.65129301,
,360.0,360.0,360.0,360.0,0.0,2011-07-25,380.0,39.70516601,60.29483399,35.83896801,
,357.0,357.0,357.0,357.0,0.0,2011-07-26,379.6,35.67817246,64.32182754,34.39990542,
,364.0,364.0,364.0,364.0,0.0,2011-07-27,378.696,50.3618882,49.6381118,27.66467962,
,361.0,361.0,361.0,361.0,0.0,2011-07-28,377.82816,44.87399607,55.12600393,24.18214527,
,359.0,359.0,359.0,359.0,0.0,2011-07-31,376.9950336,41.1383227,58.8616773,22.89038713,
,358.0,358.0,358.0,358.0,0.0,2011-08-01,376.1952323,39.10375284,60.89624716,22.67080857,
,358.0,358.0,358.0,358.0,0.0,2011-08-02,375.427423,39.10375284,60.89624716,22.49514572,
,356.0,356.0,356.0,356.0,0.0,2011-08-03,374.690326,33.86918539,66.13081461,24.44844242,
,358.0,358.0,358.0,358.0,0.0,2011-08-04,373.5689065,43.34862808,56.65137192,22.2193027,
,354.0,354.0,354.0,354.0,0.0,2011-08-07,372.5147721,31.91248529,68.08751471,25.01044805,
,352.0,352.0,352.0,352.0,0.0,2011-08-08,371.0335903,27.395368,72.604632,29.05021124,
,346.0,346.0,346.0,346.0,0.0,2011-08-09,369.1302313,17.89609621,82.10390379,36.08173051,
,352.0,352.0,352.0,352.0,0.0,2011-08-10,366.3546035,42.72223789,57.27776211,31.77648925,
,353.0,353.0,353.0,353.0,0.0,2011-08-11,363.9120511,46.11660739,53.88339261,26.97454844,
,353.0,353.0,353.0,353.0,0.0,2011-08-15,361.762605,46.11660739,53.88339261,23.1329958,
,354.0,354.0,354.0,354.0,0.0,2011-08-16,359.8710924,50.68315882,49.31684118,18.77966017,
,351.0,351.0,351.0,351.0,0.0,2011-08-17,358.2065613,38.46020259,61.53979741,19.6396471,
,353.0,353.0,353.0,353.0,0.0,2011-08-18,356.7417739,48.75825795,51.24174205,16.2084145,
,350.0,350.0,350.0,350.0,0.0,2011-08-22,355.4527611,37.11346165,62.88653835,18.12134694,
,350.0,350.0,350.0,350.0,0.0,2011-08-23,354.3184297,37.11346165,62.88653835,19.65169289,
,349.0,349.0,349.0,349.0,0.0,2011-08-24,353.3202182,33.00766624,66.99233376,22.51828781,
,347.0,347.0,347.0,347.0,0.0,2011-08-25,352.441792,25.85651659,74.14348341,27.67202362,
,337.0,337.0,337.0,337.0,0.0,2011-08-28,351.668777,10.98375085,89.01624915,37.74411855,
,338.0,338.0,338.0,338.0,0.0,2011-08-29,349.6151482,16.95474387,83.04525613,43.4133973,
,340.0,340.0,340.0,340.0,0.0,2011-08-30,347.8490274,28.88097156,71.11902844,43.17832921,
,342.0,342.0,342.0,342.0,0.0,2011-09-01,346.3301636,39.70480255,60.29519745,38.66074235,
,339.0,339.0,339.0,339.0,0.0,2011-09-04,345.0239407,30.88997191,69.11002809,38.57260512,
,336.0,336.0,336.0,336.0,0.0,2011-09-05,343.900589,24.17979997,75.82020003,41.18616411,
,332.0,332.0,332.0,332.0,0.0,2011-09-06,342.6364948,17.75254523,82.24745477,45.84791319,
,331.0,331.0,331.0,331.0,0.0,2011-09-07,340.7219257,16.39101098,83.60898902,50.12192616,
,330.0,330.0,330.0,330.0,0.0,2011-09-08,338.7775406,14.95709046,85.04290954,54.11470474,
,327.0,327.0,327.0,327.0,0.0,2011-09-12,337.0220324,11.26237763,88.73762237,58.78681274,
,326.0,326.0,326.0,326.0,0.0,2011-09-13,335.017626,10.21136897,89.78863103,62.94490261,
,319.0,319.0,319.0,319.0,0.0,2011-09-14,333.2141008,5.621289431,94.37871057,68.10740631,
,321.0,321.0,321.0,321.0,0.0,2011-09-15,330.3712806,18.67676916,81.32323084,67.01521739,
,319.0,319.0,319.0,319.0,0.0,2011-09-18,328.0970245,15.92339909,84.07660091,67.24281428,
,317.0,317.0,317.0,317.0,0.0,2011-09-19,326.2776196,13.44566287,86.55433713,68.41598627,
,320.0,320.0,320.0,320.0,0.0,2011-09-20,324.4220957,32.9948514,67.0051486,61.53484846,
,323.0,323.0,323.0,323.0,0.0,2011-09-21,317.0,47.74715534,52.25284466,50.12901663,
,328.0,328.0,328.0,328.0,0.0,2011-09-22,317.12,64.17800984,35.82199016,45.77441724,
,332.0,332.0,332.0,332.0,0.0,2011-09-25,317.5552,72.74752365,27.25247635,45.71854325,
,331.0,331.0,331.0,331.0,0.0,2011-09-26,318.421888,67.68736534,32.31263466,43.64978074,
,331.0,331.0,331.0,331.0,0.0,2011-09-27,319.2365747,67.68736534,32.31263466,41.99477072,
,331.0,331.0,331.0,331.0,0.0,2011-09-29,320.0023802,67.68736534,32.31263466,40.67076271,
,331.0,331.0,331.0,331.0,0.0,2011-10-02,320.7222374,67.68736534,32.31263466,39.61155631,
,331.0,331.0,331.0,331.0,0.0,2011-10-09,321.3989032,67.68736534,32.31263466,38.76419118,
,333.0,333.0,333.0,333.0,0.0,2011-10-10,322.034969,77.31725889,22.68274111,41.9382565,
,334.0,334.0,334.0,334.0,0.0,2011-10-12,322.9121715,80.87884366,19.12115634,45.90214267,
,333.0,333.0,333.0,333.0,0.0,2011-10-13,324.0209543,67.60909019,32.39090981,43.76535021,
,332.0,332.0,332.0,332.0,0.0,2011-10-16,325.0188589,56.10308255,43.89691745,37.45351319,
,331.0,331.0,331.0,331.0,0.0,2011-10-17,325.916973,46.26179243,53.73820757,31.45809358,
,330.0,330.0,330.0,330.0,0.0,2011-10-18,326.7252757,37.94226627,62.05773373,29.98956835,
,330.0,330.0,330.0,330.0,0.0,2011-10-19,327.4527481,37.94226627,62.05773373,28.81474818,
,328.0,328.0,328.0,328.0,0.0,2011-10-20,334.0,24.29102789,75.70897211,33.33538738,
,326.0,326.0,326.0,326.0,0.0,2011-10-23,333.88,16.75547,83.24453,39.96612191,
,327.0,327.0,327.0,327.0,0.0,2011-10-24,333.5648,30.27438634,69.72561366,39.86314299,
,328.0,328.0,328.0,328.0,0.0,2011-10-25,333.262208,42.04022477,57.95977523,35.07442448,
,328.0,328.0,328.0,328.0,0.0,2011-10-30,332.9717197,42.04022477,57.95977523,31.24344968,
,330.0,330.0,330.0,330.0,0.0,2011-10-31,332.6928509,62.05151224,37.94848776,29.81536464,
,347.0,347.0,347.0,347.0,0.0,2011-11-02,326.0,91.87120917,8.128790827,40.60077538,
,344.0,344.0,344.0,344.0,0.0,2011-11-03,326.42,78.29908606,21.70091394,43.80025473,
,338.0,338.0,338.0,338.0,0.0,2011-11-06,326.8316,57.18080265,42.81919735,37.91252484,
,335.0,335.0,335.0,335.0,0.0,2011-11-08,327.234968,48.93226018,51.06773982,30.7571158,
,332.0,332.0,332.0,332.0,0.0,2011-11-09,327.6302686,41.45687548,58.54312452,28.02294245,
,332.0,332.0,332.0,332.0,0.0,2011-11-10,328.0176633,41.45687548,58.54312452,25.83560377,
,331.0,331.0,331.0,331.0,0.0,2011-11-13,328.39731,38.40136547,61.59863453,25.30793683,
,331.0,331.0,331.0,331.0,0.0,2011-11-14,328.7693638,38.40136547,61.59863453,24.88580327,
,327.0,327.0,327.0,327.0,0.0,2011-11-15,347.0,26.29067515,73.70932485,29.39237256,
,326.0,326.0,326.0,326.0,0.0,2011-11-16,346.6,23.93208347,76.06791653,33.94106466,
,329.0,329.0,329.0,329.0,0.0,2011-11-17,345.776,43.08084647,56.91915353,29.92051314,
,328.0,328.0,328.0,328.0,0.0,2011-11-20,344.98496,38.99112504,61.00887496,28.3399605,
,329.0,329.0,329.0,329.0,0.0,2011-11-21,344.2255616,45.46274209,54.53725791,24.48687156,
,327.0,327.0,327.0,327.0,0.0,2011-11-22,343.4965391,35.9334833,64.0665167,25.21610393,
,325.0,325.0,325.0,325.0,0.0,2011-11-23,342.7966776,28.47327532,71.52672468,28.78357302,
,325.0,325.0,325.0,325.0,0.0,2011-11-24,341.7288769,28.47327532,71.52672468,31.63754829,
,325.0,325.0,325.0,325.0,0.0,2011-11-27,340.7251443,28.47327532,71.52672468,33.9207285,
,323.0,323.0,323.0,323.0,0.0,2011-11-28,339.7816356,20.25859081,79.74140919,39.03314648,
,323.0,323.0,323.0,323.0,0.0,2011-12-01,338.4391048,20.25859081,79.74140919,43.12308086,
,322.0,322.0,322.0,322.0,0.0,2011-12-04,337.2039764,16.53229984,83.46770016,47.88554475,
,321.0,321.0,321.0,321.0,0.0,2011-12-05,335.6835788,13.44176385,86.55823615,52.93173026,
,321.0,321.0,321.0,321.0,0.0,2011-12-06,333.9215493,13.44176385,86.55823615,56.96867867,
,321.0,321.0,321.0,321.0,0.0,2011-12-07,332.3709634,13.44176385,86.55823615,60.1982374,
,320.0,320.0,320.0,320.0,0.0,2011-12-08,331.0064478,9.846611037,90.15338896,64.2199455,
,318.0,318.0,318.0,318.0,0.0,2011-12-11,329.4655451,5.900932231,94.09906777,69.01558351,
,315.0,315.0,315.0,315.0,0.0,2011-12-12,327.6310579,3.369382264,96.63061774,73.8647139,
,314.0,314.0,314.0,314.0,0.0,2011-12-13,325.3574675,2.858428135,97.14157187,77.94839987,
,317.0,317.0,317.0,317.0,0.0,2011-12-14,323.085974,38.07406091,61.92593909,67.12909553,
,316.0,316.0,316.0,316.0,0.0,2011-12-15,321.2687792,33.0776937,66.9223063,60.47219894,
,314.0,314.0,314.0,314.0,0.0,2011-12-18,319.8150233,24.90660832,75.09339168,58.41511583,
,313.0,313.0,313.0,313.0,0.0,2011-12-19,318.6520187,21.5755222,78.4244778,58.10188378,
,314.0,314.0,314.0,314.0,0.0,2011-12-20,317.5216149,32.80851592,67.19148408,53.35810066,
,313.0,313.0,313.0,313.0,0.0,2011-12-21,316.617292,27.82642832,72.17357168,51.5559092,
,313.0,313.0,313.0,313.0,0.0,2011-12-22,315.8938336,27.82642832,72.17357168,50.11415603,
,312.0,312.0,312.0,312.0,0.0,2011-12-26,315.3150668,22.49016312,77.50983688,51.09525958,
,314.0,314.0,314.0,314.0,0.0,2011-12-27,314.6520535,47.60810515,52.39189485,41.8329656,
,314.0,314.0,314.0,314.0,0.0,2011-12-28,314.1216428,47.60810515,52.39189485,34.42313042,
,316.0,316.0,316.0,316.0,0.0,2011-12-29,312.0,65.21921259,34.78078741,33.62618937,
,319.0,319.0,319.0,319.0,0.0,2012-01-01,312.08,78.6655743,21.3344257,38.36718122,-0.117460317
,324.0,324.0,324.0,324.0,0.0,2012-01-02,312.3568,88.18314424,11.81685576,45.96700267,-0.042640693
,324.0,324.0,324.0,324.0,0.0,2012-01-03,313.055392,88.18314424,11.81685576,52.04685983,-0.039166667
,319.0,319.0,319.0,319.0,0.0,2012-01-04,313.7120685,51.9625485,48.0374515,42.42250727,0.042897727
,320.0,320.0,320.0,320.0,0.0,2012-01-05,314.3293444,56.43595361,43.56404639,36.51238726,-0.014813956
,317.0,317.0,317.0,317.0,0.0,2012-01-08,314.9095837,41.82881626,58.17118374,32.4783833,0.010714286
,318.0,318.0,318.0,318.0,0.0,2012-01-09,315.4550087,47.49156248,52.50843752,26.98608165,0.024821429
,320.0,320.0,320.0,320.0,0.0,2012-01-10,315.9677082,57.76910898,42.23089102,24.69650891,0.095238095
,321.0,321.0,321.0,321.0,0.0,2012-01-11,316.4496457,62.37219657,37.62780343,24.70608576,-0.072619048
,324.0,324.0,324.0,324.0,0.0,2012-01-12,316.9026669,73.28980156,26.71019844,29.08078923,0.023549784
,322.0,322.0,322.0,322.0,0.0,2012-01-16,317.3285069,59.01950954,40.98049046,26.8724352,-0.004329004
,322.0,322.0,322.0,322.0,0.0,2012-01-17,317.7287965,59.01950954,40.98049046,25.10575197,-0.008928571
,320.0,320.0,320.0,320.0,0.0,2012-01-18,318.1050687,45.25220094,54.74779906,21.9837212,-0.086237374
,321.0,321.0,321.0,321.0,0.0,2012-01-19,318.4587646,52.21837587,47.78162413,18.47432731,-0.00280754
,320.0,320.0,320.0,320.0,0.0,2012-01-22,318.7912387,45.05268024,54.94731976,16.75838976,0.003690476
,318.0,318.0,318.0,318.0,0.0,2012-01-23,324.0,33.54470373,66.45529627,19.98883031,-0.029027778
,318.0,318.0,318.0,318.0,0.0,2012-01-25,323.88,33.54470373,66.45529627,22.57318276,0.028690476
,317.0,317.0,317.0,317.0,0.0,2012-01-26,323.7624,27.96422827,72.03577173,26.8728549,0.036590608
,317.0,317.0,317.0,317.0,0.0,2012-01-29,323.491904,27.96422827,72.03577173,30.31259261,-0.029801587
,316.0,316.0,316.0,316.0,0.0,2012-01-31,323.2322278,22.1949505,77.8050495,35.37209389,-0.009107143
,317.0,317.0,317.0,317.0,0.0,2012-02-01,322.7982942,38.14620879,61.85379121,33.03919159,-0.079047619
,316.0,316.0,316.0,316.0,0.0,2012-02-02,322.3903965,30.36466635,69.63533365,34.28548673,0.018702381
,315.0,315.0,315.0,315.0,0.0,2012-02-05,322.0069727,24.19513278,75.80486722,37.75033628,-0.026269841
,314.0,314.0,314.0,314.0,0.0,2012-02-06,321.4464149,19.29472317,80.70527683,42.48237975,-0.005714286
,313.0,313.0,313.0,313.0,0.0,2012-02-07,320.7017734,15.39671706,84.60328294,47.82721698,-0.007579365
,312.0,312.0,312.0,312.0,0.0,2012-02-08,319.7775606,12.29248794,87.70751206,53.34477841,-0.028809524
,312.0,312.0,312.0,312.0,0.0,2012-02-09,318.6887021,12.29248794,87.70751206,57.75882755,-0.012248677
,312.0,312.0,312.0,312.0,0.0,2012-02-12,317.7522838,12.29248794,87.70751206,61.29006686,-0.02797619
,313.0,313.0,313.0,313.0,0.0,2012-02-13,316.9469641,37.07228069,62.92771931,54.20314121,-0.070833333
,312.0,312.0,312.0,312.0,0.0,2012-02-14,316.2543891,27.39682997,72.60317003,52.40378098,0.008571429
,312.0,312.0,312.0,312.0,0.0,2012-02-15,315.6587746,27.39682997,72.60317003,50.9642928,-0.008571429
,312.0,312.0,312.0,312.0,0.0,2012-02-17,315.1465462,27.39682997,72.60317003,49.81270225,-0.0515625
,312.0,312.0,312.0,312.0,0.0,2012-02-21,314.7060297,27.39682997,72.60317003,48.89142981,0.098545918
,313.0,313.0,313.0,313.0,0.0,2012-02-23,314.3271856,55.65351279,44.34648721,41.37454897,0.045974427
,312.0,312.0,312.0,312.0,0.0,2012-02-26,314.0013796,37.43949974,62.56050026,38.12383928,-0.029761905
,312.0,312.0,312.0,312.0,0.0,2012-02-27,313.7211864,37.43949974,62.56050026,35.52327153,-0.046428571
,315.0,315.0,315.0,315.0,0.0,2012-02-28,312.0,75.31256003,24.68743997,38.54364123,0.012619048
,315.0,315.0,315.0,315.0,0.0,2012-02-29,312.0,75.31256003,24.68743997,40.959937,-0.071006494
,317.0,317.0,317.0,317.0,0.0,2012-03-01,312.06,84.85997158,15.14002842,46.71193823,-0.004851319
,316.0,316.0,316.0,316.0,0.0,2012-03-04,312.2576,68.34136981,31.65863019,44.70609851,-0.005952381
,316.0,316.0,316.0,316.0,0.0,2012-03-05,312.447296,68.34136981,31.65863019,43.10142673,-0.015666667
,316.0,316.0,316.0,316.0,0.0,2012-03-06,312.6294042,68.34136981,31.65863019,41.81768931,-0.009002268
,315.0,315.0,315.0,315.0,0.0,2012-03-11,312.804228,49.51592216,50.48407784,33.64778258,-0.087316017
,314.0,314.0,314.0,314.0,0.0,2012-03-12,312.9720589,36.83323001,63.16676999,32.18493406,0.006047078
,314.0,314.0,314.0,314.0,0.0,2012-03-13,313.1331765,36.83323001,63.16676999,31.01465524,0.04030303
,313.0,313.0,313.0,313.0,0.0,2012-03-14,317.0,26.30552722,73.69447278,34.28951331,-0.000793651
,311.0,311.0,311.0,311.0,0.0,2012-03-15,316.92,15.34250797,84.65749203,41.29460746,0.042512175
,303.0,303.0,303.0,303.0,0.0,2012-03-18,316.6832,4.97521769,95.02478231,51.04559889,-0.063849206
,303.0,303.0,303.0,303.0,0.0,2012-03-19,315.862208,4.97521769,95.02478231,58.84639204,-0.008585859
,302.0,302.0,302.0,302.0,0.0,2012-03-20,315.0904755,4.39515712,95.60484288,65.31905078,0.045714286
,304.0,304.0,304.0,304.0,0.0,2012-03-21,314.0432375,25.97236097,74.02763903,61.86629624,0.011953463
,303.0,303.0,303.0,303.0,0.0,2012-03-25,313.0797785,22.76166413,77.23833587,60.38837134,0.014105617
,301.0,301.0,301.0,301.0,0.0,2012-03-26,312.1933962,17.38793391,82.61206609,61.35552351,0.027251082
,300.0,300.0,300.0,300.0,0.0,2012-03-27,311.0740566,15.15216659,84.84783341,63.02355217,-0.007738095
,300.0,300.0,300.0,300.0,0.0,2012-03-28,309.7451698,15.15216659,84.84783341,64.3579751,0.061011905
,299.0,299.0,299.0,299.0,0.0,2012-03-29,308.5757494,12.61725154,87.38274846,66.43947946,0.008525046
,299.0,299.0,299.0,299.0,0.0,2012-04-01,307.2351445,12.61725154,87.38274846,68.10468295,-0.033988095
,301.0,301.0,301.0,301.0,0.0,2012-04-02,306.0822243,42.61719647,57.38280353,57.43686778,-0.01077381
,302.0,302.0,302.0,302.0,0.0,2012-04-03,305.0907129,52.75474548,47.24525452,47.05139241,-0.04359127
,302.0,302.0,302.0,302.0,0.0,2012-04-04,304.2380131,52.75474548,47.24525452,38.74301212,-0.002116402
,302.0,302.0,302.0,302.0,0.0,2012-04-05,303.5046912,52.75474548,47.24525452,32.09630789,0.007943122
,303.0,303.0,303.0,303.0,0.0,2012-04-08,299.0,64.87470614,35.12529386,31.62692877,-0.015535714
,304.0,304.0,304.0,304.0,0.0,2012-04-09,299.08,73.40334983,26.59665017,34.66288295,-0.043531746
,306.0,306.0,306.0,306.0,0.0,2012-04-10,299.2768,83.44966505,16.55033495,41.11017238,0.004047619
,309.0,309.0,309.0,309.0,0.0,2012-04-11,299.680192,90.31147603,9.688523974,49.01272831,-0.064583333
,320.0,320.0,320.0,320.0,0.0,2012-04-12,300.4257766,96.65943108,3.340568924,57.87395508,-0.008091029
,337.0,337.0,337.0,337.0,0.0,2012-04-15,302.383199,98.52561298,1.474387022,65.70940926,-0.123809524
,355.0,355.0,355.0,355.0,0.0,2012-04-16,306.5372151,99.15234863,0.847651369,72.22846686,0.007857143
,336.0,336.0,336.0,336.0,0.0,2012-04-17,313.322005,63.52367654,36.47632346,63.1922441,-0.002784993
,348.0,348.0,348.0,348.0,0.0,2012-04-18,319.1569243,71.58464721,28.41535279,59.18765416,-0.051071429
,355.0,355.0,355.0,355.0,0.0,2012-04-19,324.1749549,75.52805412,24.47194588,57.56134498,0.013878968
,369.0,369.0,369.0,369.0,0.0,2012-04-22,328.4904612,81.83149563,18.16850437,58.78167423,0.016449615
,388.0,388.0,388.0,388.0,0.0,2012-04-24,334.9719874,87.35631841,12.64368159,61.96786675,-0.009603175
,409.0,409.0,409.0,409.0,0.0,2012-04-25,344.5170297,91.09676051,8.903239487,66.01299761,-0.018904762
,425.0,425.0,425.0,425.0,0.0,2012-04-26,357.4136237,93.05382736,6.946172638,70.03192903,0.035597583
,423.0,423.0,423.0,423.0,0.0,2012-04-29,370.930899,89.96391627,10.03608373,72.01110973,-0.080238095
,405.0,405.0,405.0,405.0,0.0,2012-04-30,381.7447192,65.49673595,34.50326405,63.80758217,-0.008333333
,384.0,384.0,384.0,384.0,0.0,2012-05-02,425.0,46.89667324,53.10332676,52.28739644,0.036428571
,404.0,404.0,404.0,404.0,0.0,2012-05-03,424.18,60.31369516,39.68630484,45.95539521,-0.015078163
,428.0,428.0,428.0,428.0,0.0,2012-05-07,384.0,71.22070691,28.77929309,45.25259893,0.009350649
,433.0,433.0,433.0,433.0,0.0,2012-05-08,384.88,73.14288346,26.85711654,45.45923253,0.006535714
,420.0,420.0,420.0,420.0,0.0,2012-05-09,386.8048,60.09759695,39.90240305,40.40642481,0.006071429
,411.0,411.0,411.0,411.0,0.0,2012-05-10,388.652608,52.06210551,47.93789449,33.14998205,-0.014484127
,391.0,391.0,391.0,391.0,0.0,2012-05-13,390.4265037,37.96248394,62.03751606,31.33499206,-0.019642857
,373.0,373.0,373.0,373.0,0.0,2012-05-14,433.0,29.09725006,70.90274994,33.42909362,-0.03452381
,392.0,392.0,392.0,392.0,0.0,2012-05-15,431.8,45.79817708,54.20182292,28.42400407,-0.006666667
,412.0,412.0,412.0,412.0,0.0,2012-05-16,430.624,58.62235817,41.37764183,26.18814652,0.008387446
,416.0,416.0,416.0,416.0,0.0,2012-05-17,429.47152,60.93316673,39.06683327,25.32378391,0.005436508
,409.0,409.0,409.0,409.0,0.0,2012-05-20,428.3420896,54.29965688,45.70034312,21.97888988,-0.021428571
,414.0,414.0,414.0,414.0,0.0,2012-05-21,427.2352478,58.34825618,41.65174382,20.92241438,0.011587302
,406.0,406.0,406.0,406.0,0.0,2012-05-22,426.1505429,49.56611851,50.43388149,16.9114841,-0.050357143
,386.0,386.0,386.0,386.0,0.0,2012-05-23,425.087532,33.71039106,66.28960894,20.04503085,0.071349206
,399.0,399.0,399.0,399.0,0.0,2012-05-24,424.0457814,47.3854821,52.6145179,17.08183184,-0.023527036
,413.0,413.0,413.0,413.0,0.0,2012-05-27,423.0248657,58.82098811,41.17901189,17.19386072,0.034007937
,392.0,392.0,392.0,392.0,0.0,2012-05-29,422.0243684,41.79045723,58.20954277,17.03890568,-0.04
,373.0,373.0,373.0,373.0,0.0,2012-05-30,421.043881,31.48184209,68.51815791,21.03838771,0.002321429
,374.0,374.0,374.0,374.0,0.0,2012-05-31,420.0830034,32.57603502,67.42396498,23.80029616,-0.001967893
,391.0,391.0,391.0,391.0,0.0,2012-06-03,419.1413434,49.65916879,50.34083121,19.17656941,0.00047619
,382.0,382.0,382.0,382.0,0.0,2012-06-04,418.2185165,42.52840642,57.47159358,18.32989296,0.021850649
,373.0,373.0,373.0,373.0,0.0,2012-06-05,417.3141462,36.05652692,63.94347308,20.2413036,0.084047619
,366.0,366.0,366.0,366.0,0.0,2012-06-06,416.4278632,31.40947491,68.59052509,23.62925292,0.044285714
,370.0,370.0,370.0,370.0,0.0,2012-06-07,414.4107487,37.19154944,62.80845056,24.02678256,0.025595238
,364.0,364.0,364.0,364.0,0.0,2012-06-10,412.4743188,32.11540236,67.88459764,26.3752651,-0.018055556
,366.0,366.0,366.0,366.0,0.0,2012-06-11,409.5658596,35.76822517,64.23177483,26.79292202,-0.091428571
,368.0,368.0,368.0,368.0,0.0,2012-06-12,406.8319081,39.81628011,60.18371989,25.50782557,-0.051587302
,366.0,366.0,366.0,366.0,0.0,2012-06-13,404.2619936,36.90867798,63.09132202,25.64278926,0.04077381
,365.0,365.0,365.0,365.0,0.0,2012-06-14,401.846274,35.29766056,64.70233944,26.39516718,0.012997835
,361.0,361.0,361.0,361.0,0.0,2012-06-17,399.5754975,28.97421925,71.02578075,29.52644605,-0.04138322
,363.0,363.0,363.0,363.0,0.0,2012-06-18,396.4894577,36.12596311,63.87403689,29.17077159,0.085079365
,362.0,362.0,362.0,362.0,0.0,2012-06-19,393.6503011,33.98706724,66.01293276,29.74179038,0.039285714
,364.0,364.0,364.0,364.0,0.0,2012-06-20,391.038277,42.49827328,57.50172672,26.79412299,0.031311688
,365.0,365.0,365.0,365.0,0.0,2012-06-21,388.6352149,46.78637372,53.21362628,22.72074891,0.014685877
,375.0,375.0,375.0,375.0,0.0,2012-06-25,386.4243977,72.45910654,27.54089346,27.16024174,-0.233333333
,368.0,368.0,368.0,368.0,0.0,2012-06-26,384.3904459,50.95072726,49.04927274,22.1084843,-0.047539683
,374.0,374.0,374.0,374.0,0.0,2012-06-27,382.5192102,62.78612442,37.21387558,22.80123721,-0.019
,377.0,377.0,377.0,377.0,0.0,2012-06-28,380.7976734,67.66288615,32.33711385,25.30614422,-0.076350309
,375.0,375.0,375.0,375.0,0.0,2012-07-01,379.2138595,61.00120553,38.99879447,24.64539759,0.0
,373.0,373.0,373.0,373.0,0.0,2012-07-02,377.7567507,54.3165987,45.6834013,21.44295755,-0.007142857
,374.0,374.0,374.0,374.0,0.0,2012-07-03,376.4162107,57.24483459,42.75516541,20.05229988,-0.028928571
,377.0,377.0,377.0,377.0,0.0,2012-07-04,361.0,65.53029216,34.46970784,22.25395677,-0.017410714
,377.0,377.0,377.0,377.0,0.0,2012-07-05,361.32,65.53029216,34.46970784,24.01528228,0.035335498
,378.0,378.0,378.0,378.0,0.0,2012-07-08,361.6336,68.69041516,31.30958484,26.68839189,0.062857143
,380.0,380.0,380.0,380.0,0.0,2012-07-09,362.288256,74.52839625,25.47160375,31.16207201,-0.007510823
,385.0,385.0,385.0,385.0,0.0,2012-07-10,363.3509606,83.90610253,16.09389747,38.49209862,0.033571429
,384.0,384.0,384.0,384.0,0.0,2012-07-11,365.0828838,76.8342201,23.1657799,41.52736693,0.005059524
,383.0,383.0,383.0,383.0,0.0,2012-07-12,366.6762531,69.51095505,30.48904495,41.02627557,0.007857143
,390.0,390.0,390.0,390.0,0.0,2012-07-15,368.1421528,83.37551898,16.62448102,46.17122805,0.029047619
,385.0,385.0,385.0,385.0,0.0,2012-07-16,370.3279376,59.29907709,40.70092291,40.65661327,-0.067420635
,386.0,386.0,386.0,386.0,0.0,2012-07-17,372.2951438,62.03954766,37.96045234,37.34110968,0.102857143
,392.0,392.0,392.0,392.0,0.0,2012-07-18,374.0656294,74.77692823,25.22307177,39.78365904,0.102720779
,395.0,395.0,395.0,395.0,0.0,2012-07-19,376.2177539,79.149569,20.850431,43.48675483,0.00781746
,405.0,405.0,405.0,405.0,0.0,2012-07-22,378.8472683,87.89404322,12.10595678,49.94702115,0.008571429
,408.0,408.0,408.0,408.0,0.0,2012-07-23,383.0317054,89.53922468,10.46077532,55.77330679,-0.032857143
,406.0,406.0,406.0,406.0,0.0,2012-07-24,387.5259984,80.4305634,19.5694366,56.79087079,0.094469697
,405.0,405.0,405.0,405.0,0.0,2012-07-25,391.2113187,75.62247829,24.37752171,55.68168795,-0.077243867
,402.0,402.0,402.0,402.0,0.0,2012-07-26,394.2332813,61.77436538,38.22563462,49.25509651,0.030806878
,396.0,396.0,396.0,396.0,0.0,2012-07-29,408.0,42.37494219,57.62505781,42.45410034,-0.003658009
,401.0,401.0,401.0,401.0,0.0,2012-07-30,407.76,56.57891822,43.42108178,36.59484756,0.014350649
,401.0,401.0,401.0,401.0,0.0,2012-07-31,407.5248,56.57891822,43.42108178,31.90744533,0.010865801
,402.0,402.0,402.0,402.0,0.0,2012-08-01,407.294304,59.68435167,40.31564833,29.39969693,-0.00805285
,403.0,403.0,403.0,403.0,0.0,2012-08-05,407.0684179,62.99275434,37.00724566,28.71685929,0.002645503
,403.0,403.0,403.0,403.0,0.0,2012-08-06,406.8470496,62.99275434,37.00724566,28.17058917,-0.076720779
,404.0,404.0,404.0,404.0,0.0,2012-08-07,406.6301086,67.19863254,32.80136746,29.41592435,0.066071429
,402.0,402.0,402.0,402.0,0.0,2012-08-08,406.4175064,52.33027613,47.66972387,24.46484993,-0.016824946
,399.0,399.0,399.0,399.0,0.0,2012-08-12,406.2091563,36.98613087,63.01386913,24.7774276,0.095833333
,400.0,400.0,400.0,400.0,0.0,2012-08-13,406.0049731,43.84660951,56.15339049,22.28329827,0.064484127
,397.0,397.0,397.0,397.0,0.0,2012-08-14,405.8048737,31.13504438,68.86495562,25.37262087,-0.080952381
,392.0,392.0,392.0,392.0,0.0,2012-08-15,405.6087762,19.41113079,80.58886921,32.53364438,-0.021428571
,398.0,398.0,398.0,398.0,0.0,2012-08-16,405.0644252,48.49977609,51.50022391,26.62700507,-0.02031746
,396.0,396.0,396.0,396.0,0.0,2012-08-19,404.5418482,42.15918941,57.84081059,24.43792829,-0.023917749
,396.0,396.0,396.0,396.0,0.0,2012-08-21,404.0401742,42.15918941,57.84081059,22.68666687,-0.023809524
,397.0,397.0,397.0,397.0,0.0,2012-08-22,403.5585673,47.51936282,52.48063718,19.14158837,-0.025714286
,398.0,398.0,398.0,398.0,0.0,2012-08-23,403.0962246,52.96755074,47.03244926,16.50029099,0.016764791
,397.0,397.0,397.0,397.0,0.0,2012-08-26,402.6523756,46.88362163,53.11637837,14.44678414,0.021236171
,406.0,406.0,406.0,406.0,0.0,2012-08-27,392.0,76.82724783,23.17275217,22.28832644,0.021493506
,406.0,406.0,406.0,406.0,0.0,2012-08-28,392.28,76.82724783,23.17275217,28.56156029,0.029761905
,407.0,407.0,407.0,407.0,0.0,2012-08-29,392.5544,78.89300757,21.10699243,34.40645126,0.027201299
,406.0,406.0,406.0,406.0,0.0,2012-08-30,393.132224,70.98316952,29.01683048,35.91842881,0.021365079
,412.0,412.0,412.0,412.0,0.0,2012-09-02,393.686935,83.43743203,16.56256797,42.10971587,0.051428571
,412.0,412.0,412.0,412.0,0.0,2012-09-03,394.7857189,83.43743203,16.56256797,47.06274551,0.044857143
,409.0,409.0,409.0,409.0,0.0,2012-09-04,395.8185758,62.48502142,37.51497858,42.64420497,0.007936508
,407.0,407.0,407.0,407.0,0.0,2012-09-05,396.7894613,51.6719994,48.3280006,34.78416374,0.007738095
,408.0,408.0,408.0,408.0,0.0,2012-09-06,397.7020936,56.38881668,43.61118332,30.38285766,-0.00780309
,408.0,408.0,408.0,408.0,0.0,2012-09-09,398.559968,56.38881668,43.61118332,26.8618128,0.005952381
,408.0,408.0,408.0,408.0,0.0,2012-09-10,399.3663699,56.38881668,43.61118332,24.04497691,0.07
,412.0,412.0,412.0,412.0,0.0,2012-09-11,400.1243877,75.25607623,24.74392377,29.33841202,-0.050714286
,414.0,414.0,414.0,414.0,0.0,2012-09-12,400.8369244,80.52258,19.47742,35.67976162,0.013636364
,419.0,419.0,419.0,419.0,0.0,2012-09-13,401.8899705,88.30273427,11.69726573,43.864903,0.038295695
,421.0,421.0,421.0,421.0,0.0,2012-09-16,403.6009734,90.25002309,9.749976909,51.19193164,-0.078690476
,422.0,422.0,422.0,422.0,0.0,2012-09-17,405.6888566,91.16886837,8.831131627,57.42109266,0.069404762
,425.0,425.0,425.0,425.0,0.0,2012-09-18,407.9724167,93.47486855,6.525131453,63.32682155,0.098904762
,422.0,422.0,422.0,422.0,0.0,2012-09-19,410.69683,70.47249554,29.52750446,58.85045545,0.02697619
,420.0,420.0,420.0,420.0,0.0,2012-09-20,412.9853372,58.48012991,41.51987009,50.47241633,0.01512987
,415.0,415.0,415.0,415.0,0.0,2012-09-23,414.9076833,38.17779237,61.82220763,45.10681611,0.033796296
,415.0,415.0,415.0,415.0,0.0,2012-09-24,425.0,38.17779237,61.82220763,40.81433594,-0.028452381
,414.0,414.0,414.0,414.0,0.0,2012-09-25,424.8,34.44127538,65.55872462,38.8749586,0.069285714
,414.0,414.0,414.0,414.0,0.0,2012-09-26,424.368,34.44127538,65.55872462,37.32345673,0.012556548
,415.0,415.0,415.0,415.0,0.0,2012-09-30,423.95328,43.1370029,56.8629971,32.60396422,-0.006785714
,417.0,417.0,417.0,417.0,0.0,2012-10-01,423.5551488,57.29726095,42.70273905,29.00207576,0.082818182
,417.0,417.0,417.0,417.0,0.0,2012-10-02,423.1729428,57.29726095,42.70273905,26.12056499,0.039285714
,417.0,417.0,417.0,417.0,0.0,2012-10-03,422.8060251,57.29726095,42.70273905,23.81535637,0.054195887
,424.0,424.0,424.0,424.0,0.0,2012-10-04,414.0,84.19771006,15.80228994,32.73136912,0.026868687
,428.0,428.0,428.0,428.0,0.0,2012-10-07,414.2,89.1015828,10.8984172,41.82572841,-0.014402597
,427.0,427.0,427.0,427.0,0.0,2012-10-08,414.752,81.22465173,18.77534827,45.95044342,0.077559524
,426.0,426.0,426.0,426.0,0.0,2012-10-09,415.28192,73.14209042,26.85790958,46.01719091,0.008636364
,425.0,425.0,425.0,425.0,0.0,2012-10-10,415.7906432,65.05070033,34.94929967,42.83403286,0.033333333
,424.0,424.0,424.0,424.0,0.0,2012-10-11,416.2790175,57.14813898,42.85186102,37.12648188,0.017619048
,427.0,427.0,427.0,427.0,0.0,2012-10-14,416.7478568,70.55991362,29.44008638,37.92515095,-0.000892857
,427.0,427.0,427.0,427.0,0.0,2012-10-15,417.1979425,70.55991362,29.44008638,38.56408621,0.041279762
,433.0,433.0,433.0,433.0,0.0,2012-10-17,417.6300248,85.11670522,14.88329478,44.89795106,0.013454545
,437.0,437.0,437.0,437.0,0.0,2012-10-18,418.5522233,89.45976376,10.54023624,51.70226635,0.008516114
,448.0,448.0,448.0,448.0,0.0,2012-10-30,420.0280454,94.73800805,5.261991951,59.2570163,-0.058722944
,451.0,451.0,451.0,451.0,0.0,2012-10-31,422.8252409,95.50532685,4.49467315,65.60774378,-0.025
,448.0,448.0,448.0,448.0,0.0,2012-11-01,426.206212,80.78072903,19.21927097,64.79848664,0.073712121
,452.0,452.0,452.0,452.0,0.0,2012-11-04,429.1814666,84.70971283,15.29028717,65.72267444,-0.028246032
,458.0,458.0,458.0,458.0,0.0,2012-11-05,432.3760612,88.94655478,11.05344522,68.15676147,-0.025
,463.0,463.0,463.0,463.0,0.0,2012-11-06,436.4758914,91.42238977,8.577610231,71.09436508,-0.039047619
,475.0,475.0,475.0,475.0,0.0,2012-11-07,441.250231,94.86973647,5.130263533,74.82338665,-0.021428571
,483.0,483.0,483.0,483.0,0.0,2012-11-08,448.0001848,96.15686751,3.843132489,78.32145632,-0.044786917
,475.0,475.0,475.0,475.0,0.0,2012-11-11,455.0001478,73.20033976,26.79966024,71.93730096,-0.041666667
,481.0,481.0,481.0,481.0,0.0,2012-11-12,460.6001183,78.10161652,21.89838348,68.79048738,-0.038121693
,493.0,493.0,493.0,493.0,0.0,2012-11-18,465.0800946,84.97243594,15.02756406,69.02136428,-0.029357143
,502.0,502.0,502.0,502.0,0.0,2012-11-20,470.6640757,88.38807504,11.61192496,70.57232144,-0.001038961
,499.0,499.0,499.0,499.0,0.0,2012-11-21,476.9312606,80.74146776,19.25853224,68.75444425,-0.028333333
,497.0,497.0,497.0,497.0,0.0,2012-11-22,481.9450084,75.31199083,24.68800917,65.12835174,-0.003183622
,497.0,497.0,497.0,497.0,0.0,2012-11-25,485.9560068,75.31199083,24.68800917,62.22747772,-0.099484127
,495.0,495.0,495.0,495.0,0.0,2012-11-26,489.1648054,68.15129106,31.84870894,57.0424986,0.022619048
,493.0,493.0,493.0,493.0,0.0,2012-11-27,491.7318443,60.91187825,39.08812175,49.99875018,-0.086038961
,493.0,493.0,493.0,493.0,0.0,2012-11-28,502.0,60.91187825,39.08812175,44.36375144,-0.009285714
,489.0,489.0,489.0,489.0,0.0,2012-11-29,501.82,45.73118168,54.26881832,37.19852848,-0.041082652
,484.0,484.0,484.0,484.0,0.0,2012-12-02,501.3072,32.91404548,67.08595452,36.59320459,-0.057222222
,482.0,482.0,482.0,482.0,0.0,2012-12-03,500.268768,28.86853505,71.13146495,37.72714965,0.013571429
,490.0,490.0,490.0,490.0,0.0,2012-12-04,498.8072666,55.94366042,44.05633958,32.55918389,-0.009285714
,500.0,500.0,500.0,500.0,0.0,2012-12-05,482.0,72.37400515,27.62599485,34.99694917,0.104029221
,498.0,498.0,498.0,498.0,0.0,2012-12-06,482.36,66.20169966,33.79830034,34.4782392,0.058346561
,488.0,488.0,488.0,488.0,0.0,2012-12-09,482.7128,43.18380046,56.81619954,30.30907118,0.045
,488.0,488.0,488.0,488.0,0.0,2012-12-10,483.058544,43.18380046,56.81619954,26.97373676,-0.0598557
,489.0,489.0,489.0,489.0,0.0,2012-12-11,483.3973731,46.11141151,53.88858849,23.1344248,-0.003571429
,493.0,493.0,493.0,493.0,0.0,2012-12-12,483.7294257,57.15097996,42.84902004,21.36793182,-0.074444444
,497.0,497.0,497.0,497.0,0.0,2012-12-13,484.0548371,65.88654511,34.11345489,23.4489635,-0.002734488
,509.0,509.0,509.0,509.0,0.0,2012-12-16,484.3737404,80.66686173,19.33313827,31.02591549,-0.019714286
,513.0,513.0,513.0,513.0,0.0,2012-12-17,485.3587908,83.62332519,16.37667481,38.27006247,0.040470779
,510.0,510.0,510.0,510.0,0.0,2012-12-18,487.0172633,73.13794486,26.86205514,39.87122792,0.085
,514.0,514.0,514.0,514.0,0.0,2012-12-19,488.5762275,77.78123145,22.21876855,43.00947492,-0.008571429
,518.0,518.0,518.0,518.0,0.0,2012-12-20,490.6101293,81.72905159,18.27094841,47.09920057,0.001507937
,520.0,520.0,520.0,520.0,0.0,2012-12-23,493.3491164,83.55523753,16.44476247,51.10145547,-0.075555556
,526.0,526.0,526.0,526.0,0.0,2012-12-24,496.5472224,88.03854994,11.96145006,56.09658435,-0.058488095
,537.0,537.0,537.0,537.0,0.0,2012-12-26,500.6706113,92.63808312,7.361916884,61.93250073,0.001008658
,541.0,541.0,541.0,541.0,0.0,2012-12-27,506.4833135,93.73339879,6.266601212,67.0393601,0.016335227
,534.0,534.0,534.0,534.0,0.0,2012-12-31,512.6963171,70.71768338,29.28231662,61.91856143,-0.008214286
,531.0,531.0,531.0,531.0,0.0,2013-01-01,517.79098,62.49675591,37.50324409,54.53355151,0.098571429
,532.0,532.0,532.0,532.0,0.0,2013-01-02,521.9686036,64.22939396,35.77060604,49.31859879,-0.01452381
,534.0,534.0,534.0,534.0,0.0,2013-01-03,525.3942549,67.93309608,32.06690392,46.62811747,-0.018915344
,532.0,532.0,532.0,532.0,0.0,2013-01-06,528.2032891,60.14836537,39.85163463,41.36184012,-0.134761905
,529.0,529.0,529.0,529.0,0.0,2013-01-07,541.0,49.51037337,50.48962663,33.28532275,-0.003571429
,529.0,529.0,529.0,529.0,0.0,2013-01-08,540.76,49.51037337,50.48962663,26.82410885,-0.017142857
,525.0,525.0,525.0,525.0,0.0,2013-01-09,540.5248,36.17953252,63.82046748,26.98747408,-0.003571429
,529.0,529.0,529.0,529.0,0.0,2013-01-10,539.903808,52.25044909,47.74955091,22.4901589,0.000122655
,530.0,530.0,530.0,530.0,0.0,2013-01-13,539.3076557,55.7338424,44.2661576,20.28566408,0.066666667
,530.0,530.0,530.0,530.0,0.0,2013-01-15,538.7353495,55.7338424,44.2661576,18.52206822,0.00047619
,528.0,528.0,528.0,528.0,0.0,2013-01-16,538.1859355,45.38686638,54.61313362,16.66290803,0.029675325
,521.0,521.0,521.0,521.0,0.0,2013-01-17,537.6584981,25.04492883,74.95507117,23.31235489,-0.000619288
,508.0,508.0,508.0,508.0,0.0,2013-01-20,536.6589882,12.2742727,87.7257273,33.74017483,0.046904762
,518.0,518.0,518.0,518.0,0.0,2013-01-21,534.3662691,41.13544355,58.86455645,30.53796244,0.026731602
,523.0,523.0,523.0,523.0,0.0,2013-01-22,532.2569676,51.1748986,48.8251014,24.90032939,0.011755952
,517.0,517.0,517.0,517.0,0.0,2013-01-23,530.3164102,40.74993699,59.25006301,23.62028872,0.006136364
,514.0,514.0,514.0,514.0,0.0,2013-01-24,528.5310974,36.14761369,63.85238631,24.4371855,0.013906926
,514.0,514.0,514.0,514.0,0.0,2013-01-27,526.8886096,36.14761369,63.85238631,25.09070292,0.020952381
,514.0,514.0,514.0,514.0,0.0,2013-01-28,525.3775208,36.14761369,63.85238631,25.61351686,0.00125
,512.0,512.0,512.0,512.0,0.0,2013-01-30,523.9873191,31.51332402,68.48667598,27.88548388,-0.003095238
,511.0,511.0,511.0,511.0,0.0,2013-01-31,522.7083336,29.17554958,70.82445042,30.63816727,-0.004285714
,516.0,516.0,516.0,516.0,0.0,2013-02-03,521.5316669,51.6110093,48.3889907,25.15493754,0.034632035
,517.0,517.0,517.0,517.0,0.0,2013-02-04,520.4491336,55.16191262,44.83808738,22.18871508,-0.032222222
,515.0,515.0,515.0,515.0,0.0,2013-02-05,519.4532029,46.61086283,53.38913717,19.10662693,0.013333333
,513.0,513.0,513.0,513.0,0.0,2013-02-06,518.5369467,39.04504238,60.95495762,19.66728459,0.02
,513.0,513.0,513.0,513.0,0.0,2013-02-07,517.6939909,39.04504238,60.95495762,20.11581072,-0.029744268
,515.0,515.0,515.0,515.0,0.0,2013-02-10,516.9184716,51.37696923,48.62303077,16.64343627,-0.022619048
,533.0,533.0,533.0,533.0,0.0,2013-02-12,508.0,85.15785656,14.84214344,27.37789164,-0.039285714
,527.0,527.0,527.0,527.0,0.0,2013-02-13,508.5,66.04048983,33.95951017,28.31850924,0.018506494
,530.0,530.0,530.0,530.0,0.0,2013-02-14,508.99,70.21900996,29.78099004,30.74241138,-0.017579365
,556.0,556.0,556.0,556.0,0.0,2013-02-17,509.4702,87.23477805,12.76522195,39.48784032,0.032539683
,549.0,549.0,549.0,549.0,0.0,2013-02-19,511.331392,73.1659982,26.8340018,40.85667154,0.036607143
,539.0,539.0,539.0,539.0,0.0,2013-02-20,513.1181363,56.80630113,43.19369887,35.40785768,-0.002380952
,544.0,544.0,544.0,544.0,0.0,2013-02-21,514.8334109,62.10241708,37.89758292,33.16725298,0.004798942
,539.0,539.0,539.0,539.0,0.0,2013-02-24,516.4800744,53.8491491,46.1508509,28.07346202,0.028571429
,544.0,544.0,544.0,544.0,0.0,2013-02-25,518.0608715,60.42365526,39.57634474,26.62823172,-0.00125
,546.0,546.0,546.0,546.0,0.0,2013-02-26,519.5784366,63.05517732,36.94482268,26.5246563,0.013636364
,540.0,540.0,540.0,540.0,0.0,2013-02-27,521.0352991,50.47054349,49.52945651,21.40794244,0.002738095
,542.0,542.0,542.0,542.0,0.0,2013-02-28,522.4338872,54.27313778,45.72686222,18.83560906,0.024642857
,542.0,542.0,542.0,542.0,0.0,2013-03-03,523.7765317,54.27313778,45.72686222,16.77774236,0.050535714
,541.0,541.0,541.0,541.0,0.0,2013-03-04,525.0654704,51.20203946,48.79796054,13.90300967,0.075892857
,538.0,538.0,538.0,538.0,0.0,2013-03-05,526.3028516,42.23902766,57.76097234,14.22679668,0.029107143
,541.0,541.0,541.0,541.0,0.0,2013-03-06,527.4907375,52.60890197,47.39109803,12.42499813,-0.067857143
,539.0,539.0,539.0,539.0,0.0,2013-03-07,528.631108,45.76243008,54.23756992,11.63502647,-0.018223104
,540.0,540.0,540.0,540.0,0.0,2013-03-11,529.7258637,49.84211675,50.15788325,9.371174477,0.015048701
,546.0,546.0,546.0,546.0,0.0,2013-03-13,530.7768292,67.9326381,32.0673619,14.66999482,0.0575
,548.0,548.0,548.0,548.0,0.0,2013-03-14,531.785756,72.12212057,27.87787943,20.58484408,-0.003512987
,535.0,535.0,535.0,535.0,0.0,2013-03-17,532.7543258,34.98524208,65.01475792,22.47377844,-0.050064935
,531.0,531.0,531.0,531.0,0.0,2013-03-18,556.0,29.2019468,70.7980532,26.29824403,0.032857143
,532.0,532.0,532.0,532.0,0.0,2013-03-19,555.5,32.67960702,67.32039298,27.96675241,0.085714286
,528.0,528.0,528.0,528.0,0.0,2013-03-20,555.01,26.23594744,73.76405256,31.87902295,-0.010238095
,528.0,528.0,528.0,528.0,0.0,2013-03-21,553.9296,26.23594744,73.76405256,35.00883938,-0.001899351
,520.0,520.0,520.0,520.0,0.0,2013-03-24,552.892416,16.23333367,83.76666633,41.51373804,-0.007857143
,522.0,522.0,522.0,522.0,0.0,2013-03-25,550.918871,25.1510285,74.8489715,43.15057903,0.01143315
,521.0,521.0,521.0,521.0,0.0,2013-03-27,549.0637388,23.58196208,76.41803792,45.08767839,-0.007142857
,519.0,519.0,519.0,519.0,0.0,2013-03-28,547.3199145,20.40024873,79.59975127,47.91004322,-0.003015873
,511.0,511.0,511.0,511.0,0.0,2013-03-31,545.0543213,12.18210812,87.81789188,53.45519133,0.04625
,514.0,514.0,514.0,514.0,0.0,2013-04-01,541.6488892,26.13105127,73.86894873,52.31173256,-0.011904762
,519.0,519.0,519.0,519.0,0.0,2013-04-02,538.5840002,44.49764026,55.50235974,44.05032994,0.031002485
,518.0,518.0,518.0,518.0,0.0,2013-04-03,535.8256002,41.89356282,58.10643718,38.48283883,-0.030238095
,513.0,513.0,513.0,513.0,0.0,2013-04-04,533.3430402,30.6741625,69.3258375,38.51660606,0.014107143
,516.0,516.0,516.0,516.0,0.0,2013-04-07,531.1087362,42.2696231,57.7303769,33.90543561,0.056845238
,515.0,515.0,515.0,515.0,0.0,2013-04-08,529.0978626,39.51570291,60.48429709,31.31806732,0.046103896
,519.0,519.0,519.0,519.0,0.0,2013-04-09,527.2880763,54.37751887,45.62248113,26.80546141,0.010012626
,523.0,523.0,523.0,523.0,0.0,2013-04-11,525.6592687,65.0975334,34.9024666,27.48338248,0.0544621
,521.0,521.0,521.0,521.0,0.0,2013-04-15,524.1933418,56.76165215,43.23834785,24.69136685,0.02327381
,521.0,521.0,521.0,521.0,0.0,2013-04-16,523.0,56.76165215,43.23834785,22.45775434,-0.011253247
,519.0,519.0,519.0,519.0,0.0,2013-04-17,521.8,47.29816305,52.70183695,19.04693825,-0.041488095
,519.0,519.0,519.0,519.0,0.0,2013-04-18,521.0,47.29816305,52.70183695,16.31828538,-0.015125361
,514.0,514.0,514.0,514.0,0.0,2013-04-21,520.0,28.6436309,71.3563691,21.59717594,-0.023982684
,504.0,504.0,504.0,504.0,0.0,2013-04-22,519.1,14.42272242,85.57727758,31.50865179,-0.035238095
,509.0,509.0,509.0,509.0,0.0,2013-04-23,517.288,34.68870215,65.31129785,31.33144057,-0.021458333
,508.0,508.0,508.0,508.0,0.0,2013-04-25,515.69344,32.74979197,67.25020803,31.96523567,0.020901275
,505.0,505.0,505.0,505.0,0.0,2013-04-28,514.2902272,27.07479012,72.92520988,34.74227248,-0.031428571
,502.0,502.0,502.0,502.0,0.0,2013-04-29,513.0553999,22.25438927,77.74561073,38.89206228,-0.077380952
,501.0,501.0,501.0,501.0,0.0,2013-04-30,511.5076439,20.71749478,79.28250522,42.82665191,-0.011785714
,493.0,493.0,493.0,493.0,0.0,2013-05-02,509.8264209,12.25450121,87.74549879,49.35952104,0.031430375
,488.0,488.0,488.0,488.0,0.0,2013-05-05,506.7976651,9.289788425,90.71021158,55.77170147,-0.00952381
,482.0,482.0,482.0,482.0,0.0,2013-05-06,503.0381321,6.816228704,93.1837713,61.89086969,-0.012440476
,490.0,490.0,490.0,490.0,0.0,2013-05-07,498.8305057,35.45835964,64.54164036,55.3293519,0.032857143
,486.0,486.0,486.0,486.0,0.0,2013-05-08,495.4644046,29.74425537,70.25574463,52.36577937,0.034047619
,486.0,486.0,486.0,486.0,0.0,2013-05-09,492.7715236,29.74425537,70.25574463,49.99492135,-0.007316017
,483.0,483.0,483.0,483.0,0.0,2013-05-12,490.6172189,25.01940749,74.98059251,49.98817408,-0.079484127
,489.0,489.0,489.0,489.0,0.0,2013-05-13,482.0,46.33213586,53.66786414,41.45768492,0.027380952
,491.0,491.0,491.0,491.0,0.0,2013-05-14,482.14,52.01520083,47.98479917,33.97222827,-0.006547619
,494.0,494.0,494.0,494.0,0.0,2013-05-15,482.4944,59.96428615,40.03571385,31.16349708,0.040422078
,500.0,500.0,500.0,500.0,0.0,2013-05-16,483.184736,71.68912301,28.31087699,33.60644687,0.022065296
,498.0,498.0,498.0,498.0,0.0,2013-05-19,484.5299571,63.89263861,36.10736139,32.44221294,-0.018869048
,497.0,497.0,497.0,497.0,0.0,2013-05-20,485.7675606,59.82617579,40.17382421,29.88424066,0.021607143
,500.0,500.0,500.0,500.0,0.0,2013-05-21,486.9061557,67.56695924,32.43304076,30.93417623,0.024583333
,499.0,499.0,499.0,499.0,0.0,2013-05-22,487.9536632,62.54553608,37.45446392,29.76555542,0.010285714
,497.0,497.0,497.0,497.0,0.0,2013-05-23,488.9173702,52.74568661,47.25431339,24.91071897,-0.011825397
,499.0,499.0,499.0,499.0,0.0,2013-05-26,489.8039806,60.4848905,39.5151095,24.12253138,-0.037857143
,504.0,504.0,504.0,504.0,0.0,2013-05-27,490.6196621,73.86230408,26.13769592,28.84294674,-0.013452381
,501.0,501.0,501.0,501.0,0.0,2013-05-28,491.9576959,58.90584964,41.09415036,26.63669725,0.005957792
,500.0,500.0,500.0,500.0,0.0,2013-05-30,493.1619263,54.32258448,45.67741552,23.03839159,0.035740741
,497.0,497.0,497.0,497.0,0.0,2013-06-02,494.2457337,42.05267293,57.94732707,21.6096441,0.011964286
,499.0,499.0,499.0,499.0,0.0,2013-06-03,495.2211603,51.23206871,48.76793129,17.78054277,0.00547619
,498.0,498.0,498.0,498.0,0.0,2013-06-04,496.0990443,46.61674033,53.38325967,15.57773808,0.03835034
,498.0,498.0,498.0,498.0,0.0,2013-06-05,496.8891399,46.61674033,53.38325967,13.81549433,0.019047619
,498.0,498.0,498.0,498.0,0.0,2013-06-06,497.6002259,46.61674033,53.38325967,12.40569934,0.001931217
,497.0,497.0,497.0,497.0,0.0,2013-06-09,504.0,39.64175052,60.35824948,14.06785926,0.003636364
,496.0,496.0,496.0,496.0,0.0,2013-06-10,503.86,33.39573942,66.60426058,17.89599164,0.026103896
,496.0,496.0,496.0,496.0,0.0,2013-06-11,503.5456,33.39573942,66.60426058,20.95849755,0.000357143
,495.0,495.0,495.0,495.0,0.0,2013-06-12,503.243776,26.79827821,73.20172179,26.04748675,-0.014285714
,494.0,494.0,494.0,494.0,0.0,2013-06-13,502.7491494,21.49119047,78.50880953,32.24151321,0.045325964
,495.0,495.0,495.0,495.0,0.0,2013-06-16,502.0492175,37.06950699,62.93049301,30.96540778,-0.013571429
,493.0,493.0,493.0,493.0,0.0,2013-06-17,501.4052801,24.77793839,75.22206161,34.86115086,0.002857143
,491.0,491.0,491.0,491.0,0.0,2013-06-18,500.5647521,17.51738425,82.48261575,40.88196699,-0.053511905
,490.0,490.0,490.0,490.0,0.0,2013-06-19,499.4169818,14.80583487,85.19416513,46.78323965,0.037619048
,488.0,488.0,488.0,488.0,0.0,2013-06-20,498.0986044,10.67487436,89.32512564,53.15664197,-0.000757576
,488.0,488.0,488.0,488.0,0.0,2013-06-23,496.4828277,10.67487436,89.32512564,58.25536383,-0.022321429
,489.0,489.0,489.0,489.0,0.0,2013-06-24,495.1255752,26.660998,73.339002,55.93989186,0.026182359
,494.0,494.0,494.0,494.0,0.0,2013-06-25,488.0,65.38220772,34.61779228,50.90479658,0.051238095
,498.0,498.0,498.0,498.0,0.0,2013-06-26,488.12,77.34401623,22.65598377,51.66144376,0.026952381
,496.0,496.0,496.0,496.0,0.0,2013-06-27,488.5152,63.60726021,36.39273979,46.77205909,0.066231061
,493.0,493.0,493.0,493.0,0.0,2013-06-30,488.894592,47.7169764,52.2830236,38.33085671,0.031904762
,494.0,494.0,494.0,494.0,0.0,2013-07-01,489.2588083,52.64609761,47.35390239,31.72312441,0.021782107
,494.0,494.0,494.0,494.0,0.0,2013-07-02,489.608456,52.64609761,47.35390239,26.43693857,-0.015238095
,494.0,494.0,494.0,494.0,0.0,2013-07-03,489.9441177,52.64609761,47.35390239,22.2079899,0.004
,494.0,494.0,494.0,494.0,0.0,2013-07-04,490.266353,52.64609761,47.35390239,18.82483096,0.015499639
,494.0,494.0,494.0,494.0,0.0,2013-07-07,490.5756989,52.64609761,47.35390239,16.11830381,-0.079935065
,501.0,501.0,501.0,501.0,0.0,2013-07-08,490.872671,84.28862347,15.71137653,26.61009244,-0.176230159
,506.0,506.0,506.0,506.0,0.0,2013-07-09,491.4803107,90.15959792,9.840402077,37.35191312,0.028056277
,505.0,505.0,505.0,505.0,0.0,2013-07-10,492.6418858,82.45657397,17.54342603,42.86416008,0.050529221
,506.0,506.0,506.0,506.0,0.0,2013-07-11,493.710535,84.14937419,15.85062581,47.95107774,0.039649471
,511.0,511.0,511.0,511.0,0.0,2013-07-14,494.6936922,90.11236159,9.887638405,54.40580683,-0.042738095
,518.0,518.0,518.0,518.0,0.0,2013-07-15,496.324323,94.03765775,5.962342252,61.13970857,0.077214286
,509.0,509.0,509.0,509.0,0.0,2013-07-16,498.9254042,57.4093443,42.5906557,51.87550457,-0.017142857
,512.0,512.0,512.0,512.0,0.0,2013-07-17,501.2143557,63.35640005,36.64359995,46.84296368,0.076834416
,522.0,522.0,522.0,522.0,0.0,2013-07-18,503.228633,76.83429297,23.16570703,48.20808813,0.0400481
,536.0,536.0,536.0,536.0,0.0,2013-07-21,505.8566244,85.9060911,14.0939089,52.92890695,-0.024480519
,533.0,533.0,533.0,533.0,0.0,2013-07-22,510.6795645,77.75052044,22.24947956,53.44333373,-0.002207792
,533.0,533.0,533.0,533.0,0.0,2013-07-23,514.7308342,77.75052044,22.24947956,53.85487516,0.044469697
,530.0,530.0,530.0,530.0,0.0,2013-07-24,518.1339007,67.70703976,32.29296024,50.16671604,0.014285714
,529.0,529.0,529.0,529.0,0.0,2013-07-25,520.9924766,64.24895397,35.75104603,45.83295442,0.00432114
,534.0,534.0,534.0,534.0,0.0,2013-07-28,523.3936803,72.89973761,27.10026239,45.82625858,0.149430014
,539.0,539.0,539.0,539.0,0.0,2013-07-29,525.4106915,79.19311502,20.80688498,48.33825287,0.0135
,546.0,546.0,546.0,546.0,0.0,2013-07-30,527.856767,85.20551811,14.79448189,52.75280954,0.029642857
,548.0,548.0,548.0,548.0,0.0,2013-07-31,531.4854136,86.58949294,13.41050706,56.83804481,0.042619048
,547.0,547.0,547.0,547.0,0.0,2013-08-01,534.7883309,81.80653621,18.19346379,58.19305033,0.026279461
,547.0,547.0,547.0,547.0,0.0,2013-08-04,537.4306647,81.80653621,18.19346379,59.27705475,-0.035714286
,541.0,541.0,541.0,541.0,0.0,2013-08-05,539.5445318,53.89638586,46.10361414,48.98019814,-0.005238095
,543.0,543.0,543.0,543.0,0.0,2013-08-06,541.0,59.63454723,40.36545277,43.03797741,-0.023030303
,542.0,542.0,542.0,542.0,0.0,2013-08-07,548.0,55.33045063,44.66954937,36.56256218,0.067936508
,543.0,543.0,543.0,543.0,0.0,2013-08-08,547.88,59.0269637,40.9730363,32.86083522,0.0295671
,539.0,539.0,539.0,539.0,0.0,2013-08-11,547.7624,41.75169558,58.24830442,29.58798994,0.089285714
,539.0,539.0,539.0,539.0,0.0,2013-08-12,547.411904,41.75169558,58.24830442,26.96971372,0.006654762
,538.0,538.0,538.0,538.0,0.0,2013-08-13,547.0754278,37.46820979,62.53179021,26.58848706,-0.023214286
,537.0,537.0,537.0,537.0,0.0,2013-08-14,546.5309022,33.20934775,66.79065225,27.98705054,-0.122380952
,536.0,536.0,536.0,536.0,0.0,2013-08-15,545.76843,29.07788821,70.92211179,30.75848515,-0.024400794
,540.0,540.0,540.0,540.0,0.0,2013-08-18,544.791587,56.27577969,43.72422031,27.1171,1.11e-17
,544.0,544.0,544.0,544.0,0.0,2013-08-19,536.0,70.44386652,29.55613348,29.87122661,0.053214286
,548.0,548.0,548.0,548.0,0.0,2013-08-20,536.16,78.96422219,21.03577781,35.48267016,0.035665512
,548.0,548.0,548.0,548.0,0.0,2013-08-25,536.6336,78.96422219,21.03577781,39.97182501,0.133857143
,547.0,547.0,547.0,547.0,0.0,2013-08-26,537.088256,70.97217145,29.02782855,40.36632858,0.101428571
,552.0,552.0,552.0,552.0,0.0,2013-08-27,537.5247258,82.21953927,17.78046073,45.18087858,-0.0062886
,551.0,551.0,551.0,551.0,0.0,2013-08-29,538.3932422,74.95852349,25.04147651,46.12811226,0.012559524
,552.0,552.0,552.0,552.0,0.0,2013-09-01,539.2096477,77.44804845,22.55195155,47.88170919,0.032172619
,550.0,550.0,550.0,550.0,0.0,2013-09-02,539.9770688,62.03088324,37.96911676,43.11772065,0.041168831
,548.0,548.0,548.0,548.0,0.0,2013-09-03,540.6984447,49.67116874,50.32883126,34.62570902,0.08
,546.0,546.0,546.0,546.0,0.0,2013-09-04,541.376538,39.76672091,60.23327909,31.79387885,-0.053062771
,546.0,546.0,546.0,546.0,0.0,2013-09-05,542.0139457,39.76672091,60.23327909,29.52841472,0.047619048
,552.0,552.0,552.0,552.0,0.0,2013-09-08,542.613109,68.86668788,31.13331212,31.16940693,0.04515873
,552.0,552.0,552.0,552.0,0.0,2013-09-09,543.1763224,68.86668788,31.13331212,32.48220069,-0.000372024
,548.0,548.0,548.0,548.0,0.0,2013-09-10,543.7057431,45.81183186,54.18816814,27.66102781,-0.016326531
,548.0,548.0,548.0,548.0,0.0,2013-09-11,544.2033985,45.81183186,54.18816814,23.80408951,-0.000535714
,550.0,550.0,550.0,550.0,0.0,2013-09-12,544.6711946,57.04612183,42.95387817,21.86172034,-0.00877551
,550.0,550.0,550.0,550.0,0.0,2013-09-15,545.1109229,57.04612183,42.95387817,20.307825,0.035654762
,552.0,552.0,552.0,552.0,0.0,2013-09-16,545.5242676,67.55596156,32.44403844,23.26864463,-0.014285714
,552.0,552.0,552.0,552.0,0.0,2013-09-17,545.9128115,67.55596156,32.44403844,25.63730032,0.01584612
,549.0,549.0,549.0,549.0,0.0,2013-09-19,546.2780428,42.93458729,57.06541271,23.33600534,-0.007377345
,542.0,542.0,542.0,542.0,0.0,2013-09-22,552.0,20.8116714,79.1883286,30.34413571,-0.024062049
,538.0,538.0,538.0,538.0,0.0,2013-09-23,551.8,15.21265202,84.78734798,38.19024776,0.04
,542.0,542.0,542.0,542.0,0.0,2013-09-24,551.248,36.55022833,63.44977167,35.93210688,-0.026785714
,543.0,543.0,543.0,543.0,0.0,2013-09-25,550.71808,41.17633989,58.82366011,32.27514955,0.063100649
,542.0,542.0,542.0,542.0,0.0,2013-09-26,550.2093568,37.73708473,62.26291527,30.72528575,0.005740139
,542.0,542.0,542.0,542.0,0.0,2013-09-29,549.7209825,37.73708473,62.26291527,29.4853947,0.068795094
,542.0,542.0,542.0,542.0,0.0,2013-09-30,549.2521432,37.73708473,62.26291527,28.49348187,0.037510823
,542.0,542.0,542.0,542.0,0.0,2013-10-01,548.8020575,37.73708473,62.26291527,27.69995161,-0.007581169
,543.0,543.0,543.0,543.0,0.0,2013-10-02,548.3699752,48.2831161,51.7168839,22.84671484,-0.037142857
,545.0,545.0,545.0,545.0,0.0,2013-10-03,547.9551762,63.66786807,36.33213193,23.7445191,-0.072380952
,552.0,552.0,552.0,552.0,0.0,2013-10-06,538.0,84.21355256,15.78644744,32.68103631,0.098214286
,556.0,556.0,556.0,556.0,0.0,2013-10-07,538.28,88.75549807,11.24450193,41.64702828,0.115940476
,557.0,557.0,557.0,557.0,0.0,2013-10-08,538.9888,89.68309042,10.31690958,49.19085879,0.012142857
,560.0,560.0,560.0,560.0,0.0,2013-10-09,540.069472,92.12057865,7.879421349,56.20091849,-0.012063492
,567.0,567.0,567.0,567.0,0.0,2013-10-10,541.6639142,95.33512509,4.664874912,63.09478483,0.001076067
,572.0,572.0,572.0,572.0,0.0,2013-10-17,544.1975228,96.58064684,3.419353164,69.1080866,0.0
,584.0,584.0,584.0,584.0,0.0,2013-10-20,547.5338201,98.10141422,1.898585778,74.52703497,0.024444444
,588.0,588.0,588.0,588.0,0.0,2013-10-21,552.6390853,98.39824197,1.601758028,78.98092476,0.056190476
,582.0,582.0,582.0,582.0,0.0,2013-10-22,558.2968316,76.09247112,23.90752888,73.62172826,0.01202381
,581.0,581.0,581.0,581.0,0.0,2013-10-23,563.0493386,72.66092695,27.33907305,67.96175339,0.012424242
,580.0,580.0,580.0,580.0,0.0,2013-10-24,567.0414444,68.78351213,31.21648787,61.88280756,0.066342593
,578.0,578.0,578.0,578.0,0.0,2013-10-27,570.3948133,60.68734477,39.31265523,53.78118396,0.02797619
,575.0,575.0,575.0,575.0,0.0,2013-10-28,573.2116432,49.71532287,50.28467713,43.13881802,-0.010714286
,576.0,576.0,576.0,576.0,0.0,2013-10-29,575.0,53.23798133,46.76201867,35.80624695,0.0275
,579.0,579.0,579.0,579.0,0.0,2013-10-30,575.0,62.96675161,37.03324839,33.8316982,-0.044940476
,579.0,579.0,579.0,579.0,0.0,2013-10-31,576.0,62.96675161,37.03324839,32.25205921,0.030793651
,579.0,579.0,579.0,579.0,0.0,2013-11-06,577.92,62.96675161,37.03324839,30.98834801,0.092380952
,579.0,579.0,579.0,579.0,0.0,2013-11-07,588.0,62.96675161,37.03324839,29.97737905,-0.030238095
,580.0,580.0,580.0,580.0,0.0,2013-11-10,587.82,68.32898251,31.67101749,31.31349625,-0.024603175
,591.0,591.0,591.0,591.0,0.0,2013-11-11,579.0,89.41098669,10.58901331,40.81519167,0.011428571
,598.0,598.0,598.0,598.0,0.0,2013-11-12,579.24,93.07680983,6.923190168,49.88287727,0.0375
,600.0,600.0,600.0,600.0,0.0,2013-11-13,579.9904,93.83860316,6.161396841,57.44174308,0.042261905
,600.0,600.0,600.0,600.0,0.0,2013-11-14,581.190976,93.83860316,6.161396841,63.48883573,-0.018810595
,634.0,634.0,634.0,634.0,0.0,2013-11-21,582.3195174,98.42933902,1.57066098,70.16280419,-0.017440476
,657.0,657.0,657.0,657.0,0.0,2013-11-24,586.453956,99.03642275,0.96357725,75.74481245,0.063095238
,648.0,648.0,648.0,648.0,0.0,2013-11-25,593.5085604,83.28994571,16.71005429,73.91182824,0.000714286
,649.0,649.0,649.0,649.0,0.0,2013-11-26,599.8577044,83.65097938,16.34902062,72.58985435,-0.09525
,647.0,647.0,647.0,647.0,0.0,2013-11-27,605.571934,79.36416851,20.63583149,69.81755088,-0.011142857
,644.0,644.0,644.0,644.0,0.0,2013-11-28,610.7147406,72.4068159,27.5931841,64.81676706,-0.009047619
,652.0,652.0,652.0,652.0,0.0,2013-12-01,615.3432665,78.64655288,21.35344712,63.3120348,0.02
,662.0,662.0,662.0,662.0,0.0,2013-12-02,619.5089399,84.22158966,15.77841034,64.33826371,0.0225
,678.0,678.0,678.0,678.0,0.0,2013-12-03,624.6078671,89.6342475,10.3657525,67.32430996,0.035714286
,701.0,701.0,701.0,701.0,0.0,2013-12-04,632.0827657,93.58715097,6.412849025,71.29430836,0.013333333
,707.0,707.0,707.0,707.0,0.0,2013-12-05,643.1095232,94.29639871,5.703601286,74.75400617,0.066666667
,702.0,702.0,702.0,702.0,0.0,2013-12-08,654.609809,84.55512699,15.44487301,73.62525574,-0.001666667
,704.0,704.0,704.0,704.0,0.0,2013-12-09,664.0400434,85.31370924,14.68629076,73.02568829,-0.071428571
,700.0,700.0,700.0,700.0,0.0,2013-12-10,671.7728356,75.983763,24.016237,68.81405583,0.17625
,711.0,711.0,711.0,711.0,0.0,2013-12-11,678.1137252,82.54540795,17.45459205,68.06940784,0.002840909
,714.0,714.0,714.0,714.0,0.0,2013-12-12,684.6909801,84.03264228,15.96735772,68.06858319,0.078333333
,733.0,733.0,733.0,733.0,0.0,2013-12-15,690.5527841,90.46466894,9.535331056,70.64073413,0.05
,771.0,771.0,771.0,771.0,0.0,2013-12-16,699.0422273,95.24910208,4.750897925,74.61222813,0.063138889
,807.0,807.0,807.0,807.0,0.0,2013-12-18,713.4337818,97.01986282,2.980137179,78.49772763,-0.0525
,806.0,806.0,806.0,806.0,0.0,2013-12-19,732.1470255,95.78030183,4.219698169,81.11030284,0.010833333
,795.0,795.0,795.0,795.0,0.0,2013-12-22,747.1176204,81.4683501,18.5316499,77.47558231,0.071666667
,769.0,769.0,769.0,769.0,0.0,2013-12-23,759.0940963,56.51706423,43.48293577,64.58729154,0.026
,777.0,777.0,777.0,777.0,0.0,2013-12-24,768.675277,61.09940051,38.90059949,56.10959344,0.045720899
,787.0,787.0,787.0,787.0,0.0,2013-12-26,769.0,66.59917975,33.40082025,51.52734665,-0.038867244
,780.0,780.0,780.0,780.0,0.0,2013-12-29,776.6,59.26734769,40.73265231,44.92881639,0.009512987
,771.0,771.0,771.0,771.0,0.0,2013-12-31,807.0,50.35763959,49.64236041,36.08610895,0.0
,754.0,754.0,754.0,754.0,0.0,2014-01-01,806.28,37.16574323,62.83425677,34.00258987,0.089025974
,764.0,764.0,764.0,764.0,0.0,2014-01-02,804.1888,47.31413201,52.68586799,28.27641909,-0.0025
,758.0,758.0,758.0,758.0,0.0,2014-01-05,802.181248,42.20207506,57.79792494,25.74030525,-0.030952381
,757.0,757.0,757.0,757.0,0.0,2014-01-06,800.2539981,41.27304435,58.72695565,24.08302646,0.050833333
,762.0,762.0,762.0,762.0,0.0,2014-01-07,798.4038382,48.37583946,51.62416054,19.91608538,0.031136364
,772.0,772.0,772.0,772.0,0.0,2014-01-08,796.6276846,60.36122549,39.63877451,20.0773585,-0.0775
,773.0,773.0,773.0,773.0,0.0,2014-01-09,794.9225772,61.47913104,38.52086896,20.65353922,0.049722222
,782.0,782.0,782.0,782.0,0.0,2014-01-12,793.2856742,70.75718011,29.24281989,24.82570342,0.085
,782.0,782.0,782.0,782.0,0.0,2014-01-13,791.7142472,70.75718011,29.24281989,28.16343478,-0.036363636
,787.0,787.0,787.0,787.0,0.0,2014-01-14,790.2056773,75.81394871,24.18605129,32.85632731,-0.01875
,795.0,795.0,795.0,795.0,0.0,2014-01-16,754.0,82.02912073,17.97087927,39.09671014,0.034951213
,795.0,795.0,795.0,795.0,0.0,2014-01-19,754.82,82.02912073,17.97087927,44.0890164,-0.005977633
,790.0,790.0,790.0,790.0,0.0,2014-01-20,755.6236,65.57342965,34.42657035,41.50058498,0.102272727
,785.0,785.0,785.0,785.0,0.0,2014-01-21,756.411128,52.42687251,47.57312749,34.17121699,-0.036240079
,784.0,784.0,784.0,784.0,0.0,2014-01-22,757.1829054,49.92457732,50.07542268,27.36714266,0.038636364
,786.0,786.0,786.0,786.0,0.0,2014-01-23,757.9392473,55.26276388,44.73723612,23.99881968,0.065079365
,784.0,784.0,784.0,784.0,0.0,2014-01-26,758.6804624,48.76469053,51.23530947,19.69317953,0.042222222
,780.0,780.0,780.0,780.0,0.0,2014-01-27,759.4068531,37.68632274,62.31367726,20.68001453,-0.0125
,782.0,782.0,782.0,782.0,0.0,2014-01-28,760.1187161,45.4340144,54.5659856,18.37040586,0.053636364
,781.0,781.0,781.0,781.0,0.0,2014-01-29,760.8163418,42.15797786,57.84202214,17.83313354,-0.0009375
,776.0,776.0,776.0,776.0,0.0,2014-02-02,761.5000149,29.0612681,70.9387319,22.6419996,-0.043479437
,770.0,770.0,770.0,770.0,0.0,2014-02-03,762.1700146,19.82368905,80.17631095,30.18412406,0.05
,775.0,775.0,775.0,775.0,0.0,2014-02-04,762.8266143,39.76733145,60.23266855,28.24036667,0.1
,781.0,781.0,781.0,781.0,0.0,2014-02-05,763.470082,56.13447795,43.86552205,25.04608452,0.1375
,786.0,786.0,786.0,786.0,0.0,2014-02-06,764.1006804,65.81163804,34.18836196,26.36152283,0.057222222
,784.0,784.0,784.0,784.0,0.0,2014-02-09,764.7186668,59.27348489,40.72651511,24.79861222,0.078571429
,803.0,803.0,803.0,803.0,0.0,2014-02-10,765.3242935,81.31587702,18.68412298,32.36524059,0.005
,797.0,797.0,797.0,797.0,0.0,2014-02-11,766.8313217,67.00146713,32.99853287,32.69277932,-0.0425
,798.0,798.0,798.0,798.0,0.0,2014-02-12,768.2780688,68.1688393,31.8311607,33.42175918,0.095
,803.0,803.0,803.0,803.0,0.0,2014-02-13,769.6669461,73.93245325,26.06754675,36.31038864,0.022380051
,801.0,801.0,801.0,801.0,0.0,2014-02-16,771.0002683,67.79471644,32.20528356,36.16619749,0.024603175
,804.0,804.0,804.0,804.0,0.0,2014-02-17,772.2802575,72.1325393,27.8674607,37.78597371,0.054464286
,815.0,815.0,815.0,815.0,0.0,2014-02-18,774.1834421,82.76959776,17.23040224,43.33661807,0.042330808
,823.0,823.0,823.0,823.0,0.0,2014-02-20,777.4487667,87.2083282,12.7916718,49.55262573,0.014021164
,832.0,832.0,832.0,832.0,0.0,2014-02-23,782.00389,90.60999467,9.390005332,55.88609846,0.013571429
,830.0,830.0,830.0,830.0,0.0,2014-02-24,788.0034232,84.37714373,15.62285627,58.45973626,0.027272727
,829.0,829.0,829.0,829.0,0.0,2014-02-25,793.2830124,80.89910534,19.10089466,59.12743114,0.024227994
,826.0,826.0,826.0,826.0,0.0,2014-02-26,797.9290509,70.06826436,29.93173564,55.32925066,0.00319697
,811.0,811.0,811.0,811.0,0.0,2014-03-03,802.0175648,38.14784904,61.85215096,49.00426091,-0.023055556
,800.0,800.0,800.0,800.0,0.0,2014-03-04,832.0,26.91019866,73.08980134,48.43932927,-0.003327922
,810.0,810.0,810.0,810.0,0.0,2014-03-05,831.36,45.24090028,54.75909972,40.6551033,-0.019107143
,806.0,806.0,806.0,806.0,0.0,2014-03-06,830.7328,40.1998942,59.8001058,36.44412496,0.01837482
,797.0,797.0,797.0,797.0,0.0,2014-03-09,830.118144,30.6078472,69.3921528,36.91216109,0.032142857
,794.0,794.0,794.0,794.0,0.0,2014-03-10,828.7934182,27.83998686,72.16001314,38.39373413,0.041785714
,788.0,788.0,788.0,788.0,0.0,2014-03-11,826.7058131,22.70660471,77.29339529,41.63234542,0.079886364
,781.0,781.0,781.0,781.0,0.0,2014-03-12,823.6093481,17.89471068,82.10528932,46.14799206,0.052777778
,783.0,783.0,783.0,783.0,0.0,2014-03-13,819.3484133,23.67157447,76.32842553,47.44976386,0.022568994
,769.0,769.0,769.0,769.0,0.0,2014-03-17,815.513572,14.65148701,85.34851299,52.09921629,0.022142857
,755.0,755.0,755.0,755.0,0.0,2014-03-18,809.9319433,9.924368439,90.07563156,57.70962565,0.09547619
,765.0,765.0,765.0,765.0,0.0,2014-03-19,802.2414713,30.06925851,69.93074149,54.13999712,0.031919643
,775.0,775.0,775.0,775.0,0.0,2014-03-20,795.6276653,45.34761717,54.65238283,45.17295083,0.031136364
,775.0,775.0,775.0,775.0,0.0,2014-03-23,789.9397921,45.34761717,54.65238283,37.9993138,0.105357143
,783.0,783.0,783.0,783.0,0.0,2014-03-24,785.0482212,57.07134785,42.92865215,33.22799018,0.025
,780.0,780.0,780.0,780.0,0.0,2014-03-25,783.0,51.85694108,48.14305892,27.32516858,0.051785714
,781.0,781.0,781.0,781.0,0.0,2014-03-26,755.0,53.62250256,46.37749744,23.30913589,0.033333333
,783.0,783.0,783.0,783.0,0.0,2014-03-27,755.52,57.5174348,42.4825652,21.65428263,0.041875
,792.0,792.0,792.0,792.0,0.0,2014-03-31,756.6192,71.14751364,28.85248636,25.78243156,-0.016666667
,801.0,801.0,801.0,801.0,0.0,2014-04-01,758.742048,79.40651443,20.59348557,32.38855102,0.029707792
,803.0,803.0,803.0,803.0,0.0,2014-04-02,762.1226842,80.92336738,19.07663262,38.28018777,0.033333333
,801.0,801.0,801.0,801.0,0.0,2014-04-03,766.2104157,74.10081876,25.89918124,40.26447772,-0.00984127
,797.0,797.0,797.0,797.0,0.0,2014-04-06,769.8893742,61.20130393,38.79869607,36.69210375,0.0
,796.0,796.0,796.0,796.0,0.0,2014-04-07,773.2004368,58.04371499,41.95628501,32.57116899,0.044747475
,802.0,802.0,802.0,802.0,0.0,2014-04-09,776.1803931,69.74927057,30.25072943,33.95664342,0.021428571
,811.0,811.0,811.0,811.0,0.0,2014-04-10,778.8623538,80.13889242,19.86110758,39.22087171,-0.018930736
,818.0,818.0,818.0,818.0,0.0,2014-04-13,782.7188713,85.11060904,14.88939096,45.42094098,0.080952381
,819.0,819.0,819.0,819.0,0.0,2014-04-15,787.6582293,85.74769774,14.25230226,50.63583188,-0.063928571
,811.0,811.0,811.0,811.0,0.0,2014-04-16,792.6729126,60.05241322,39.94758678,44.52963079,0.064642857
,811.0,811.0,811.0,811.0,0.0,2014-04-17,796.8852466,60.05241322,39.94758678,39.64466992,0.009444444
,808.0,808.0,808.0,808.0,0.0,2014-04-20,800.4236072,51.08309455,48.91690545,32.14897376,-0.003412698
,808.0,808.0,808.0,808.0,0.0,2014-04-21,803.39583,51.08309455,48.91690545,26.15241682,-0.01
,815.0,815.0,815.0,815.0,0.0,2014-04-22,805.8924972,68.32904054,31.67095946,28.25354968,0.0625
,820.0,820.0,820.0,820.0,0.0,2014-04-23,807.9896977,75.9116286,24.0883714,32.96749118,0.066649711
,818.0,818.0,818.0,818.0,0.0,2014-04-27,810.1515521,67.79586392,32.20413608,33.49233851,0.031130952
,814.0,814.0,814.0,814.0,0.0,2014-04-28,811.9242727,53.49728472,46.50271528,28.1927847,0.055064935
,816.0,816.0,816.0,816.0,0.0,2014-04-29,813.3779036,58.91320175,41.08679825,26.11950846,0.013636364
,823.0,823.0,823.0,823.0,0.0,2014-04-30,814.0,72.78177,27.21823,30.00831477,0.012721892
,831.0,831.0,831.0,831.0,0.0,2014-05-04,815.8,81.63665716,18.36334284,36.66131468,0.131
,847.0,847.0,847.0,847.0,0.0,2014-05-05,818.84,89.87309992,10.12690008,45.27829171,0.056833333
,862.0,862.0,862.0,862.0,0.0,2014-05-06,824.472,93.36209451,6.637905487,53.56747117,0.065818182
,866.0,866.0,866.0,866.0,0.0,2014-05-07,831.9776,94.04588031,5.954119687,60.47232906,0.185357143
,857.0,857.0,857.0,857.0,0.0,2014-05-08,838.78208,72.91949501,27.08050499,57.54566126,0.054960317
,850.0,850.0,850.0,850.0,0.0,2014-05-11,844.225664,59.84860906,40.15139094,49.97597263,0.024285714
,853.0,853.0,853.0,853.0,0.0,2014-05-12,848.5805312,63.36643085,36.63356915,45.32735044,-0.000833333
,852.0,852.0,852.0,852.0,0.0,2014-05-13,866.0,61.1346605,38.8653395,40.71574456,0.026341991
,853.0,853.0,853.0,853.0,0.0,2014-05-15,865.72,62.77355803,37.22644197,37.68201886,-0.006428571
,850.0,850.0,850.0,850.0,0.0,2014-05-18,865.4456,54.20240656,45.79759344,31.82657771,0.048160173
,844.0,844.0,844.0,844.0,0.0,2014-05-19,864.827776,40.40878691,59.59121309,29.2977474,0.066818182
,844.0,844.0,844.0,844.0,0.0,2014-05-20,863.5781094,40.40878691,59.59121309,27.27468315,0.041136364
,848.0,848.0,848.0,848.0,0.0,2014-05-21,862.4034229,52.89556157,47.10443843,22.97797115,0.013636364
,852.0,852.0,852.0,852.0,0.0,2014-05-22,861.2992175,62.67257288,37.32742712,23.45140607,0.042063492
,861.0,861.0,861.0,861.0,0.0,2014-05-25,844.0,76.43118376,23.56881624,29.33359836,0.039772727
,861.0,861.0,861.0,861.0,0.0,2014-05-26,844.34,76.43118376,23.56881624,34.03935219,0.068636364
,857.0,857.0,857.0,857.0,0.0,2014-05-27,844.6732,60.85445044,39.14554956,31.57326193,0.004444444
,867.0,867.0,867.0,867.0,0.0,2014-05-28,844.999736,76.08522778,23.91477222,35.69270065,0.045804113
,869.0,869.0,869.0,869.0,0.0,2014-06-01,845.8797466,78.20521068,21.79478932,39.8362448,0.067857143
,880.0,880.0,880.0,880.0,0.0,2014-06-02,847.2669618,86.45824634,13.54175366,46.45229437,0.10038961
,885.0,885.0,885.0,885.0,0.0,2014-06-03,849.8856048,88.85593148,11.14406852,52.70420809,0.02575
,883.0,883.0,883.0,883.0,0.0,2014-06-04,853.3970443,81.62933958,18.37066042,54.8151023,0.073636364
,879.0,879.0,879.0,879.0,0.0,2014-06-05,856.5573399,67.83658281,32.16341719,50.98671497,0.050563801
,883.0,883.0,883.0,883.0,0.0,2014-06-08,859.4016059,73.44522179,26.55477821,50.16746069,0.082922078
,885.0,885.0,885.0,885.0,0.0,2014-06-09,861.9614453,76.05492718,23.94507282,50.55593943,0.036333333
,895.0,895.0,895.0,895.0,0.0,2014-06-10,864.2653008,85.16622845,14.83377155,54.51124292,-0.005324675
,900.0,900.0,900.0,900.0,0.0,2014-06-11,867.9534647,88.01619093,11.98380907,58.81547071,0.02547619
,905.0,905.0,905.0,905.0,0.0,2014-06-12,872.4399796,90.33687132,9.663128678,63.1871251,0.032645503
,928.0,928.0,928.0,928.0,0.0,2014-06-15,877.6495829,95.42789153,4.572108467,68.72085669,-0.071428571
,939.0,939.0,939.0,939.0,0.0,2014-06-16,886.712658,96.52301817,3.476981832,73.58589262,0.093636364
,935.0,935.0,935.0,935.0,0.0,2014-06-17,897.1701264,87.04595588,12.95404412,73.68709645,0.020357143
,932.0,932.0,932.0,932.0,0.0,2014-06-18,905.5361011,79.70891382,20.29108618,70.83324269,0.018333333
,927.0,927.0,927.0,927.0,0.0,2014-06-19,912.2288809,67.80259544,32.19740456,63.78763232,0.011881313
,918.0,918.0,918.0,918.0,0.0,2014-06-23,917.5831047,50.74709976,49.25290024,51.32894576,0.032275132
,924.0,924.0,924.0,924.0,0.0,2014-06-24,918.0,59.28240244,40.71759756,44.77611759,0.037301587
,932.0,932.0,932.0,932.0,0.0,2014-06-25,918.0,68.40721218,31.59278782,43.18377894,0.004401154
,936.0,936.0,936.0,936.0,0.0,2014-06-26,922.2,72.28854605,27.71145395,43.46244157,0.03
,943.0,943.0,943.0,943.0,0.0,2014-06-29,925.56,78.15838154,21.84161846,46.03330588,0.072716049
,946.0,946.0,946.0,946.0,0.0,2014-06-30,929.048,80.38427425,19.61572575,48.9803544,0.027857143
,957.0,957.0,957.0,957.0,0.0,2014-07-01,932.4384,86.62950352,13.37049648,53.83608493,-0.0375
,972.0,972.0,972.0,972.0,0.0,2014-07-02,937.35072,91.33300397,8.666996026,59.60206953,-0.042619048
,973.0,973.0,973.0,973.0,0.0,2014-07-03,944.280576,91.57984232,8.420157676,64.31359255,0.03733646
,986.0,986.0,986.0,986.0,0.0,2014-07-06,950.0244608,94.24382498,5.756175022,69.14840404,0.049821429
,995.0,995.0,995.0,995.0,0.0,2014-07-07,957.2195686,95.48107053,4.518929468,73.51115144,0.022493506
,1015.0,1015.0,1015.0,1015.0,0.0,2014-07-08,964.7756549,97.17047331,2.829526687,77.67711048,0.0625
,1017.0,1017.0,1017.0,1017.0,0.0,2014-07-09,974.8205239,97.29679742,2.703202577,81.06040735,0.055
,1023.0,1023.0,1023.0,1023.0,0.0,2014-07-10,983.2564191,97.68446163,2.315538371,83.92211053,0.007777778
,1037.0,1037.0,1037.0,1037.0,0.0,2014-07-13,991.2051353,98.36735808,1.632641924,86.48463166,0.0
,1029.0,1029.0,1029.0,1029.0,0.0,2014-07-14,1000.364108,81.25125435,18.74874565,81.68820707,0.011428571
,1026.0,1026.0,1026.0,1026.0,0.0,2014-07-15,1007.691287,75.12389593,24.87610407,75.40012403,0.0675
,1036.0,1036.0,1036.0,1036.0,0.0,2014-07-16,1013.553029,81.07156376,18.92843624,72.74872473,0.038585859
,1046.0,1046.0,1046.0,1046.0,0.0,2014-07-17,1018.242423,85.42693559,14.57306441,72.36975402,0.064473304
,1075.0,1075.0,1075.0,1075.0,0.0,2014-07-20,1023.793939,92.05438175,7.945618251,74.71755591,0.094588745
,1084.0,1084.0,1084.0,1084.0,0.0,2014-07-21,1034.035151,93.2459388,6.754061203,77.07242025,0.051979618
,1078.0,1078.0,1078.0,1078.0,0.0,2014-07-22,1044.028121,82.88748654,17.11251346,74.81293081,0.084444444
,1082.0,1082.0,1082.0,1082.0,0.0,2014-07-23,1052.022497,84.33741672,15.66258328,73.58531134,0.028154762
,1079.0,1079.0,1079.0,1079.0,0.0,2014-07-24,1058.417997,78.13117191,21.86882809,70.12071784,0.055555556
,1074.0,1074.0,1074.0,1074.0,0.0,2014-07-27,1063.534398,67.74522579,32.25477421,63.19466459,0.1
,1073.0,1073.0,1073.0,1073.0,0.0,2014-07-28,1067.627518,65.56630014,34.43369986,56.78225172,0.02
,1062.0,1062.0,1062.0,1062.0,0.0,2014-07-30,1084.0,45.46116562,54.53883438,47.24133513,0.066666667
,1066.0,1066.0,1066.0,1066.0,0.0,2014-07-31,1083.56,52.13292689,47.86707311,38.64623886,0.037578089
,1056.0,1056.0,1056.0,1056.0,0.0,2014-08-03,1083.1288,37.71509701,62.28490299,35.83095228,0.055
,1039.0,1039.0,1039.0,1039.0,0.0,2014-08-04,1082.043648,23.75473029,76.24526971,39.16286971,0.02
,1045.0,1045.0,1045.0,1045.0,0.0,2014-08-05,1079.461029,34.45793983,65.54206017,37.54711984,0.035904558
,1041.0,1041.0,1041.0,1041.0,0.0,2014-08-06,1077.033367,30.84913893,69.15086107,37.6980403,0.051388889
,1041.0,1041.0,1041.0,1041.0,0.0,2014-08-07,1074.751365,30.84913893,69.15086107,37.81877667,-0.003972222
,1022.0,1022.0,1022.0,1022.0,0.0,2014-08-12,1072.606283,17.35733019,82.64266981,43.31208926,-0.032142857
,1026.0,1026.0,1026.0,1026.0,0.0,2014-08-13,1068.557781,25.88710051,74.11289949,44.2948312,0.053888889
,1034.0,1034.0,1034.0,1034.0,0.0,2014-08-14,1064.833158,41.08820829,58.91179171,39.00058164,0.020121528
,1013.0,1013.0,1013.0,1013.0,0.0,2014-08-18,1061.406506,24.55946905,75.44053095,41.3766777,0.02
,1014.0,1014.0,1014.0,1014.0,0.0,2014-08-19,1056.565855,26.32364293,73.67635707,42.57188499,-0.022727273
,996.0,996.0,996.0,996.0,0.0,2014-08-20,1052.20927,17.24826684,82.75173316,47.15820125,0.0
,998.0,998.0,998.0,998.0,0.0,2014-08-21,1045.464157,21.02964602,78.97035398,49.31470259,-0.015185185
,985.0,985.0,985.0,985.0,0.0,2014-08-24,1039.528458,15.3358266,84.6641734,53.31743143,-0.056805556
,948.0,948.0,948.0,948.0,0.0,2014-08-25,1031.894474,7.81143902,92.18856098,59.52936954,-0.057222222
,922.0,922.0,922.0,922.0,0.0,2014-08-26,1018.471358,5.458847348,94.54115265,65.43995669,0.031818182
,960.0,960.0,960.0,960.0,0.0,2014-08-27,1001.106514,39.01433397,60.98566603,56.74623176,0.063571429
,972.0,972.0,972.0,972.0,0.0,2014-08-28,986.8673413,46.50867825,53.49132175,46.79351411,0.002299383
,953.0,953.0,953.0,953.0,0.0,2014-08-31,975.1912199,37.41003981,62.58996019,42.47079536,-0.0475
,947.0,947.0,947.0,947.0,0.0,2014-09-01,972.0,34.72820279,65.27179721,40.08535517,0.037727273
,934.0,934.0,934.0,934.0,0.0,2014-09-03,963.0,29.08184624,70.91815376,40.43554564,0.066
,922.0,922.0,922.0,922.0,0.0,2014-09-04,955.62,24.48790416,75.51209584,42.55327485,0.046190476
,876.0,876.0,876.0,876.0,0.0,2014-09-07,949.5684,13.93797117,86.06202883,48.46743141,0.011527778
,920.0,920.0,920.0,920.0,0.0,2014-09-09,934.85472,43.19763625,56.80236375,41.49489063,0.0075
,911.0,911.0,911.0,911.0,0.0,2014-09-10,923.083776,39.74288336,60.25711664,37.29875916,0.080350529
,911.0,911.0,911.0,911.0,0.0,2014-09-11,920.0,39.74288336,60.25711664,33.94185398,0.010974026
,902.0,902.0,902.0,902.0,0.0,2014-09-14,911.2,35.3282092,64.6717908,33.02219951,0.013333333
,909.0,909.0,909.0,909.0,0.0,2014-09-15,876.0,41.63170979,58.36829021,29.76507569,0.025
,920.0,920.0,920.0,920.0,0.0,2014-09-16,876.66,51.01100308,48.98899692,24.21646178,0.014285714
,913.0,913.0,913.0,913.0,0.0,2014-09-17,878.3936,45.22962349,54.77037651,21.28132003,0.0
,900.0,900.0,900.0,900.0,0.0,2014-09-18,880.057856,35.80839044,64.19160956,22.70169985,0.072291967
,884.0,884.0,884.0,884.0,0.0,2014-09-21,881.6555418,27.11815479,72.88184521,27.31409797,0.045714286
,882.0,882.0,882.0,882.0,0.0,2014-09-22,920.0,26.12740705,73.87259295,31.40031555,0.001428571
,896.0,896.0,896.0,896.0,0.0,2014-09-23,919.24,44.02220488,55.97779512,27.51137049,0.04
,912.0,912.0,912.0,912.0,0.0,2014-09-24,918.4952,58.41344842,41.58655158,25.37447576,0.057261905
,917.0,917.0,917.0,917.0,0.0,2014-09-28,917.765296,62.20865101,37.79134899,25.18304101,0.114285714
,937.0,937.0,937.0,937.0,0.0,2014-09-29,882.0,74.04977982,25.95022018,29.76634474,0.142857143
,938.0,938.0,938.0,938.0,0.0,2014-09-30,883.1,74.54820407,25.45179593,33.63235742,0.089285714
,925.0,925.0,925.0,925.0,0.0,2014-10-08,885.296,56.81539589,43.18460411,29.63204429,0.011805556
,922.0,922.0,922.0,922.0,0.0,2014-10-09,887.40416,53.16724806,46.83275194,24.97253466,0.002907381
,915.0,915.0,915.0,915.0,0.0,2014-10-12,889.4279936,44.78068655,55.21931345,22.06575311,0.018303571
,909.0,909.0,909.0,909.0,0.0,2014-10-13,891.3708739,38.30662443,61.69337557,22.32995271,0.093636364
,912.0,912.0,912.0,912.0,0.0,2014-10-14,893.2360389,43.41915115,56.58084885,20.49630171,0.060064935
,923.0,923.0,923.0,923.0,0.0,2014-10-15,895.0265973,58.99405373,41.00594627,19.99466286,0.183095238
,924.0,924.0,924.0,924.0,0.0,2014-10-16,896.7455335,60.23783283,39.76216717,20.09086342,0.035281385
,926.0,926.0,926.0,926.0,0.0,2014-10-19,898.3957121,63.04044593,36.95955407,21.28886911,0.038636364
,926.0,926.0,926.0,926.0,0.0,2014-10-20,899.9798836,63.04044593,36.95955407,22.24727366,0.038636364
,924.0,924.0,924.0,924.0,0.0,2014-10-21,901.5006883,56.78644672,43.21355328,20.51239762,-0.058571429
,929.0,929.0,929.0,929.0,0.0,2014-10-22,902.9606608,67.01303779,32.98696221,23.21513321,-0.09
,930.0,930.0,930.0,930.0,0.0,2014-10-26,904.3622343,68.85563496,31.14436504,26.11436055,-0.020833333
,935.0,935.0,935.0,935.0,0.0,2014-10-27,905.7077449,76.91496077,23.08503923,31.65747275,-0.005555556
,933.0,933.0,933.0,933.0,0.0,2014-10-28,906.9994352,68.10330677,31.89669323,32.5673009,0.049583333
,930.0,930.0,930.0,930.0,0.0,2014-10-30,908.2394577,56.06102193,43.93897807,28.4782495,0.014537037
,921.0,921.0,921.0,921.0,0.0,2014-11-02,909.4298794,33.70896851,66.29103149,29.29901219,-0.02
,904.0,904.0,904.0,904.0,0.0,2014-11-03,938.0,17.36325302,82.63674698,36.49390854,0.0075
,897.0,897.0,897.0,897.0,0.0,2014-11-04,937.32,13.89522124,86.10477876,43.63703834,0.105957792
,905.0,905.0,905.0,905.0,0.0,2014-11-05,935.7072,33.00981637,66.99018363,41.70570412,0.025357143
,905.0,905.0,905.0,905.0,0.0,2014-11-06,934.158912,33.00981637,66.99018363,40.16063675,0.146190476
,895.0,895.0,895.0,895.0,0.0,2014-11-09,932.6725555,23.02616351,76.97383649,42.91804399,0.088571429
,885.0,885.0,885.0,885.0,0.0,2014-11-10,930.4122022,16.70916131,83.29083869,47.65077067,0.0
,893.0,893.0,893.0,893.0,0.0,2014-11-11,926.779226,34.64002864,65.35997136,44.26460508,-0.005
,884.0,884.0,884.0,884.0,0.0,2014-11-12,923.4368879,26.59017772,73.40982228,44.77561298,0.132857143
,881.0,881.0,881.0,881.0,0.0,2014-11-13,919.4931991,24.2428091,75.7571909,46.12336674,0.008095238
,866.0,866.0,866.0,866.0,0.0,2014-11-16,914.8740152,15.62291229,84.37708771,50.64952848,-0.026666667
,848.0,848.0,848.0,848.0,0.0,2014-11-17,908.0316531,10.18876072,89.81123928,56.44411849,0.107207792
,844.0,844.0,844.0,844.0,0.0,2014-11-18,898.4265886,9.291058224,90.70894178,61.43887151,-0.031071429
,854.0,854.0,854.0,854.0,0.0,2014-11-19,888.6298027,28.8744082,71.1255918,57.60133393,0.14
,863.0,863.0,863.0,863.0,0.0,2014-11-20,880.5964382,42.77350435,57.22649565,48.9716654,0.045063131
,869.0,869.0,869.0,869.0,0.0,2014-11-23,874.0090793,50.78759118,49.21240882,39.49236879,0.076704545
,864.0,864.0,864.0,864.0,0.0,2014-11-24,869.0,44.322042,55.677958,33.86507823,0.021666667
,863.0,863.0,863.0,863.0,0.0,2014-11-25,869.0,42.95493997,57.04506003,29.9100866,0.006393939
,857.0,857.0,857.0,857.0,0.0,2014-11-30,864.5,34.88483619,65.11516381,29.97413481,0.045
,851.0,851.0,851.0,851.0,0.0,2014-12-01,863.0,28.2504421,71.7495579,32.679131,0.042207792
,846.0,846.0,846.0,846.0,0.0,2014-12-02,859.58,23.57928947,76.42071053,36.71158901,-0.031311688
,850.0,850.0,850.0,850.0,0.0,2014-12-03,856.7756,34.42240949,65.57759051,35.60030741,0.036666667
,854.0,854.0,854.0,854.0,0.0,2014-12-04,854.475992,44.30110861,55.69889139,30.75980249,0.033322511
,851.0,851.0,851.0,851.0,0.0,2014-12-07,854.0,38.81886409,61.18113591,29.08029635,0.082738095
,848.0,848.0,848.0,848.0,0.0,2014-12-08,854.0,33.61851658,66.38148342,29.81683045,-0.010555556
,849.0,849.0,849.0,849.0,0.0,2014-12-09,852.2,37.1279417,62.8720583,29.00228768,-0.015
,856.0,856.0,856.0,856.0,0.0,2014-12-10,844.0,57.01323006,42.98676994,26.00712217,-0.015
,871.0,871.0,871.0,871.0,0.0,2014-12-11,844.24,76.72847779,23.27152221,31.49708885,0.029166667
,910.0,910.0,910.0,910.0,0.0,2014-12-14,845.3104,90.65612563,9.343874369,41.46012134,0.043333333
,917.0,917.0,917.0,917.0,0.0,2014-12-15,849.191776,91.76225242,8.237747578,49.87299804,0.0
,910.0,910.0,910.0,910.0,0.0,2014-12-16,854.6164339,79.93402619,20.06597381,51.87200891,-0.005
,900.0,900.0,900.0,900.0,0.0,2014-12-17,859.6071192,64.97750582,35.02249418,47.48860946,0.00875
,904.0,904.0,904.0,904.0,0.0,2014-12-18,864.1985497,67.97373593,32.02626407,45.18038193,0.038690476
,897.0,897.0,897.0,897.0,0.0,2014-12-21,868.4226657,57.25820109,42.74179891,39.04758598,0.05
,885.0,885.0,885.0,885.0,0.0,2014-12-22,872.3088524,42.80011348,57.19988652,34.11802339,0.014886364
,877.0,877.0,877.0,877.0,0.0,2014-12-23,875.8841442,35.35965178,64.64034822,33.150558,0.081818182
,888.0,888.0,888.0,888.0,0.0,2014-12-24,877.0,50.2303738,49.7696262,26.61259592,-0.000113636
,904.0,904.0,904.0,904.0,0.0,2014-12-28,877.0,64.90842837,35.09157163,27.25344809,0.035714286
,907.0,907.0,907.0,907.0,0.0,2014-12-29,880.2,67.17720121,32.82279879,28.67363895,0.008333333
,902.0,902.0,902.0,902.0,0.0,2014-12-31,883.144,59.20294365,40.79705635,26.62008862,-0.007142857
,904.0,904.0,904.0,904.0,0.0,2015-01-01,885.85248,61.48868311,38.51131689,25.89154414,-0.005217352
,918.0,918.0,918.0,918.0,0.0,2015-01-04,888.3442816,74.15758647,25.84241353,30.3762699,0.007666667
,920.0,920.0,920.0,920.0,0.0,2015-01-05,891.3098534,75.59143998,24.40856002,34.53759191,0.0275
,917.0,917.0,917.0,917.0,0.0,2015-01-06,894.752671,68.46843294,31.53156706,35.0174467,-0.046363636
,925.0,925.0,925.0,925.0,0.0,2015-01-07,897.7823505,76.00522037,23.99477963,38.41604551,0.0575
,931.0,931.0,931.0,931.0,0.0,2015-01-08,901.5928214,80.39777654,19.60222346,42.89194702,0.084891775
,928.0,928.0,928.0,928.0,0.0,2015-01-11,906.29797,72.143521,27.856479,43.17096602,0.05
,928.0,928.0,928.0,928.0,0.0,2015-01-12,910.2502948,72.143521,27.856479,43.39418121,-0.077777778
,937.0,937.0,937.0,937.0,0.0,2015-01-13,913.5702476,81.19400027,18.80599973,47.19294508,0.04968254
,940.0,940.0,940.0,940.0,0.0,2015-01-14,917.7876031,83.43629002,16.56370998,51.12887207,0.009675325
,945.0,945.0,945.0,945.0,0.0,2015-01-18,922.2300824,86.7320641,13.2679359,55.5959233,-0.008555556
,975.0,975.0,975.0,975.0,0.0,2015-01-19,926.784066,94.6764653,5.323534696,62.34732476,0.093571429
,963.0,963.0,963.0,963.0,0.0,2015-01-20,936.4272528,72.86260597,27.13739403,59.0229022,-0.006948052
,959.0,959.0,959.0,959.0,0.0,2015-01-22,944.1418022,66.48037266,33.51962734,53.81047082,0.089191919
,969.0,969.0,969.0,969.0,0.0,2015-01-25,950.3134418,73.683826,26.316174,52.52190706,0.0525
,969.0,969.0,969.0,969.0,0.0,2015-01-26,955.2507534,73.683826,26.316174,51.49105605,-0.055
,975.0,975.0,975.0,975.0,0.0,2015-01-27,959.2006027,78.09670733,21.90329267,52.43152777,0.06
,988.0,988.0,988.0,988.0,0.0,2015-01-28,962.3604822,84.93741601,15.06258399,55.92018862,0.043636364
,987.0,987.0,987.0,987.0,0.0,2015-01-29,967.4883857,82.4610922,17.5389078,57.72058777,0.041693122
,991.0,991.0,991.0,991.0,0.0,2015-02-01,971.5907086,84.69251665,15.30748335,60.05347688,-0.005
,991.0,991.0,991.0,991.0,0.0,2015-02-02,975.4725669,84.69251665,15.30748335,61.91978817,0.005079365
,988.0,988.0,988.0,988.0,0.0,2015-02-03,978.5780535,73.70371551,26.29628449,59.01731674,0.188636364
,987.0,987.0,987.0,987.0,0.0,2015-02-04,981.0624428,69.92349477,30.07650523,55.1832513,-0.065
,984.0,984.0,984.0,984.0,0.0,2015-02-05,983.0499542,58.64415281,41.35584719,47.60426216,-0.014404762
,986.0,986.0,986.0,986.0,0.0,2015-02-08,984.0,63.54465516,36.45534484,43.50127179,0.01325938
,981.0,981.0,981.0,981.0,0.0,2015-02-09,991.0,46.37280565,53.62719435,36.25189518,0.163131313
,981.0,981.0,981.0,981.0,0.0,2015-02-10,990.8,46.37280565,53.62719435,30.45239388,-0.039285714
,981.0,981.0,981.0,981.0,0.0,2015-02-11,990.604,46.37280565,53.62719435,25.81279285,0.067991071
,985.0,985.0,985.0,985.0,0.0,2015-02-12,990.41192,62.29381678,37.70618322,25.56776099,-0.008796296
,990.0,990.0,990.0,990.0,0.0,2015-02-15,990.2236816,74.24229809,25.75770191,30.15112803,-0.006428571
,987.0,987.0,987.0,987.0,0.0,2015-02-16,990.039208,59.98587974,40.01412026,28.11525432,0.045079365
,983.0,983.0,983.0,983.0,0.0,2015-02-18,990.0,45.44238214,54.55761786,24.3152506,0.026619408
,971.0,971.0,971.0,971.0,0.0,2015-02-22,989.82,23.80200981,76.19799019,29.93139656,0.132142857
,974.0,974.0,974.0,974.0,0.0,2015-02-23,989.0672,33.67266951,66.32733049,30.47604944,-0.004220779
,971.0,971.0,971.0,971.0,0.0,2015-02-24,988.344512,28.98008288,71.01991712,32.7888064,-0.090555556
,971.0,971.0,971.0,971.0,0.0,2015-02-25,987.6507315,28.98008288,71.01991712,34.63901197,0.034772727
,979.0,979.0,979.0,979.0,0.0,2015-02-26,986.9847023,55.06951462,44.93048538,29.73901542,0.05468254
,976.0,976.0,976.0,976.0,0.0,2015-03-01,986.3453142,46.97974117,53.02025883,24.99931587,0.056652237
,985.0,985.0,985.0,985.0,0.0,2015-03-02,985.7315016,65.81277338,34.18722662,26.32456205,-0.0075
,981.0,981.0,981.0,981.0,0.0,2015-03-03,985.1422415,54.96601111,45.03398889,23.04605408,0.060660173
,983.0,983.0,983.0,983.0,0.0,2015-03-04,985.0,59.17164821,40.82835179,22.10550255,-0.012680375
,989.0,989.0,989.0,989.0,0.0,2015-03-09,971.0,69.76137373,30.23862627,25.58895153,0.019285714
,984.0,984.0,984.0,984.0,0.0,2015-03-10,971.36,54.92247362,45.07752638,22.44015067,0.067380952
,984.0,984.0,984.0,984.0,0.0,2015-03-11,971.7128,54.92247362,45.07752638,19.92110998,-0.050974026
,978.0,978.0,978.0,978.0,0.0,2015-03-12,972.058544,39.26314744,60.73685256,20.23162901,0.017142857
,971.0,971.0,971.0,971.0,0.0,2015-03-15,989.0,27.7322166,72.2677834,25.09241657,0.0375
,959.0,959.0,959.0,959.0,0.0,2015-03-16,988.64,17.02071623,82.97928377,33.26564676,0.071493506
,963.0,963.0,963.0,963.0,0.0,2015-03-17,987.4544,28.52383775,71.47616225,35.20298231,-0.038636364
,964.0,964.0,964.0,964.0,0.0,2015-03-18,986.316224,31.49167052,68.50832948,35.56571764,0.036136364
,968.0,968.0,968.0,968.0,0.0,2015-03-19,985.223575,43.26948995,56.73051005,31.14477813,0.037222222
,964.0,964.0,964.0,964.0,0.0,2015-03-22,984.174632,35.61575117,64.38424883,30.66952204,-0.036363636
,957.0,957.0,957.0,957.0,0.0,2015-03-23,983.1676468,25.67943528,74.32056472,34.26384352,0.015849928
,954.0,954.0,954.0,954.0,0.0,2015-03-24,981.597588,22.34049065,77.65950935,38.47487855,-0.03
,951.0,951.0,951.0,951.0,0.0,2015-03-25,979.3897809,19.21712905,80.78287095,43.09305122,-0.000952381
,942.0,942.0,942.0,942.0,0.0,2015-03-26,976.5508028,12.60737301,87.39262699,49.43149177,-0.000877826
,942.0,942.0,942.0,942.0,0.0,2015-03-29,972.4047065,12.60737301,87.39262699,54.50224422,0.061071429
,939.0,939.0,939.0,939.0,0.0,2015-03-30,968.7561417,10.69199521,89.30800479,59.32499729,0.125238095
,946.0,946.0,946.0,946.0,0.0,2015-03-31,964.5902819,38.11443128,61.88556872,52.21422532,0.047142857
,940.0,940.0,940.0,940.0,0.0,2015-04-01,961.0076424,28.67930868,71.32069132,50.29965678,0.022440476
,940.0,940.0,940.0,940.0,0.0,2015-04-02,957.9265725,28.67930868,71.32069132,48.76800195,0.040430736
,934.0,934.0,934.0,934.0,0.0,2015-04-05,955.2768523,20.68031599,79.31968401,50.74227517,-0.017474747
,938.0,938.0,938.0,938.0,0.0,2015-04-06,951.872556,35.63941282,64.36058718,46.33805501,0.00015873
,936.0,936.0,936.0,936.0,0.0,2015-04-07,949.012947,31.88152739,68.11847261,44.31783305,-0.120138889
,942.0,942.0,942.0,942.0,0.0,2015-04-08,946.6108755,51.18379322,48.81620678,35.92778373,0.008571429
,947.0,947.0,947.0,947.0,0.0,2015-04-09,934.0,62.30903414,37.69096586,33.66584064,0.01
,952.0,952.0,952.0,952.0,0.0,2015-04-12,934.26,70.66567154,29.33432846,35.19894112,0.010779221
,948.0,948.0,948.0,948.0,0.0,2015-04-13,934.9696,57.84139075,42.15860925,31.2957092,0.140753968
,944.0,944.0,944.0,944.0,0.0,2015-04-15,935.650816,47.14634653,52.85365347,26.17802875,0.057247475
,950.0,950.0,950.0,950.0,0.0,2015-04-16,936.3047834,60.7530063,39.2469937,25.24362552,0.060079365
,946.0,946.0,946.0,946.0,0.0,2015-04-19,936.932592,50.02167716,49.97832284,20.20357128,0.071262626
,945.0,945.0,945.0,945.0,0.0,2015-04-20,937.5352883,47.4049442,52.5950558,17.20087934,-0.06
,945.0,945.0,945.0,945.0,0.0,2015-04-21,938.1138768,47.4049442,52.5950558,14.79872579,-0.01
,942.0,942.0,942.0,942.0,0.0,2015-04-22,938.6693217,38.06976548,61.93023452,16.61107444,-0.007142857
,938.0,938.0,938.0,938.0,0.0,2015-04-23,952.0,28.66252587,71.33747413,21.82384921,-0.002235246
,910.0,910.0,910.0,910.0,0.0,2015-05-24,951.72,9.064191965,90.93580803,33.83340258,0.032301587
,881.0,881.0,881.0,881.0,0.0,2015-05-25,950.0512,4.808010792,95.19198921,45.14351775,0.018194444
,860.0,860.0,860.0,860.0,0.0,2015-05-26,945.908128,3.37396529,96.62603471,54.76522808,-0.013055556
,838.0,838.0,838.0,838.0,0.0,2015-05-27,939.0354778,2.426299339,97.57370066,62.84166273,-0.028055556
,842.0,842.0,842.0,842.0,0.0,2015-05-28,928.93193,8.281210432,91.71878957,66.96084601,0.022896425
,872.0,872.0,872.0,872.0,0.0,2015-05-31,919.838737,41.3017399,58.6982601,57.04798085,0.05
,890.0,890.0,890.0,890.0,0.0,2015-06-01,911.6548633,53.78142287,46.21857713,47.15095383,0.0
,902.0,902.0,902.0,902.0,0.0,2015-06-02,904.289377,60.73764476,39.26235524,42.01582097,0.025
,925.0,925.0,925.0,925.0,0.0,2015-06-03,838.0,71.14313605,28.85686395,42.06991119,0.1025
,927.0,927.0,927.0,927.0,0.0,2015-06-04,839.74,71.95114027,28.04885973,42.43638506,0.083333333
,931.0,931.0,931.0,931.0,0.0,2015-06-07,843.2304,73.78613792,26.21386208,43.46356322,0.012857143
,945.0,945.0,945.0,945.0,0.0,2015-06-08,848.496576,79.61944005,20.38055995,46.61862659,0.068015873
,967.0,967.0,967.0,967.0,0.0,2015-06-09,856.2168499,85.81834557,14.18165443,51.6222395,-0.00625
,956.0,956.0,956.0,956.0,0.0,2015-06-10,867.2951649,72.11028182,27.88971818,50.14190433,0.05
,938.0,938.0,938.0,938.0,0.0,2015-06-11,877.2656484,54.35198778,45.64801222,41.85431857,-0.007491582
,928.0,928.0,928.0,928.0,0.0,2015-06-14,886.2390836,46.41431014,53.58568986,34.9177308,0.028571429
,934.0,934.0,934.0,934.0,0.0,2015-06-15,894.3151752,51.70422222,48.29577778,28.61587353,-0.042922078
,931.0,931.0,931.0,931.0,0.0,2015-06-16,901.5836577,48.69950118,51.30049882,23.41289835,-0.1025
,928.0,928.0,928.0,928.0,0.0,2015-06-17,908.1252919,45.40144651,54.59855349,20.56974008,0.108409091
,925.0,925.0,925.0,925.0,0.0,2015-06-18,914.0127627,41.85803051,58.14196949,19.71257986,-0.02269721
,918.0,918.0,918.0,918.0,0.0,2015-06-21,967.0,34.09647551,65.90352449,22.13147368,0.071944444
,922.0,922.0,922.0,922.0,0.0,2015-06-22,966.02,41.80431556,58.19568444,20.98345272,0.073333333
,926.0,926.0,926.0,926.0,0.0,2015-06-23,965.0596,49.22708787,50.77291213,17.09592703,0.004285714
,928.0,928.0,928.0,928.0,0.0,2015-06-24,964.118408,52.97575763,47.02424237,14.86704468,0.1375
,930.0,930.0,930.0,930.0,0.0,2015-06-25,963.1960398,56.94894395,43.05105605,14.67321332,0.001825397
,938.0,938.0,938.0,938.0,0.0,2015-06-28,962.292119,69.73481794,30.26518206,19.63249783,-0.025555556
,946.0,946.0,946.0,946.0,0.0,2015-06-29,961.4062767,77.92862885,22.07137115,26.87744981,0.186666667
,949.0,949.0,949.0,949.0,0.0,2015-06-30,960.5381511,80.41419514,19.58580486,33.6676379,0.018636364
,946.0,946.0,946.0,946.0,0.0,2015-07-01,959.6873881,70.49123656,29.50876344,35.13060494,0.017525253
,939.0,939.0,939.0,939.0,0.0,2015-07-02,958.8536403,51.8351794,48.1648206,28.83855572,-0.000171958
,938.0,938.0,938.0,938.0,0.0,2015-07-05,958.0365675,49.49598314,50.50401686,23.27245132,0.084444444
,937.0,937.0,937.0,937.0,0.0,2015-07-06,957.2358362,46.85302833,53.14697167,19.87674972,0.046666667
,941.0,941.0,941.0,941.0,0.0,2015-07-07,956.4511195,58.05246607,41.94753393,19.1223862,0.105
,943.0,943.0,943.0,943.0,0.0,2015-07-08,955.6820971,62.93417006,37.06582994,20.47157699,0.014818182
,943.0,943.0,943.0,943.0,0.0,2015-07-09,954.9284551,62.93417006,37.06582994,21.55092962,-0.003232323
,945.0,945.0,945.0,945.0,0.0,2015-07-12,954.189886,68.63713569,31.36286431,24.69559797,0.061717172
,944.0,944.0,944.0,944.0,0.0,2015-07-13,953.4660883,62.61582357,37.38417643,24.8028078,0.065
,946.0,946.0,946.0,946.0,0.0,2015-07-14,952.7567665,69.34006409,30.65993591,27.57827188,0.006210317
,951.0,951.0,951.0,951.0,0.0,2015-07-15,952.0616312,80.372484,19.627516,34.2116111,0.1125
,961.0,961.0,961.0,961.0,0.0,2015-07-16,918.0,89.66744165,10.33255835,43.23626554,0.05138474
,963.0,963.0,963.0,963.0,0.0,2015-07-22,918.86,90.76123664,9.238763363,50.89350709,0.188571429
,1003.0,1003.0,1003.0,1003.0,0.0,2015-07-23,920.6256,97.46638627,2.533613731,59.70136018,0.046341991
,1054.0,1054.0,1054.0,1054.0,0.0,2015-07-26,925.568064,98.82522733,1.174772669,67.29117908,0.014285714
,1046.0,1046.0,1046.0,1046.0,0.0,2015-07-27,935.8426189,89.4214999,10.5785001,69.60154322,-0.027959596
,1028.0,1028.0,1028.0,1028.0,0.0,2015-07-28,945.2952094,70.54261646,29.45738354,63.89828116,-0.002407407
,1021.0,1021.0,1021.0,1021.0,0.0,2015-07-29,953.9915926,63.97674957,36.02325043,56.70932476,-0.008611111
,1028.0,1028.0,1028.0,1028.0,0.0,2015-07-30,961.9922652,67.73109905,32.26890095,52.45989942,0.03202381
,1034.0,1034.0,1034.0,1034.0,0.0,2015-08-02,969.352884,70.97244563,29.02755437,50.35689779,0.048571429
,1030.0,1030.0,1030.0,1030.0,0.0,2015-08-03,976.1246533,65.49045769,34.50954231,46.48170131,0.048636364
,1030.0,1030.0,1030.0,1030.0,0.0,2015-08-04,982.354681,65.49045769,34.50954231,43.38154412,-0.005555556
,1034.0,1034.0,1034.0,1034.0,0.0,2015-08-05,988.0863065,69.20685684,30.79314316,42.38797803,0.077272727
,1040.0,1040.0,1040.0,1040.0,0.0,2015-08-06,993.359402,74.38008972,25.61991028,43.66241832,0.03791366
,1063.0,1063.0,1063.0,1063.0,0.0,2015-08-09,998.2106498,85.80612533,14.19387467,49.25238479,-0.022777778
,1081.0,1081.0,1081.0,1081.0,0.0,2015-08-10,1004.689585,90.11766387,9.882336129,55.44897338,0.024
,1078.0,1078.0,1078.0,1078.0,0.0,2015-08-11,1013.846835,84.75413103,15.24586897,58.26083111,0.064
,1077.0,1077.0,1077.0,1077.0,0.0,2015-08-12,1021.905215,82.70319522,17.29680478,59.68994298,-0.105714286
,1088.0,1088.0,1088.0,1088.0,0.0,2015-08-13,1028.996589,87.02153805,12.97846195,62.5605696,-0.032703704
,1112.0,1112.0,1112.0,1112.0,0.0,2015-08-16,1037.257066,92.27883593,7.721164074,66.95999005,0.007386364
,1158.0,1158.0,1158.0,1158.0,0.0,2015-08-17,1049.215936,96.08162375,3.91837625,72.00064154,-0.0195
,1160.0,1160.0,1160.0,1160.0,0.0,2015-08-18,1068.797067,96.18377312,3.816226883,76.07402248,0.005
,1192.0,1192.0,1192.0,1192.0,0.0,2015-08-19,1087.037654,97.49161201,2.508387987,79.85586279,0.02
,1201.0,1201.0,1201.0,1201.0,0.0,2015-08-20,1108.030123,97.76133154,2.238668461,82.98922285,-0.035
,1185.0,1185.0,1185.0,1185.0,0.0,2015-08-23,1126.624098,78.9066652,21.0933348,77.95404436,-0.028055556
,1182.0,1182.0,1182.0,1182.0,0.0,2015-08-24,1141.499279,75.49413697,24.50586303,72.56089028,0.06952381
,1181.0,1181.0,1181.0,1181.0,0.0,2015-08-25,1153.399423,74.15782365,25.84217635,67.71184168,-0.07125
,1176.0,1176.0,1176.0,1176.0,0.0,2015-08-26,1162.919538,66.77091975,33.22908025,60.87784125,-0.058737374
,1184.0,1184.0,1184.0,1184.0,0.0,2015-08-27,1170.535631,72.29111585,27.70888415,57.61871934,0.003851912
,1200.0,1200.0,1200.0,1200.0,0.0,2015-08-31,1176.0,80.42208922,19.57791078,58.26381116,0.056103896
,1191.0,1191.0,1191.0,1191.0,0.0,2015-09-01,1181.0,66.666907,33.333093,53.27781172,0.035
,1176.0,1176.0,1176.0,1176.0,0.0,2015-09-02,1201.0,49.15250196,50.84749804,42.9612486,0.01
,1169.0,1169.0,1169.0,1169.0,0.0,2015-09-03,1200.5,42.62083764,57.37916236,37.32066382,0.050735931
,1167.0,1167.0,1167.0,1167.0,0.0,2015-09-06,1199.24,40.68973627,59.31026373,33.58063655,-0.051111111
,1171.0,1171.0,1171.0,1171.0,0.0,2015-09-07,1197.3056,46.72437971,53.27562029,28.17475735,0.066
,1175.0,1175.0,1175.0,1175.0,0.0,2015-09-08,1195.487264,52.73564025,47.26435975,23.63406198,-0.0075
,1173.0,1173.0,1173.0,1173.0,0.0,2015-09-09,1193.778028,49.26166933,50.73833067,19.20258185,-0.062857143
,1169.0,1169.0,1169.0,1169.0,0.0,2015-09-10,1192.171346,42.29602193,57.70397807,18.44365671,0.025666186
,1184.0,1184.0,1184.0,1184.0,0.0,2015-09-13,1190.661066,65.29745736,34.70254264,20.87390831,0.0
,1194.0,1194.0,1194.0,1194.0,0.0,2015-09-14,1167.0,73.95047737,26.04952263,26.2793176,0.094094001
,1205.84,1205.84,1205.84,1205.84,0.0,2015-09-15,1167.54,80.97235394,19.02764606,33.41239566,0.111372054
,1202.81,1202.81,1202.81,1202.81,0.0,2015-09-16,1169.072,74.54444594,25.45555406,36.5476949,0.0
,1196.02,1196.02,1196.02,1196.02,0.0,2015-09-17,1170.54272,60.98369394,39.01630606,33.63163349,0.064561302
,1156.08,1156.08,1156.08,1156.08,0.0,2015-09-22,1205.84,26.08849055,73.91150945,36.46991057,0.0
,1183.36,1183.36,1183.36,1183.36,0.0,2015-09-23,1204.8448,50.3462385,49.6537615,29.31442386,0.027560039
,1176.86,1176.86,1176.86,1176.86,0.0,2015-09-24,1203.869504,45.86311258,54.13688742,25.10629405,0.026385083
,1160.09,1160.09,1160.09,1160.09,0.0,2015-09-28,1202.913714,35.63088417,64.36911583,25.83268157,0.009441352
,1169.3,1169.3,1169.3,1169.3,0.0,2015-09-29,1201.97704,44.18020335,55.81979665,22.99406392,0.051006093
,1181.28,1181.28,1181.28,1181.28,0.0,2015-09-30,1201.059099,54.09382418,45.90617582,20.03278081,0.080439488
,1178.74,1178.74,1178.74,1178.74,0.0,2015-10-01,1200.159517,51.66216038,48.33783962,16.6910888,0.104677793
,1183.48,1183.48,1183.48,1183.48,0.0,2015-10-04,1199.277927,56.24981176,43.75018824,15.85279574,0.086706349
,1171.27,1171.27,1171.27,1171.27,0.0,2015-10-05,1198.413968,43.08356155,56.91643845,15.44881198,0.035403727
,1158.79,1158.79,1158.79,1158.79,0.0,2015-10-06,1197.567289,33.1653292,66.8346708,19.0929179,0.067058593
,1149.45,1149.45,1149.45,1149.45,0.0,2015-10-07,1196.737543,27.28848242,72.71151758,24.35894135,0.007864358
,1162.06,1162.06,1162.06,1162.06,0.0,2015-10-08,1194.846041,44.02699617,55.97300383,21.87635461,0.03767507
,1143.88,1143.88,1143.88,1143.88,0.0,2015-10-11,1193.0302,31.11754423,68.88245577,25.054066,0.146561114
,1135.09,1135.09,1135.09,1135.09,0.0,2015-10-14,1190.081188,26.43324857,73.56675143,29.46995337,-0.014261664
,1134.47,1134.47,1134.47,1134.47,0.0,2015-10-15,1185.681893,26.08700947,73.91299053,33.14115891,0.038451601
,1119.83,1119.83,1119.83,1119.83,0.0,2015-10-18,1180.560703,18.81337251,81.18662749,38.98757813,-0.026388889
,1127.42,1127.42,1127.42,1127.42,0.0,2015-10-19,1173.273019,31.23807658,68.76192342,38.69483187,0.036818182
,1121.05,1121.05,1121.05,1121.05,0.0,2015-10-25,1166.859857,26.9166235,73.0833765,40.18921609,0.036818182
,1091.73,1091.73,1091.73,1091.73,0.0,2015-10-27,1161.216274,14.98748892,85.01251108,46.15637731,0.05709925
,1084.37,1084.37,1084.37,1084.37,0.0,2015-10-28,1151.488195,13.15773252,86.84226748,51.66200884,-0.014381055
,1092.04,1092.04,1092.04,1092.04,0.0,2015-10-29,1140.749284,25.07362753,74.92637247,51.30015605,0.060987103
,1088.3,1088.3,1088.3,1088.3,0.0,2015-11-01,1131.728599,23.13846968,76.86153032,51.78473697,0.039070295
,1091.83,1091.83,1091.83,1091.83,0.0,2015-11-02,1124.151223,29.55313516,70.44686484,49.60653551,0.000865801
,1085.87,1085.87,1085.87,1085.87,0.0,2015-11-03,1117.786227,25.12732475,74.87267525,49.63429851,0.054513889
,1092.3,1092.3,1092.3,1092.3,0.0,2015-11-04,1112.439631,37.70781431,62.29218569,44.62431308,0.058739177
,1090.68,1090.68,1090.68,1090.68,0.0,2015-11-05,1107.94849,35.81274187,64.18725813,41.37435372,0.041890367
,1086.57,1086.57,1086.57,1086.57,0.0,2015-11-08,1104.175932,30.88958815,69.11041185,40.74364772,0.009109731
,1107.43,1107.43,1107.43,1107.43,0.0,2015-11-09,1084.37,63.08488939,36.91511061,37.82887393,-0.006904762
,1109.29,1109.29,1109.29,1109.29,0.0,2015-11-10,1084.8312,64.90701366,35.09298634,36.22590461,0.060263975
,1100.09,1100.09,1100.09,1100.09,0.0,2015-11-15,1085.809552,49.73024502,50.26975498,29.08862568,-0.01512605
,1094.18,1094.18,1094.18,1094.18,0.0,2015-11-16,1086.74877,41.86902122,58.13097878,26.52329206,-0.012290063
,1099.25,1099.25,1099.25,1099.25,0.0,2015-11-18,1087.650419,50.2946644,49.7053356,21.33649941,0.006012987
,1094.57,1094.57,1094.57,1094.57,0.0,2015-11-19,1088.516002,43.08849226,56.91150774,19.83380262,-0.006394336
,1071.38,1071.38,1071.38,1071.38,0.0,2015-11-22,1109.29,22.82885276,77.17114724,26.73550099,-0.04845679
,1075.8,1075.8,1075.8,1075.8,0.0,2015-11-23,1108.5318,30.60283716,69.39716284,29.14726593,0.042868738
,1066.69,1066.69,1066.69,1066.69,0.0,2015-11-24,1107.788764,24.29694546,75.70305454,33.59903456,-0.006625567
,1056.42,1056.42,1056.42,1056.42,0.0,2015-11-25,1106.144813,18.82948805,81.17051195,39.34743243,0.022958003
,1044.01,1044.01,1044.01,1044.01,0.0,2015-11-26,1103.161325,14.05295542,85.94704458,45.85676377,0.057699605
,1022.77,1022.77,1022.77,1022.77,0.0,2015-11-29,1098.429219,9.109272009,90.89072799,53.04170221,0.076028139
,1034.12,1034.12,1034.12,1034.12,0.0,2015-11-30,1090.863297,26.40318807,73.59681193,51.87208654,0.049863717
,1066.38,1066.38,1066.38,1066.38,0.0,2015-12-01,1084.053967,56.08804875,43.91195125,43.93288873,0.065453901
,1062.78,1062.78,1062.78,1062.78,0.0,2015-12-02,1077.92557,53.10044937,46.89955063,36.38649074,-0.00821256
,1072.94,1072.94,1072.94,1072.94,0.0,2015-12-03,1022.77,60.51932108,39.48067892,33.31692102,0.132408911
,1102.84,1102.84,1102.84,1102.84,0.0,2015-12-06,1023.7734,75.04241682,24.95758318,36.67050354,0.016995074
,1107.94,1107.94,1107.94,1107.94,0.0,2015-12-07,1026.936064,76.85748965,23.14251035,40.07939869,-0.01618759
,1107.23,1107.23,1107.23,1107.23,0.0,2015-12-08,1031.7963,75.89695275,24.10304725,42.42230005,0.007177286
,1122.79,1122.79,1122.79,1122.79,0.0,2015-12-09,1036.364922,82.04433911,17.95566089,46.75557569,0.063365801
,1119.35,1119.35,1119.35,1119.35,0.0,2015-12-10,1043.278928,76.64243682,23.35756318,48.06143528,0.063312821
,1118.57,1118.57,1118.57,1118.57,0.0,2015-12-13,1049.639814,75.23838308,24.76161692,48.54450145,0.027010582
,1120.18,1120.18,1120.18,1120.18,0.0,2015-12-14,1055.491829,76.35595993,23.64404007,49.37798513,0.018333333
,1121.02,1121.02,1121.02,1121.02,0.0,2015-12-15,1060.875683,77.032019,22.967981,50.31519571,0.083416361
,1116.19,1116.19,1116.19,1116.19,0.0,2015-12-16,1065.828828,63.89974494,36.10025506,45.81205454,-0.024993987
,1110.68,1110.68,1110.68,1110.68,0.0,2015-12-17,1070.385722,51.40358566,48.59641434,37.2110779,-0.005711363
,1118.81,1118.81,1118.81,1118.81,0.0,2015-12-20,1074.578064,64.2852941,35.7147059,35.48297996,0.070361248
,1131.52,1131.52,1131.52,1131.52,0.0,2015-12-21,1078.435019,76.4726089,23.5273911,38.97542753,0.080032468
,1138.18,1138.18,1138.18,1138.18,0.0,2015-12-22,1083.743517,80.7705989,19.2294011,43.48858158,0.043269231
,1133.34,1133.34,1133.34,1133.34,0.0,2015-12-23,1090.275895,69.27459801,30.72540199,42.50070447,0.071295815
,1137.03,1137.03,1137.03,1137.03,0.0,2015-12-24,1096.024388,72.94439286,27.05560714,43.17832072,0.038725048
,1135.47,1135.47,1135.47,1135.47,0.0,2015-12-27,1101.083061,68.61364453,31.38635547,41.98811439,0.005238095
,1131.95,1131.95,1131.95,1131.95,0.0,2015-12-28,1105.534694,58.77196299,41.22803701,37.09927671,0.10244709
,1142.17,1142.17,1142.17,1142.17,0.0,2015-12-29,1109.452131,72.88641474,27.11358526,38.83398726,0.043233866
,1151.38,1151.38,1151.38,1151.38,0.0,2015-12-31,1114.032632,80.43254688,19.56745312,43.24020856,0.03903627
,1154.62,1154.62,1154.62,1154.62,0.0,2016-01-04,1120.008211,82.56620479,17.43379521,47.61864877,0.049832986
,1146.11,1146.11,1146.11,1146.11,0.0,2016-01-05,1126.238333,60.79978154,39.20021846,42.41483163,0.018055556
,1149.89,1149.89,1149.89,1149.89,0.0,2016-01-06,1131.347033,65.80496552,34.19503448,40.25385151,0.05210092
,1164.14,1164.14,1164.14,1164.14,0.0,2016-01-07,1135.536167,78.65050306,21.34949694,43.66328243,0.065710924
,1167.18,1167.18,1167.18,1167.18,0.0,2016-01-10,1141.256934,80.59444804,19.40555196,47.16840516,0.088345865
,1168.81,1168.81,1168.81,1168.81,0.0,2016-01-11,1146.441547,81.71059149,18.28940851,50.41896073,0.017031718
,1173.6,1173.6,1173.6,1173.6,0.0,2016-01-12,1150.915238,84.90072,15.09928,54.29545658,0.100478896
,1180.98,1180.98,1180.98,1180.98,0.0,2016-01-13,1155.45219,88.69748993,11.30251007,58.91536123,0.046397727
,1190.16,1190.16,1190.16,1190.16,0.0,2016-01-14,1160.557752,91.87442573,8.125574268,63.88205928,0.104285714
,1212.0,1212.0,1212.0,1212.0,0.0,2016-01-17,1166.478202,95.57406107,4.425938929,69.33527185,0.072387308
,1214.31,1214.31,1214.31,1214.31,0.0,2016-01-18,1175.582561,95.82536142,4.174638577,73.79836205,0.023752563
,1213.71,1213.71,1213.71,1213.71,0.0,2016-01-19,1183.328049,94.0908218,5.909178197,76.67501836,0.061496663
,1213.57,1213.57,1213.57,1213.57,0.0,2016-01-20,1189.524439,93.59668067,6.403319326,78.77868696,0.008399471
,1212.32,1212.32,1212.32,1212.32,0.0,2016-01-21,1194.481551,88.41442474,11.58557526,78.38871946,0.076017617
,1219.62,1219.62,1219.62,1219.62,0.0,2016-01-24,1198.447241,91.74925884,8.250741164,79.4106791,0.077558442
,1222.43,1222.43,1222.43,1222.43,0.0,2016-01-25,1202.681793,92.75297286,7.247027141,80.62973243,0.091120622
,1218.39,1218.39,1218.39,1218.39,0.0,2016-01-26,1206.631434,76.11273862,23.88726138,74.94888139,-0.092284752
,1216.96,1216.96,1216.96,1216.96,0.0,2016-01-27,1209.791147,70.51541582,29.48458418,68.16527144,0.032351713
,1216.11,1216.11,1216.11,1216.11,0.0,2016-01-28,1212.318918,66.86203059,33.13796941,61.27702939,0.048064641
,1220.7,1220.7,1220.7,1220.7,0.0,2016-01-31,1214.341134,75.44818615,24.55181385,59.20089797,0.054166667
,1238.02,1238.02,1238.02,1238.02,0.0,2016-02-01,1215.958907,88.95123462,11.04876538,62.94121222,0.049220779
,1240.07,1240.07,1240.07,1240.07,0.0,2016-02-02,1220.371126,89.78262246,10.21737754,66.26601876,0.003386243
,1242.13,1242.13,1242.13,1242.13,0.0,2016-02-03,1224.310901,90.6649502,9.3350498,69.27879509,-0.003890332
,1251.42,1251.42,1251.42,1251.42,0.0,2016-02-04,1227.874721,93.72137418,6.278625819,72.91158575,0.167338951
,1262.82,1262.82,1262.82,1262.82,0.0,2016-02-07,1232.583777,95.82044199,4.179558014,76.65744539,0.114919192
,1263.75,1263.75,1263.75,1263.75,0.0,2016-02-08,1238.631021,95.95823311,4.041766892,79.70924956,0.045099969
,1263.72,1263.72,1263.72,1263.72,0.0,2016-02-11,1243.654817,95.83084042,4.169159578,82.09973581,0.023884946
,1259.35,1259.35,1259.35,1259.35,0.0,2016-02-14,1247.673854,77.17519826,22.82480174,76.54986795,-0.033159722
,1258.23,1258.23,1258.23,1258.23,0.0,2016-02-15,1250.889083,72.644607,27.355393,70.29773716,-0.002200577
,1257.34,1257.34,1257.34,1257.34,0.0,2016-02-16,1253.461266,68.64194683,31.35805317,63.69496846,0.008641975
,1266.08,1266.08,1266.08,1266.08,0.0,2016-02-17,1255.519013,81.29394267,18.70605733,63.47355184,0.022707267
,1273.28,1273.28,1273.28,1273.28,0.0,2016-02-18,1257.34,86.78457318,13.21542682,65.49267074,0.220685426
,1278.92,1278.92,1278.92,1278.92,0.0,2016-02-21,1260.528,89.73484531,10.26515469,68.28807472,0.096825397
,1291.81,1291.81,1291.81,1291.81,0.0,2016-02-22,1264.2064,93.73224021,6.267759794,72.12335586,0.097571595
,1285.93,1285.93,1285.93,1285.93,0.0,2016-02-23,1269.72712,76.70097661,23.29902339,68.37907533,0.060149573
,1279.9,1279.9,1279.9,1279.9,0.0,2016-02-24,1274.143696,62.21080054,37.78919946,59.58758048,0.063538749
,1283.52,1283.52,1283.52,1283.52,0.0,2016-02-25,1277.676957,66.90286946,33.09713054,54.43121217,0.063818681
,1283.67,1283.67,1283.67,1283.67,0.0,2016-02-28,1279.9,67.1143623,32.8856377,50.39071466,0.096406434
,1283.94,1283.94,1283.94,1283.94,0.0,2016-02-29,1282.282,67.58047875,32.41952125,47.34476323,-0.004519231
,1289.52,1289.52,1289.52,1289.52,0.0,2016-03-01,1283.67,76.26956799,23.73043201,48.38363778,0.065079365
,1295.78,1295.78,1295.78,1295.78,0.0,2016-03-02,1283.94,82.75220159,17.24779841,51.80779086,0.048333333
,1300.76,1300.76,1300.76,1300.76,0.0,2016-03-03,1286.308,86.43668564,13.56331436,56.02090694,0.039999055
,1306.54,1306.54,1306.54,1306.54,0.0,2016-03-06,1289.1984,89.64570342,10.35429658,60.67500692,0.007935606
,1318.03,1318.03,1318.03,1318.03,0.0,2016-03-10,1292.66672,93.47927948,6.520720518,65.93171733,0.050709045
,1318.88,1318.88,1318.88,1318.88,0.0,2016-03-13,1297.739376,93.69513742,6.304862582,70.22342883,0.099
,1312.2,1312.2,1312.2,1312.2,0.0,2016-03-14,1301.967501,70.70306079,29.29693921,64.45996738,0.11325938
,1312.85,1312.85,1312.85,1312.85,0.0,2016-03-15,1305.350001,71.55215794,28.44784206,60.18883708,0.020183983
,1315.77,1315.77,1315.77,1315.77,0.0,2016-03-16,1308.056001,75.53394938,24.46605062,58.36464942,0.083766234
,1326.53,1326.53,1326.53,1326.53,0.0,2016-03-17,1310.2208,85.12445494,14.87554506,60.74150151,0.094203524
,1343.93,1343.93,1343.93,1343.93,0.0,2016-03-20,1313.48264,91.70059944,8.299400563,65.27344098,0.054323954
,1342.07,1342.07,1342.07,1342.07,0.0,2016-03-21,1319.572112,86.5859086,13.4140914,66.85311623,-0.076129063
,1345.53,1345.53,1345.53,1345.53,0.0,2016-03-23,1324.44369,88.12590875,11.87409125,68.73285648,0.035459184
,1357.14,1357.14,1357.14,1357.14,0.0,2016-03-24,1328.660952,91.9852646,8.014735401,71.78039102,0.03029199
,1377.33,1377.33,1377.33,1377.33,0.0,2016-03-27,1334.356761,95.3034807,4.696519303,75.5457051,0.059426407
,1374.75,1374.75,1374.75,1374.75,0.0,2016-03-28,1342.951409,89.3918563,10.6081437,76.1933066,0.030050505
,1370.04,1370.04,1370.04,1370.04,0.0,2016-03-29,1349.827127,78.30745157,21.69254843,72.27762591,0.044179894
,1362.98,1362.98,1362.98,1362.98,0.0,2016-03-30,1355.327702,63.54414145,36.45585855,63.23975731,0.042032967
,1355.48,1355.48,1355.48,1355.48,0.0,2016-03-31,1377.33,50.82109189,49.17890811,50.9202426,0.022092352
,1351.54,1351.54,1351.54,1351.54,0.0,2016-04-03,1376.893,44.91557834,55.08442166,42.76996274,0.022519841
,1362.53,1362.53,1362.53,1362.53,0.0,2016-04-04,1375.87888,60.79843372,39.20156628,38.53534368,0.077339327
,1375.26,1375.26,1375.26,1375.26,0.0,2016-04-05,1351.54,72.34427457,27.65572543,39.76598478,0.096153846
,1377.42,1377.42,1377.42,1377.42,0.0,2016-04-06,1352.0144,73.97029766,26.02970234,41.40090689,0.078209325
,1382.42,1382.42,1382.42,1382.42,0.0,2016-04-10,1353.030624,77.75476617,22.24523383,44.22263198,0.046789322
,1383.85,1383.85,1383.85,1383.85,0.0,2016-04-11,1354.793987,78.85387943,21.14612057,46.91965735,0.027380952
,1388.63,1388.63,1388.63,1388.63,0.0,2016-04-12,1357.118468,82.47239136,17.52760864,50.52468243,0.14047619
,1405.78,1405.78,1405.78,1405.78,0.0,2016-04-14,1360.269621,90.08306414,9.916935858,56.4529716,0.054108546
,1409.43,1409.43,1409.43,1409.43,0.0,2016-04-17,1365.730866,91.10999487,8.890005134,61.60637522,-0.010294118
,1428.6,1428.6,1428.6,1428.6,0.0,2016-04-18,1371.848745,94.70780747,5.292192525,67.16822317,0.112318182
,1430.81,1430.81,1430.81,1430.81,0.0,2016-04-19,1380.928946,94.99943961,5.00056039,71.73435438,0.159291126
,1440.69,1440.69,1440.69,1440.69,0.0,2016-04-20,1389.907536,96.17678347,3.823216532,75.85819689,0.02436756
,1441.67,1441.67,1441.67,1441.67,0.0,2016-04-21,1400.064028,96.28522516,3.71477484,79.20064758,0.042290249
,1454.35,1454.35,1454.35,1454.35,0.0,2016-04-24,1408.385223,97.45344327,2.546556727,82.34189537,0.024872449
,1461.75,1461.75,1461.75,1461.75,0.0,2016-04-25,1417.578178,97.9286365,2.071363503,85.0449709,0.107142857
,1453.11,1453.11,1453.11,1453.11,0.0,2016-04-26,1426.412543,76.96744407,23.03255593,78.82295434,0.017885488
,1458.38,1458.38,1458.38,1458.38,0.0,2016-04-27,1433.480034,80.19892714,19.80107286,75.13793433,0.12332743
,1464.91,1464.91,1464.91,1464.91,0.0,2016-04-28,1439.134027,83.73369729,16.26630271,73.60382638,0.092823129
,1474.47,1474.47,1474.47,1474.47,0.0,2016-05-02,1444.289222,87.73912325,12.26087675,73.97871041,-0.018181818
,1471.95,1471.95,1471.95,1471.95,0.0,2016-05-03,1450.325377,81.15458141,18.84541859,71.64480089,0.007844933
,1468.11,1468.11,1468.11,1468.11,0.0,2016-05-04,1455.154302,71.00471847,28.99528153,65.7177281,0.049685847
,1463.13,1463.13,1463.13,1463.13,0.0,2016-05-05,1459.017442,59.0354377,40.9645623,56.18835756,0.1365194
,1472.69,1472.69,1472.69,1472.69,0.0,2016-05-08,1462.107953,70.83336536,29.16663464,53.28403219,0.159065934
,1482.9,1482.9,1482.9,1482.9,0.0,2016-05-09,1463.13,78.93316891,21.06683109,54.20049332,0.074603175
,1484.04,1484.04,1484.04,1484.04,0.0,2016-05-10,1467.084,79.71923946,20.28076054,55.24809043,0.060309524
,1481.18,1481.18,1481.18,1481.18,0.0,2016-05-11,1470.4752,71.36823936,28.63176064,52.74576809,0.046669501
,1481.94,1481.94,1481.94,1481.94,0.0,2016-05-12,1473.18816,72.33101725,27.66898275,51.12902137,-0.011484788
,1477.38,1477.38,1477.38,1477.38,0.0,2016-05-15,1475.358528,57.76330513,42.23669487,44.00853915,0.055169853
,1467.51,1467.51,1467.51,1467.51,0.0,2016-05-16,1484.04,37.38929928,62.61070072,40.25111161,0.017212302
,1483.68,1483.68,1483.68,1483.68,0.0,2016-05-17,1483.7094,63.64738033,36.35261967,37.65984142,0.076731602
,1496.41,1496.41,1496.41,1496.41,0.0,2016-05-18,1467.51,74.26742017,25.73257983,39.8348412,0.035714286
,1499.32,1499.32,1499.32,1499.32,0.0,2016-05-19,1468.088,76.24999141,23.75000859,42.36786953,0.090573593
,1509.39,1509.39,1509.39,1509.39,0.0,2016-05-22,1469.33728,82.18660382,17.81339618,46.76893715,0.097108422
,1524.07,1524.07,1524.07,1524.07,0.0,2016-05-23,1471.740443,87.76126127,12.23873873,52.51965422,0.062547928
,1544.53,1544.53,1544.53,1544.53,0.0,2016-05-24,1475.926808,92.07954501,7.920454985,58.84754139,0.038262571
,1524.12,1524.12,1524.12,1524.12,0.0,2016-05-25,1482.787127,63.94551305,36.05448695,52.65623833,-0.027632275
,1525.09,1525.09,1525.09,1525.09,0.0,2016-05-26,1488.961414,64.58828151,35.41171849,47.96030327,0.008489658
,1522.25,1522.25,1522.25,1522.25,1152870016.0,2016-05-29,1494.518273,60.63228592,39.36771408,42.62115698,0.065873016
,1526.96,1526.96,1526.96,1526.96,1148169984.0,2016-05-30,1499.519446,65.06776941,34.93223059,40.12403335,0.076190476
,1532.12,1532.12,1532.12,1532.12,1298520064.0,2016-05-31,1504.020501,69.73705806,30.26294194,39.9940499,0.000798319
,1523.56,1523.56,1523.56,1523.56,1196009984.0,2016-06-01,1508.071451,54.60246553,45.39753447,33.83622613,-0.001521711
,1518.12,1518.12,1518.12,1518.12,1009539968.0,2016-06-02,1511.717306,46.57316031,53.42683969,28.43971678,0.033781599
,1483.14,1483.14,1483.14,1483.14,1246659968.0,2016-06-05,1544.53,21.34480805,78.65519195,34.21385021,-0.032780612
,1483.21,1516.8,1483.21,1516.8,1078499968.0,2016-06-06,1543.3022,52.37534712,47.62465288,28.32121901,-0.034045285
,1516.8,1537.98,1516.8,1531.49,1123600000.0,2016-06-07,1542.098956,63.65366651,36.34633349,28.11844181,0.115775401
,1531.49,1547.65,1529.24,1546.8,1269299968.0,2016-06-08,1483.14,61.3763616,28.90809792,29.6871903,0.144206349
,1566.7,1566.7,1566.7,1566.7,1867000064.0,2016-06-09,1484.4302,68.81765285,22.64610989,33.84589121,0.13822082
,1566.7,1602.0,1564.45,1597.96,1919480064.0,2016-06-12,1487.720992,77.33589204,14.98821375,40.58297501,0.045323529
,1597.96,1626.03,1595.86,1609.59,1671020032.0,2016-06-13,1494.577732,77.92222154,11.18842013,47.44412008,0.051785714
,1614.15,1614.15,1614.15,1614.15,1676819968.0,2016-06-14,1505.093914,74.36056249,10.67702124,52.93303613,0.013811728
,1620.47,1620.47,1620.47,1620.47,1369689984.0,2016-06-15,1514.768801,76.241893,9.893579484,57.75200145,0.111588412
,1632.94,1632.94,1632.94,1632.94,1997389952.0,2016-06-16,1523.669697,79.88261503,8.377474991,62.40487945,0.143460456
,1632.94,1637.27,1617.51,1622.27,1463939968.0,2016-06-19,1534.596727,61.28161184,24.60964171,58.46306643,0.084877086
,1632.94,1625.76,1609.38,1615.1,1115449984.0,2016-06-20,1546.91752,49.3696982,29.47381561,51.81738259,-0.01765873
,1615.22,1628.92,1615.22,1628.81,1196109952.0,2016-06-21,1557.759817,44.86065608,24.45958217,47.33994295,0.032539683
,1628.81,1651.86,1628.84,1647.51,1751960064.0,2016-06-22,1567.301039,59.17230566,18.05556846,48.52011415,0.091673033
,1648.17,1670.71,1648.17,1666.29,1894710016.0,2016-06-23,1579.139294,64.64280123,13.58169063,51.87111012,0.16342125
,1666.29,1688.48,1665.27,1685.17,1461120000.0,2016-06-26,1593.790607,67.46238437,10.36878487,56.16802822,0.032936508
,1685.17,1721.77,1693.68,1721.77,1508530048.0,2016-06-27,1610.834698,74.93364824,7.071421362,61.48516199,0.052246377
,1712.84,1733.28,1711.68,1724.19,1700720000.0,2016-06-28,1633.021758,70.82038508,5.727718335,66.1951262,0.079512987
,1724.19,1732.68,1721.24,1724.59,1457209984.0,2016-06-29,1653.073406,62.90674848,5.0876896,69.96309756,0.070758929
,1724.59,1734.21,1707.66,1723.23,1599010048.0,2016-06-30,1669.114725,47.50672385,16.36377492,65.72238215,-0.02659105
,1723.23,1725.47,1709.34,1719.2,1720080000.0,2016-07-03,1682.13378,40.05928096,13.79849007,62.32980981,-0.031006118
,1723.23,1724.02,1714.84,1716.83,1423340032.0,2016-07-04,1692.549024,36.03994302,12.41402201,59.61575195,0.069295635
,1716.83,1717.95,1705.06,1713.03,1160760064.0,2016-07-05,1700.881219,30.64347471,21.9160659,51.0135624,-0.01547619
,1713.03,1723.34,1712.94,1715.72,1173100032.0,2016-07-06,1705.06,33.42275396,19.04066685,46.2935603,0.105330946
,1715.77,1732.22,1715.77,1722.53,1324669952.0,2016-07-10,1705.06,37.63381748,15.10932214,45.57605208,0.014434524
,1722.53,1727.37,1701.94,1702.27,859897024.0,2016-07-11,1734.21,26.9241956,26.28605742,36.70069701,0.034816207
,1702.27,1709.48,1654.02,1693.07,1093299968.0,2016-07-12,1733.5646,15.16188598,52.54990984,40.40383992,-0.025538549
,1693.07,1696.57,1671.05,1690.43,1018860032.0,2016-07-13,1730.382816,12.11708538,41.99686933,43.36635425,0.055117394
,1690.43,1725.01,1689.52,1718.15,1356649984.0,2016-07-14,1727.328303,29.71754591,31.12970976,35.15725022,0.005291005
,1720.52,1749.96,1715.12,1745.74,1285520000.0,2016-07-17,1654.02,39.81447789,23.62737078,33.22877477,0.035714286
,1745.74,1786.68,1745.74,1786.57,1839369984.0,2016-07-18,1655.9388,52.85485214,17.45007271,36.65479772,0.001062925
,1786.57,1813.42,1785.33,1800.47,2101240064.0,2016-07-19,1661.168448,60.60974411,14.25389673,41.70791324,0.033758259
,1800.47,1813.44,1782.57,1786.84,2057750016.0,2016-07-20,1670.303541,48.42541331,13.18579268,44.80568487,0.095226995
,1786.84,1804.75,1779.71,1798.83,1429859968.0,2016-07-21,1681.754458,40.22614099,12.8871051,46.1391685,0.084137973
,1798.83,1838.59,1798.83,1838.49,2158749952.0,2016-07-25,1692.289301,51.51611328,9.645563256,50.60309487,0.094670815
,1838.49,1869.08,1837.97,1866.5,2177649920.0,2016-07-26,1706.919371,60.69532675,7.741135229,55.95790814,0.106333874
,1866.5,1888.36,1866.26,1881.45,2178769920.0,2016-07-27,1726.378647,64.65497294,6.58638884,61.06825636,0.188484848
,1881.45,1888.01,1863.32,1877.93,2106669952.0,2016-07-28,1749.056036,53.50837046,7.50378212,63.93507231,0.087671958
,1877.93,1878.02,1861.13,1862.76,1715219968.0,2016-07-31,1768.558591,46.63360148,8.205601661,65.16284931,-0.076587302
,1863.05,1866.89,1831.61,1845.41,1496390016.0,2016-08-01,1785.330788,34.91941198,27.16285299,54.62907971,0.111805556
,1845.41,1846.91,1824.66,1826.47,1364979968.0,2016-08-02,1799.754878,29.14742954,27.83611385,44.16350742,-0.032495591
,1826.47,1831.7,1795.89,1813.72,1245689984.0,2016-08-03,1888.36,21.87360572,40.93877918,41.40132005,0.06675485
,1813.72,1814.04,1768.68,1768.6,1403490048.0,2016-08-04,1886.5106,15.67853024,46.33358047,43.00785069,0.040105018
,1768.6,1805.75,1759.24,1764.72,1495219968.0,2016-08-07,1881.797376,11.5029364,39.39929565,45.36704126,0.018201058
,1764.72,1766.14,1675.91,1675.91,854620032.0,2016-08-08,1874.443933,6.98908124,60.17875435,52.13147344,-0.067818903
,1675.91,1760.42,1675.92,1760.42,294799008.0,2016-08-09,1858.561219,4.788957729,41.23482056,57.54301918,0.020454545
,1760.74,1789.49,1741.03,1779.57,1933049984.0,2016-08-10,1843.949121,14.95094413,33.64355514,53.72771862,0.216600529
,1779.57,1789.05,1768.02,1774.87,1188630016.0,2016-08-11,1830.505992,13.59342818,30.58878735,50.67547816,0.065255732
,1774.87,1775.03,1730.95,1733.93,1096530048.0,2016-08-14,1818.138312,10.98106716,40.87191965,52.06945899,0.155178571
,1733.93,1735.51,1685.26,1694.81,1126070016.0,2016-08-15,1806.760047,8.620394234,51.63224292,55.93273438,0.005654762
,1694.81,1718.0,1681.67,1717.45,983681984.0,2016-08-16,1796.292043,7.218061168,44.84041314,59.2000694,0.076823177
,1717.45,1742.16,1716.47,1735.06,948409984.0,2016-08-17,1786.66148,18.13340254,39.20331543,54.70959126,0.046063312
,1734.93,1744.84,1719.78,1722.43,618347008.0,2016-08-21,1777.801362,17.14463748,33.9926004,50.35698585,-0.012242063
,1722.43,1725.97,1683.12,1683.12,788593984.0,2016-08-22,1769.650053,13.35159676,45.39998485,51.19538454,0.260204082
,1683.12,1704.71,1674.85,1681.86,810753024.0,2016-08-23,1762.150848,11.19431983,42.53945934,52.6231362,0.0546875
,1681.86,1731.07,1682.14,1730.62,949550976.0,2016-08-24,1753.420764,21.77576093,31.91620622,45.87577615,0.055084325
,1730.62,1758.9,1730.48,1748.23,1310380032.0,2016-08-28,1674.85,33.40687403,27.04122786,38.80677346,0.040816327
,1748.23,1767.6,1747.71,1766.54,1410509952.0,2016-08-29,1676.531,34.6249355,23.85380413,34.72919563,0.136176702
,1766.54,1790.29,1766.07,1788.08,1400060032.0,2016-08-30,1680.17376,43.60902416,20.22508667,35.10982731,0.033730159
,1788.08,1799.39,1781.43,1797.45,1154460032.0,2016-08-31,1686.780734,44.48139428,17.72566138,36.69001561,0.026785714
,1797.45,1806.13,1797.49,1805.18,1293500032.0,2016-09-01,1695.789476,46.78563219,16.49424318,38.92579525,0.091349206
,1805.18,1821.71,1804.33,1819.83,1607699968.0,2016-09-04,1706.823528,53.13380357,14.05107803,42.77501722,0.231277056
,1819.83,1840.78,1819.5,1838.9,1791680000.0,2016-09-05,1720.609905,59.87564964,11.45436813,47.79670505,0.153279221
,1838.9,1854.69,1818.36,1834.8,1760120064.0,2016-09-06,1737.433718,53.7698477,8.214653145,52.93626261,0.098636364
,1834.8,1838.83,1818.64,1824.83,1533389952.0,2016-09-07,1756.194723,44.94006019,6.865688161,57.04790867,0.049675325
,1824.83,1829.27,1816.9,1823.05,1383559936.0,2016-09-08,1771.953967,39.91962575,7.670096219,59.19147589,0.057583774
,1823.05,1829.2,1815.61,1816.81,1093270016.0,2016-09-11,1785.191733,34.60994584,7.912462703,59.91008144,0.117757937
,1816.81,1819.95,1809.31,1818.69,1076189952.0,2016-09-12,1796.311455,30.6236379,13.82087641,55.48929593,0.179646164
,1818.69,1821.9,1813.27,1815.17,1331490048.0,2016-09-14,1805.652023,29.78419126,12.37570591,52.64975165,0.080927579
,1815.17,1818.7,1801.02,1804.48,2397339904.0,2016-09-18,1854.69,23.49333625,24.39626992,42.49689094,0.10765843
,1804.48,1807.62,1785.0,1786.5,1259800064.0,2016-09-20,1853.6166,17.56132979,36.11871732,40.91158549,0.088244048
,1786.5,1788.34,1765.09,1779.13,899432000.0,2016-09-21,1850.871936,13.25971528,48.24749224,44.10607393,0.084693878
,1786.5,1780.56,1766.25,1766.91,880014016.0,2016-09-22,1845.72502,11.15713141,40.59692082,46.66166469,0.02352557
,1766.91,1767.82,1725.05,1730.64,1046030016.0,2016-09-25,1840.886919,7.006405671,61.33069265,53.22824707,0.063452381
,1730.67,1758.22,1730.67,1757.1,1011699968.0,2016-09-26,1831.619965,5.390071826,47.18208651,58.48151298,0.15041625
,1757.1,1767.34,1750.3,1753.72,700600000.0,2016-09-27,1823.094368,12.66855,40.04711332,57.17246973,0.066815476
,1753.81,1756.59,1746.69,1749.1,710563008.0,2016-09-28,1815.250819,11.41493478,39.69261064,56.80392529,0.110714286
,1749.19,1758.16,1744.1,1753.38,768590976.0,2016-09-29,1808.034753,9.709302135,36.51419004,57.04109039,0.078174603
,1753.48,1764.86,1753.21,1763.78,853209984.0,2016-10-02,1801.395973,16.11566135,31.6205492,52.12894214,0.080598846
,1763.9,1784.05,1763.67,1780.4,761833984.0,2016-10-03,1795.288295,33.80396447,24.45401903,44.91299548,0.112824675
,1780.41,1800.5,1780.41,1798.5,1087990016.0,2016-10-04,1725.05,44.29470497,19.1135176,43.87295852,0.027732684
,1798.5,1806.7,1794.58,1806.6,918851008.0,2016-10-05,1726.559,45.26436404,16.41198893,44.45442427,0.083333333
,1806.6,1822.41,1806.39,1819.88,991689984.0,2016-10-06,1729.76464,55.2604126,13.30491858,47.80164673,0.012368197
,1806.6,1820.96,1801.41,1803.74,593185984.0,2016-10-16,1735.323362,42.87770393,16.03156511,47.35571967,0.05523088
,1803.74,1805.42,1784.19,1793.36,626633024.0,2016-10-17,1740.54856,32.87741689,31.2100685,38.40491083,0.068398268
,1793.36,1794.67,1782.57,1792.73,500712000.0,2016-10-18,1745.460246,28.1928882,28.67075776,30.89200426,0.168154762
,1792.73,1794.14,1784.79,1787.89,527768992.0,2016-10-19,1750.077232,24.78218407,25.20224218,24.881679,0.124225774
,1787.89,1795.24,1787.7,1794.47,686382976.0,2016-10-20,1754.417198,23.67424111,22.46293506,20.43043214,0.103892496
,1794.47,1798.33,1780.83,1782.39,954121984.0,2016-10-23,1758.496766,17.99857951,26.48917775,20.16139506,0.090800866
,1782.39,1783.83,1763.77,1768.89,917342976.0,2016-10-24,1762.33156,13.3966534,41.46085636,26.36078828,0.108241758
,1768.89,1769.17,1749.14,1751.0,702017024.0,2016-10-25,1822.41,10.15570837,49.10065188,34.2331921,0.033333333
,1751.0,1755.74,1736.71,1753.46,771998976.0,2016-10-26,1820.9446,7.889123642,52.72007544,42.18000169,0.100396825
,1753.46,1763.25,1752.62,1759.71,670206976.0,2016-10-27,1817.575216,16.35073424,45.61209468,43.18881236,0.061355906
,1759.71,1762.92,1753.22,1762.21,513843008.0,2016-11-03,1814.340607,14.17136687,39.53251994,43.9958609,0.045792433
,1762.21,1764.26,1748.93,1749.12,669728000.0,2016-11-07,1811.235383,11.21761425,37.1255218,45.91502835,-0.05
,1749.12,1749.51,1722.51,1724.49,729078976.0,2016-11-08,1808.254368,7.689224556,56.22638874,51.91991236,0.056800144
,1724.49,1724.64,1692.46,1696.86,670987008.0,2016-11-09,1803.109706,5.235728169,68.0817663,58.67946121,0.002777778
,1696.86,1711.91,1689.2,1697.17,702545984.0,2016-11-10,1794.257729,4.085695904,56.28061533,64.23630008,0.007579365
,1697.17,1708.18,1690.79,1700.0,718371968.0,2016-11-13,1783.751956,3.375925009,46.50349446,68.68177118,0.027083333
,1700.0,1708.84,1700.77,1706.28,770372992.0,2016-11-14,1774.296761,3.782535686,41.88046809,71.63198123,0.152455357
,1706.28,1714.6,1699.88,1701.91,802971008.0,2016-11-15,1765.787085,9.842789291,34.70023209,68.46667915,0.122044622
,1701.91,1709.61,1695.94,1698.9,1170429952.0,2016-11-16,1758.128376,8.209024723,33.72456783,66.9428435,0.071666667
,1698.9,1700.95,1657.37,1658.08,1448920064.0,2016-11-17,1751.235539,4.940866251,55.53319278,70.28618509,0.097090999
,1658.08,1658.51,1577.71,1599.62,1225080064.0,2016-11-20,1739.971674,2.569796231,76.19527646,74.92390453,0.012337662
,1599.62,1618.95,1572.17,1606.29,893379008.0,2016-11-21,1717.25504,1.907372743,59.60692638,78.69884436,0.067640693
,1606.29,1606.19,1574.81,1582.47,813587008.0,2016-11-22,1694.041433,1.567491788,48.98537425,81.71879622,0.153061224
,1582.47,1583.0,1539.04,1540.01,1037779968.0,2016-11-23,1674.542004,1.195604215,56.66849374,84.54854576,0.132931548
,1540.01,1572.72,1516.74,1534.03,913265984.0,2016-11-24,1650.151643,0.867856574,52.05415488,86.9828853,0.030870611
,1534.03,1536.53,1468.99,1469.48,891988992.0,2016-11-27,1623.469315,0.614012295,57.50764581,89.16373785,0.050324675
,1469.48,1512.19,1404.2,1510.16,1088150016.0,2016-11-28,1592.573452,0.387489518,58.42576414,91.06745137,-0.016269841
,1510.16,1554.59,1468.28,1553.68,1173600000.0,2016-11-29,1554.898761,13.51312285,42.69103998,83.23679242,0.115020743
,1553.68,1608.37,1553.42,1608.33,1348320000.0,2016-11-30,1404.2,28.40197526,35.15621117,68.71480481,0.148809524
,1608.33,1624.79,1586.47,1600.49,1186850048.0,2016-12-01,1408.2834,30.32840535,30.46854957,55.01794623,0.054058442
,1600.49,1600.63,1569.47,1570.95,702654016.0,2016-12-04,1416.943664,26.70858491,33.34362048,46.22411282,0.119982993
,1570.95,1573.97,1541.21,1544.6,639254976.0,2016-12-05,1425.257517,23.08726856,40.51885948,42.4603945,0.146978022
,1544.6,1559.54,1536.78,1554.51,711153984.0,2016-12-06,1433.238817,20.65516215,38.30085232,39.95436819,-0.034375
,1554.51,1557.42,1548.01,1553.9,488444000.0,2016-12-07,1440.900864,19.58870568,36.32332283,37.94954714,-0.015714286
,1553.9,1554.24,1541.52,1544.68,584075008.0,2016-12-08,1448.25643,18.0168892,37.50275976,37.37908792,0.05834261
,1544.68,1546.21,1522.64,1522.8,388068000.0,2016-12-11,1455.317772,15.19314001,44.17922166,39.66743697,-0.00979798
,1522.8,1523.98,1495.91,1509.43,519555008.0,2016-12-12,1462.096661,12.3189641,53.83608346,44.28540888,0.126386634
,1509.43,1518.07,1502.1,1516.08,466484992.0,2016-12-14,1468.604395,10.85815235,47.45207402,47.97978641,0.068831169
,1516.08,1531.32,1514.17,1530.06,479159008.0,2016-12-15,1474.851819,19.97647654,40.93588766,45.26565399,0.106142526
,1530.06,1531.43,1518.74,1531.35,566508992.0,2016-12-18,1480.849346,17.82285228,36.32248501,43.04584759,0.081684982
,1531.35,1532.0,1512.79,1514.88,537187008.0,2016-12-19,1486.606973,14.69014993,35.38229148,42.7015603,0.063736264
,1514.88,1515.08,1494.76,1495.99,668400000.0,2016-12-20,1492.134294,11.91988998,45.4426308,45.84927741,0.080073696
,1495.99,1496.23,1469.55,1470.63,475655008.0,2016-12-21,1624.79,9.102598323,57.03514233,51.17418499,0.11540404
,1470.63,1480.19,1466.75,1475.41,444880992.0,2016-12-22,1621.6852,7.923381691,52.34529733,55.68064193,0.106463827
,1475.41,1476.5,1432.57,1432.57,458576992.0,2016-12-26,1615.487792,5.181058398,61.15723941,61.42049103,0.064115646
,1432.57,1433.6,1394.18,1407.53,546097024.0,2016-12-27,1604.512724,3.73217003,71.28896127,67.14646281,0.097775373
,1407.53,1422.89,1402.81,1413.15,433379008.0,2016-12-28,1587.686107,3.168056564,60.51371183,71.72724023,0.060560492
,1413.15,1454.64,1412.9,1443.38,560499008.0,2016-12-29,1572.205618,23.72460222,43.44943385,63.25454683,0.11664412
,1443.38,1476.82,1443.8,1465.72,561280000.0,2017-01-01,1557.963569,33.10621784,33.88145832,50.83509511,0.075732601
,1465.72,1484.89,1465.72,1482.85,494264992.0,2017-01-02,1544.860883,34.33158917,29.26370158,42.26186944,0.184219114
,1482.85,1484.26,1456.69,1456.82,385836992.0,2017-01-03,1532.806412,27.57522954,29.95038414,34.63526844,0.053835979
,1456.82,1462.83,1442.51,1457.82,320670016.0,2017-01-04,1521.716299,23.34297312,36.06398004,31.99088075,0.010504202
,1457.82,1465.72,1451.36,1454.14,326768000.0,2017-01-05,1511.513395,22.95881368,31.75822074,28.80903646,0.075321669
,1454.14,1453.89,1445.66,1447.45,385014016.0,2017-01-08,1502.126724,21.099315,34.63012515,27.90312225,0.041232379
,1447.45,1461.23,1447.5,1458.97,261236992.0,2017-01-09,1493.490986,25.64359467,29.73776776,23.80103604,0.046800402
,1458.97,1477.81,1460.6,1476.9,356823008.0,2017-01-10,1485.546107,37.77165594,23.95428955,23.5178332,0.143605442
,1476.9,1484.57,1473.71,1476.51,290327008.0,2017-01-11,1394.18,40.77987254,21.01008793,25.21329464,0.036054422
,1476.51,1481.77,1476.26,1479.86,257332992.0,2017-01-12,1395.9878,37.8309505,19.49078177,26.56966379,0.111459736
,1479.86,1484.43,1476.25,1477.72,267938000.0,2017-01-15,1397.759444,37.20238512,17.18471686,28.6169132,0.069805195
,1477.72,1480.07,1465.53,1466.09,260408992.0,2017-01-16,1399.495655,29.45828663,28.95476938,23.06592943,0.060714286
,1466.09,1467.38,1454.99,1463.04,333654016.0,2017-01-17,1401.197142,24.11202023,39.13864432,23.20419531,0.060019841
,1463.04,1463.66,1456.95,1462.23,291684992.0,2017-01-18,1402.864599,21.47378812,34.85626452,23.31480802,0.164087302
,1462.23,1468.86,1461.42,1462.56,297208992.0,2017-01-19,1404.498707,27.84955823,30.26639328,19.48357505,-0.077314815
,1462.56,1468.72,1462.41,1465.84,231915008.0,2017-01-22,1406.100133,24.43800711,26.55878159,16.41858867,0.072408964
,1465.84,1467.01,1457.85,1457.88,298895008.0,2017-01-23,1407.66953,19.99370997,30.78209526,17.38429061,0.051710128
,1457.88,1460.37,1432.99,1432.99,317612992.0,2017-01-24,1409.20754,11.90460718,55.0627453,26.79673945,0.084497354
,1432.99,1433.63,1395.91,1396.61,398868000.0,2017-01-25,1484.57,7.016267627,72.81843006,37.92199395,0.102207341
,1396.61,1396.61,1357.31,1375.14,490808000.0,2017-01-26,1482.7968,4.571506187,81.66899285,48.21724278,0.008606513
,1375.14,1375.93,1307.62,1309.7,512318016.0,2017-01-30,1477.777328,2.601788257,77.82259502,57.27976465,0.008008658
,1309.7,1335.23,1292.98,1326.6,469633984.0,2017-01-31,1467.567888,1.951657433,67.03491557,64.6921959,0.004464286
,1326.6,1390.56,1326.6,1389.83,564668032.0,2017-02-01,1453.600857,29.09760413,45.51383768,56.1542168,0.027404295
,1389.83,1416.93,1377.19,1382.45,516676000.0,2017-02-02,1440.751189,36.53360585,36.43029835,44.95169087,0.06317791
,1382.45,1384.0,1353.76,1364.5,255400992.0,2017-02-05,1428.929494,30.70477445,42.97968513,39.2931029,-0.00707672
,1364.5,1364.86,1346.19,1348.84,222291008.0,2017-02-06,1418.053534,27.33859206,42.71291509,35.82391623,-0.029258242
,1348.84,1350.96,1338.06,1344.6,297356992.0,2017-02-07,1408.047651,24.97390541,44.46968411,34.27398637,0.023926768
,1344.6,1346.26,1321.23,1322.98,324199008.0,2017-02-08,1398.842239,20.64322485,48.41812497,35.46273304,0.103291317
,1322.98,1323.32,1296.2,1296.23,411400992.0,2017-02-09,1390.37326,16.71706068,56.76284664,39.26997861,0.031236124
,1296.23,1297.3,1252.42,1252.5,451153984.0,2017-02-12,1382.581799,11.99708451,68.27861298,45.43804193,0.08492785
,1252.5,1278.98,1218.86,1278.98,462281984.0,2017-02-13,1369.565619,8.14589535,64.27981086,51.85153624,0.053418803
,1278.98,1284.04,1260.84,1274.97,390963008.0,2017-02-14,1351.480945,9.978068308,55.66096885,55.40065942,0.066617063
,1274.97,1316.81,1275.06,1316.8,520287008.0,2017-02-15,1335.566432,25.84122911,42.74165684,49.24899547,0.130952381
,1316.8,1345.33,1314.08,1343.85,621523968.0,2017-02-16,1218.86,37.49329022,35.12919423,40.05026085,0.0829107
,1343.85,1369.41,1326.71,1369.35,628798016.0,2017-02-19,1221.3894,41.90170265,26.93539911,36.3885334,0.168871753
,1369.35,1394.06,1361.05,1365.11,798889024.0,2017-02-20,1227.310224,47.92979397,21.98099039,36.5342318,0.062959184
,1365.11,1385.9,1346.59,1357.57,577590016.0,2017-02-21,1237.315211,37.62736266,25.16298786,33.19754158,0.049355159
,1357.57,1358.91,1338.45,1344.11,319015008.0,2017-02-22,1246.719898,33.01094847,26.95692215,28.57712324,0.153968254
,1344.11,1344.07,1335.68,1337.46,269056000.0,2017-02-23,1255.560304,31.04902989,27.30768691,24.14393076,0.107270408
,1337.46,1338.49,1313.01,1313.01,245987008.0,2017-02-26,1263.870286,25.35554909,38.61506489,23.46064673,0.13625
,1313.01,1313.01,1294.19,1299.29,528111008.0,2017-02-28,1271.681669,21.68436081,47.50288876,26.23189485,0.09672619
,1299.29,1316.96,1299.1,1316.8,314716000.0,2017-03-01,1279.024369,21.74769731,40.54000308,27.0195501,0.034857504
,1316.8,1329.41,1316.8,1329.41,400524992.0,2017-03-02,1285.926506,30.56582707,35.89631769,23.21970827,0.050375508
,1329.41,1358.27,1328.0,1354.34,558435968.0,2017-03-05,1292.414516,47.13485625,26.71442537,24.10606574,0.106168831
,1354.34,1371.53,1353.47,1358.41,732656000.0,2017-03-06,1298.513245,51.34613448,22.43468346,27.1219712,0.094634532
,1358.41,1358.48,1339.27,1341.56,402360992.0,2017-03-07,1304.24605,42.32967032,31.47555896,24.63886214,0.103541093
,1341.56,1353.45,1341.48,1347.53,452680992.0,2017-03-09,1309.634887,37.23664485,27.68847954,22.65237489,0.080817486
,1347.53,1359.49,1347.56,1355.23,335582016.0,2017-03-13,1314.700394,38.96959319,24.07124581,22.84847006,0.157435065
,1355.23,1360.37,1346.7,1347.09,309343008.0,2017-03-14,1319.46197,33.85259472,20.28506598,23.29100914,0.033383283
,1347.09,1358.24,1340.3,1356.13,287448992.0,2017-03-15,1323.937852,26.90925671,23.4415105,20.01024261,0.075601251
,1356.13,1359.65,1354.75,1357.34,417496000.0,2017-03-16,1328.145181,27.03139062,21.90741916,18.102226,0.09772126
,1357.34,1382.3,1357.08,1382.19,640144000.0,2017-03-19,1332.10007,45.63200972,15.41645554,24.38065509,0.026574183
,1382.19,1424.78,1381.87,1424.38,1205650048.0,2017-03-20,1335.817666,66.26102965,9.457099264,34.50857428,0.049928571
,1424.38,1463.09,1412.97,1462.23,1313200000.0,2017-03-21,1342.934653,69.93207515,6.04524093,44.42420374,0.02297619
,1462.23,1513.19,1462.23,1481.08,1306419968.0,2017-03-22,1354.950187,78.85414114,4.144768146,53.54185811,0.088968254
,1481.08,1495.58,1469.57,1486.04,961484032.0,2017-03-23,1373.938965,65.68050992,3.452329597,60.83598162,0.101993146
,1486.04,1546.48,1486.04,1533.83,1511490048.0,2017-03-26,1390.649089,71.73629799,2.324393029,67.41338624,0.108690648
,1533.83,1610.67,1533.83,1610.62,1339960064.0,2017-03-28,1412.465417,75.76943237,1.52999838,73.13898343,0.040514842
,1610.62,1644.77,1587.21,1588.29,2043980032.0,2017-03-29,1444.17815,71.76276923,1.159076606,77.8753956,0.056068931
,1588.29,1600.57,1569.43,1587.64,1447270016.0,2017-03-30,1480.284683,61.6547565,9.038107187,77.18630258,0.128565416
,1587.64,1667.11,1587.64,1667.11,903900032.0,2017-04-02,1509.89204,68.49852035,6.236077588,78.41132285,0.088029101
,1667.11,1746.82,1648.21,1660.52,2442589952.0,2017-04-03,1541.335632,72.50394969,4.211105278,80.5333457,0.030494228
,1660.52,1675.95,1635.22,1657.02,1566310016.0,2017-04-04,1582.432506,62.09375263,8.185695588,79.76773526,-0.007996032
,1657.02,1666.91,1642.91,1651.04,1351320064.0,2017-04-06,1615.310005,56.15503308,7.402806032,79.15524692,0.067354559
,1651.04,1665.55,1644.31,1651.6,1194230016.0,2017-04-09,1635.22,50.78212888,6.694506786,78.66525624,-0.021022727
,1651.6,1677.18,1651.28,1676.22,1542029952.0,2017-04-10,1746.82,50.03390818,5.842446338,78.74979446,0.108460657
,1676.22,1710.74,1676.25,1709.82,1860470016.0,2017-04-11,1744.9092,58.28892771,4.820311948,79.94461768,0.143452381
,1709.82,1737.91,1702.7,1703.07,1986259968.0,2017-04-12,1743.036616,61.73160461,3.941195347,81.55519022,0.185846561
,1703.07,1709.08,1679.68,1697.13,1391820032.0,2017-04-13,1741.201484,51.85985841,15.8320985,75.88877276,0.057717283
,1697.13,1704.02,1651.1,1651.61,1163069952.0,2017-04-16,1739.403054,38.13767669,25.93297175,64.52078298,0.07561756
,1651.61,1651.74,1603.59,1612.04,1458509952.0,2017-04-18,1735.870932,29.31550214,42.75900973,55.34707345,0.092207792
,1612.04,1662.02,1609.8,1662.02,1037200000.0,2017-04-19,1727.934076,27.01662276,32.55108478,46.1358676,0.056834215
,1662.02,1684.33,1653.62,1658.34,1299580032.0,2017-04-20,1720.473431,33.82901509,27.69140376,38.90400277,0.065412153
,1658.34,1724.54,1659.46,1693.72,1515859968.0,2017-04-23,1603.59,41.54919953,19.7473874,38.23675069,0.174943311
,1693.72,1696.85,1673.08,1675.78,941086976.0,2017-04-24,1606.009,36.80964047,17.49478302,37.70294903,0.064610891
,1675.78,1682.91,1668.71,1672.38,1036600000.0,2017-04-25,1608.37962,33.92026679,18.53718636,36.02733341,0.104195011
,1672.38,1677.9,1666.09,1670.3,856094976.0,2017-04-26,1610.702828,31.36106514,18.81237405,33.82399188,0.121083694
,1670.3,1679.31,1656.68,1670.62,1063420032.0,2017-04-27,1612.979571,26.56111974,22.2973584,28.80454518,0.163915344
,1670.62,1670.69,1648.11,1650.78,747966016.0,2017-04-30,1615.21078,22.30349144,24.80703842,24.1064758,-0.021848984
,1650.78,1667.97,1642.37,1658.33,874723968.0,2017-05-02,1617.397364,18.17476423,24.36550714,22.19571351,0.008571429
,1658.33,1679.82,1658.88,1662.38,864366976.0,2017-05-03,1619.540217,24.18750512,20.40243634,19.45429395,0.138324176
,1662.38,1668.3,1652.21,1653.18,752230976.0,2017-05-04,1621.640212,20.99199798,23.18368404,16.55569424,0.140061996
,1653.18,1655.72,1625.76,1628.98,668144000.0,2017-05-07,1623.698208,16.05507079,38.49415576,21.47165094,0.086160714
,1628.98,1647.21,1627.02,1637.3,560332032.0,2017-05-08,1625.715044,13.40032572,32.12905331,25.40441631,0.030737434
,1637.3,1651.09,1637.21,1650.81,597118976.0,2017-05-09,1625.76,15.21100503,28.13172256,26.28564861,0.044168962
,1650.81,1659.05,1650.72,1658.58,840556032.0,2017-05-11,1627.02,22.06992729,25.73022936,22.56002101,0.160880647
,1658.58,1675.57,1658.16,1659.23,596112000.0,2017-05-15,1628.9704,35.3485643,21.03822936,23.12379219,0.17547619
,1659.23,1660.52,1647.63,1649.24,447912000.0,2017-05-16,1630.881792,30.24441174,29.7962141,18.64833187,0.064409722
,1649.24,1655.09,1644.25,1644.26,574614976.0,2017-05-17,1632.754956,26.25865552,29.97868314,16.24163977,-0.041937229
,1644.26,1646.04,1635.65,1643.87,757734976.0,2017-05-18,1634.590657,22.67797097,37.17767481,17.83820277,0.136771413
,1643.87,1648.35,1625.49,1627.24,641156992.0,2017-05-21,1724.54,16.49272799,39.1596306,22.41645331,0.042460317
,1627.24,1629.38,1612.07,1616.4,513321984.0,2017-05-22,1722.559,13.10864362,47.0321855,29.21453086,0.021455026
,1616.4,1636.14,1611.61,1626.51,754849024.0,2017-05-23,1718.13944,16.96047589,34.49467656,30.18695797,0.142294372
,1626.51,1632.11,1615.18,1629.58,629254976.0,2017-05-24,1711.747674,13.78925603,28.04496345,30.96489967,0.100695303
,1629.58,1629.9,1611.22,1615.58,723315968.0,2017-05-28,1705.739413,10.96229546,26.6414894,33.11107708,0.044536272
,1615.58,1616.07,1592.4,1594.43,732868992.0,2017-05-30,1698.17786,8.275173298,39.60081476,39.57502144,0.142992424
,1594.43,1612.8,1582.72,1608.11,649315968.0,2017-05-31,1687.600074,5.9560116,37.52133014,46.18037064,0.018282313
,1608.11,1614.85,1604.2,1604.31,562675968.0,2017-06-01,1675.014465,7.422821318,33.38099922,49.6677021,0.173735119
,1604.31,1606.13,1590.67,1593.81,527332000.0,2017-06-04,1663.939129,6.184504829,42.41213074,54.64368185,0.125714286
,1593.81,1610.3,1593.9,1602.65,546643008.0,2017-06-05,1654.192834,9.66047155,34.69507468,55.00309555,0.021765272
,1602.65,1637.39,1602.65,1637.37,896185024.0,2017-06-06,1645.616094,31.79171279,23.45592772,47.02008407,0.074553571
,1637.37,1651.29,1622.27,1623.13,752364032.0,2017-06-07,1582.72,35.86270254,17.5272595,44.4845655,0.102204586
,1623.13,1623.5,1610.02,1615.19,474460992.0,2017-06-08,1584.0914,31.2730734,26.91418813,37.08587905,0.110130148
,1615.19,1618.98,1589.71,1590.49,646574976.0,2017-06-11,1585.435372,23.21066207,37.86434275,34.46728843,0.056084656
,1590.49,1593.39,1577.75,1580.52,482025984.0,2017-06-12,1651.29,19.80103877,43.53556203,35.06855668,0.023593074
,1580.52,1592.02,1576.46,1585.15,468572000.0,2017-06-13,1649.8192,16.74245208,38.0913975,35.84162143,0.05642316
,1585.15,1586.92,1581.41,1584.49,530158016.0,2017-06-14,1646.884832,15.67097969,35.65364939,36.46007322,0.084391534
,1584.49,1605.01,1578.66,1589.59,612854976.0,2017-06-15,1644.067839,30.33128647,25.78811601,30.78716722,0.081350709
,1589.59,1591.9,1574.73,1575.98,533216000.0,2017-06-18,1641.363525,24.75254612,25.25484626,24.83062413,0.055194805
,1575.98,1576.82,1554.09,1555.16,614467968.0,2017-06-19,1637.365514,18.97680656,40.55029148,27.11278979,0.071577381
,1555.16,1560.35,1542.06,1551.07,552184000.0,2017-06-20,1630.703473,15.36957606,45.34490518,31.56442609,0.064285714
,1551.07,1559.07,1548.04,1554.69,425968000.0,2017-06-21,1621.839125,13.44326141,39.66169343,35.12573514,0.156118584
,1554.69,1565.56,1554.43,1559.49,494652000.0,2017-06-22,1613.861213,19.5679909,34.24760646,33.55611263,0.073171769
,1559.49,1569.94,1559.3,1567.72,582424000.0,2017-06-25,1606.681092,22.5969081,29.44457205,29.47650778,0.072847523
,1567.72,1571.72,1563.04,1565.09,578462976.0,2017-06-27,1600.218982,22.3354103,25.7605018,25.00548174,0.06792328
,1565.09,1566.35,1559.61,1563.81,450164992.0,2017-06-28,1594.403084,19.91666837,28.48184304,23.54382262,0.057447552
,1563.81,1563.93,1539.75,1541.82,520582016.0,2017-07-02,1589.168776,13.4062457,46.01982582,29.8112439,0.05577877
,1541.82,1551.98,1541.06,1544.29,402097984.0,2017-07-03,1583.238523,11.31776884,38.85067919,34.82518092,0.168222403
,1544.29,1546.13,1540.62,1541.28,354695008.0,2017-07-04,1578.0199,10.30521415,36.0892956,38.97528814,0.021541716
,1541.28,1551.07,1537.99,1551.06,455596992.0,2017-07-05,1573.427512,16.06635149,28.51837624,36.76601084,0.032857143
,1551.06,1582.52,1550.77,1582.11,712723008.0,2017-07-06,1537.99,48.34479532,17.4261665,38.81471734,0.071269841
,1582.11,1605.39,1561.79,1584.15,1042430016.0,2017-07-09,1537.99,49.98997605,10.44956166,44.13606137,-0.004893321
,1584.15,1584.34,1572.0,1575.22,642406976.0,2017-07-10,1540.686,43.78792528,9.153127516,48.3931366,0.113333333
,1575.22,1586.35,1571.75,1585.01,544070976.0,2017-07-11,1543.27416,39.13356816,7.734047367,52.11374901,-0.045695046
,1585.01,1590.61,1582.06,1587.56,561254016.0,2017-07-12,1545.758794,40.22323091,6.945766699,55.80088744,0.122122196
,1587.56,1589.16,1578.94,1582.67,716166976.0,2017-07-13,1548.144042,34.90723867,10.0624971,55.69024856,0.059701608
,1582.67,1584.38,1580.08,1583.57,430724000.0,2017-07-16,1550.43388,32.63859439,9.408528826,55.60173745,-0.025
,1583.57,1604.31,1582.48,1604.15,599289984.0,2017-07-17,1552.632125,49.76657345,6.661253593,59.75942639,0.13532197
,1604.15,1638.41,1603.76,1638.41,1102710016.0,2017-07-18,1554.74244,67.61131312,4.217722143,65.458785,0.168367347
,1638.41,1652.73,1634.97,1637.27,1107469952.0,2017-07-19,1559.762494,70.08887563,3.415094031,70.5085738,0.092921276
,1637.27,1640.34,1633.6,1635.75,907945984.0,2017-07-20,1567.199894,64.28555277,4.815342253,73.61943219,-0.015367965
,1635.75,1640.3,1633.82,1635.56,1021249984.0,2017-07-23,1574.042303,58.46762636,4.379547495,76.1081189,0.061287478
,1635.56,1636.01,1625.09,1629.08,1008200000.0,2017-07-24,1580.337318,49.10607707,16.47872556,70.8361634,0.144136805
,1629.08,1645.57,1627.76,1636.19,808281984.0,2017-07-25,1586.128733,50.23112777,12.42341195,68.73755846,0.047519841
,1636.19,1649.53,1636.19,1645.03,1109970048.0,2017-07-26,1591.456834,46.38362195,10.09696306,67.83929714,0.132077922
,1645.03,1653.2,1637.67,1646.53,1120790016.0,2017-07-27,1596.358688,41.51129506,7.934699022,67.85255653,-0.041031746
,1646.53,1649.93,1635.42,1643.28,932892992.0,2017-07-30,1602.042819,33.20622295,9.449581781,65.42080644,0.008928571
,1643.28,1657.01,1643.28,1652.69,978681024.0,2017-07-31,1607.158537,36.71949629,7.641328933,65.44648574,0.114285714
,1652.69,1661.73,1652.36,1660.25,1013820032.0,2017-08-01,1613.140712,38.6355933,6.569006635,66.54449994,0.120634921
,1660.25,1668.55,1659.19,1662.74,1019910016.0,2017-08-02,1619.943213,43.73897252,5.58956085,68.70308259,0.031227106
,1662.74,1669.0,1658.88,1660.58,1081469952.0,2017-08-03,1627.720299,37.14911537,4.652115667,70.51081185,0.060683021
,1660.58,1670.01,1659.99,1665.05,962364992.0,2017-08-06,1635.150645,32.49615255,3.852459186,72.16919272,0.001818783
,1665.05,1671.46,1663.26,1667.94,868548992.0,2017-08-07,1642.122516,30.28095841,3.276356102,73.82996884,0.121724109
,1667.94,1675.31,1661.25,1661.72,824171008.0,2017-08-09,1647.990013,29.57748665,2.481126494,75.9682373,0.044903274
,1661.72,1664.11,1650.2,1653.53,869953984.0,2017-08-10,1675.31,22.74910749,20.24799318,61.93797726,0.145165812
,1653.53,1661.18,1640.84,1642.13,743803008.0,2017-08-13,1675.31,15.99820921,27.89526741,54.9712594,0.070363409
,1642.13,1644.74,1628.04,1629.16,701028992.0,2017-08-15,1673.9312,12.26329973,39.27667953,54.45950293,0.12258658
,1629.16,1644.52,1625.01,1632.66,631038976.0,2017-08-16,1671.177728,9.145399572,33.23929747,54.93675186,0.146304313
,1632.66,1633.9,1624.05,1629.75,629568000.0,2017-08-17,1667.48431,7.880897577,29.99098914,55.62565714,0.058046737
,1629.75,1633.72,1617.06,1617.97,705353984.0,2017-08-20,1663.140879,6.098233024,32.69766003,58.21302202,0.130852273
,1617.97,1619.32,1609.41,1611.57,474737984.0,2017-08-21,1657.611173,5.220236503,39.10415392,61.8594795,0.125040885
,1611.57,1622.68,1607.18,1614.05,662060032.0,2017-08-22,1650.863009,8.835154558,30.51469403,60.50645165,0.062685122
,1614.05,1617.58,1609.89,1611.27,574001024.0,2017-08-23,1643.873728,7.775904416,26.85627541,59.42402938,0.006309524
,1611.27,1618.03,1608.96,1617.81,555446976.0,2017-08-24,1638.002731,6.607912989,24.36244304,59.00472298,0.268706546
,1617.81,1627.98,1617.86,1622.32,718817984.0,2017-08-27,1633.071094,22.47398399,20.12544783,48.30639223,0.123029101
,1622.32,1627.35,1611.91,1612.91,870353984.0,2017-08-28,1628.928519,16.89715738,24.69401742,42.39439958,0.064666005
,1612.91,1614.75,1595.92,1598.36,848014976.0,2017-08-30,1627.98,12.25954487,41.22307174,44.74652559,0.151785714
,1598.36,1599.03,1577.68,1580.03,789476992.0,2017-08-31,1627.35,8.826230064,53.60423917,50.142142,0.063129398
,1580.03,1580.86,1553.87,1554.56,809582016.0,2017-09-04,1617.416,6.118526389,64.22297712,56.63438712,0.045842152
,1554.56,1580.4,1554.56,1566.5,702812032.0,2017-09-06,1604.7068,4.475437594,46.97633186,61.82818322,0.147207792
,1566.5,1571.01,1553.99,1554.55,653435008.0,2017-09-07,1594.53944,3.665083043,39.07685718,66.03258245,0.111311886
,1554.55,1556.77,1519.12,1519.66,877347968.0,2017-09-10,1586.405552,2.442291352,56.93933535,71.18091645,0.074134199
,1519.66,1530.23,1510.23,1523.26,727353984.0,2017-09-11,1572.948442,1.999361448,54.67429023,75.53359314,0.102891156
,1523.26,1523.26,1499.55,1502.2,540275008.0,2017-09-12,1560.404753,1.575850905,52.6344346,79.26410557,0.165056022
,1502.2,1509.24,1483.96,1493.2,591177984.0,2017-09-13,1548.233803,1.228914352,54.62353545,82.53116954,0.085978836
,1493.2,1530.31,1489.4,1530.31,591177984.0,2017-09-14,1535.379042,16.71966146,37.79271068,73.75640957,0.069912561
,1530.31,1549.11,1528.94,1547.94,576883008.0,2017-09-17,1483.96,28.92633539,31.76140045,59.93944001,0.106684982
,1547.94,1556.34,1541.31,1543.7,450840992.0,2017-09-18,1485.263,31.40815257,27.65105415,49.22386792,0.04947288
,1543.7,1546.89,1530.23,1539.81,414631008.0,2017-09-20,1488.10608,26.63264909,33.55890902,41.68050009,0.061297413
,1539.81,1540.38,1534.61,1536.92,271105984.0,2017-09-24,1490.835437,24.98783708,31.4863365,35.64580584,0.135267857
,1536.92,1545.65,1536.85,1545.44,255570000.0,2017-09-25,1493.455619,28.66392277,28.16967868,28.69057138,0.079081633
,1545.44,1553.44,1545.34,1549.46,303448000.0,2017-09-26,1495.970995,35.96135737,25.12465296,26.50047223,0.141411736
,1549.46,1556.35,1546.1,1556.35,129759000.0,2017-10-03,1498.385755,34.85583798,21.45599955,25.95953288,0.089017857
,1556.35,1558.61,1539.89,1542.65,272360992.0,2017-10-04,1501.863609,26.14157963,24.38536936,21.46278416,0.136369048
,1542.65,1542.53,1492.2,1510.01,389966016.0,2017-10-08,1558.61,14.19033868,56.45329617,29.1353414,0.083673469
,1510.01,1513.06,1493.83,1501.89,308187008.0,2017-10-09,1558.61,11.65219095,46.35580599,35.2733872,0.078174603
,1501.89,1507.82,1493.97,1502.63,297796000.0,2017-10-10,1557.2818,10.03608776,39.92647727,40.18382384,0.059632035
,1502.63,1513.38,1499.38,1505.99,274908000.0,2017-10-11,1555.980164,14.46154622,33.97284873,40.20385529,0.073351648
,1505.99,1512.3,1505.52,1510.02,386200992.0,2017-10-12,1554.704561,13.26421586,31.16009811,40.21988046,0.099503109
,1510.02,1518.47,1507.95,1518.28,498376000.0,2017-10-15,1553.45447,19.54395158,26.84869609,35.32500013,0.06031746
,1518.28,1564.99,1518.28,1564.9,545788032.0,2017-10-16,1492.2,54.31479835,15.18648177,39.51973993,0.089162028
,1564.9,1573.91,1552.12,1559.18,554140032.0,2017-10-17,1493.6558,51.61099868,12.11730876,44.01018668,0.047276335
,1559.18,1568.52,1548.32,1568.35,350052000.0,2017-10-18,1496.865968,41.81770929,13.38761716,45.5079135,0.143518519
,1568.35,1586.89,1567.96,1571.92,346168992.0,2017-10-22,1499.947729,51.86048574,10.95300921,49.43139064,0.136273449
,1571.92,1575.67,1564.48,1568.3,377179008.0,2017-10-23,1505.164266,45.71727302,13.33945638,50.51010057,-0.050529101
,1568.3,1572.4,1562.56,1567.64,377179008.0,2017-10-24,1510.06781,40.45035739,14.05059447,50.09589765,0.13537415
,1567.64,1568.06,1552.91,1553.72,409729984.0,2017-10-25,1514.677141,33.10936957,23.06037965,43.65479709,0.12789881
,1553.72,1555.21,1539.41,1540.23,373524000.0,2017-10-29,1519.009913,26.77485033,34.99549513,37.58551772,0.073138528
,1540.23,1542.91,1534.2,1536.72,389572000.0,2017-10-30,1523.082718,23.65612305,37.88661609,34.69300295,0.104666667
,1536.72,1539.94,1528.12,1533.53,339512992.0,2017-10-31,1526.911155,19.75314632,40.12247163,34.55828214,0.057359307
,1533.53,1535.88,1523.52,1526.51,368937984.0,2017-11-01,1586.89,16.24894819,39.60701201,36.01030391,0.01299157
,1526.51,1527.08,1519.77,1522.81,360876000.0,2017-11-02,1585.6226,14.36500779,40.96267633,38.42283985,0.039200337
,1522.81,1524.43,1489.17,1496.46,581257024.0,2017-11-05,1582.988496,8.45466034,59.81538452,45.78461447,0.037082917
,1496.46,1503.43,1480.32,1493.42,486160000.0,2017-11-06,1577.359386,6.323220336,54.39007215,52.46173709,0.037536526
,1493.42,1503.32,1483.92,1484.45,377729984.0,2017-11-07,1569.596235,5.000417755,43.01179905,57.80343518,0.095903361
,1484.45,1484.54,1459.4,1466.62,446584992.0,2017-11-08,1562.454137,3.734810739,56.81133417,63.77533375,0.013377706
,1466.62,1475.83,1452.24,1460.73,444492992.0,2017-11-09,1552.148723,2.879866755,50.75443236,68.87248709,0.033688911
,1460.73,1477.19,1456.66,1477.14,323486016.0,2017-11-12,1540.159676,3.626441419,40.63529484,71.82071975,0.071753247
,1477.14,1492.02,1476.86,1490.88,514395008.0,2017-11-13,1529.609315,18.26717869,34.31946652,63.56165734,0.051537936
,1490.88,1521.87,1490.82,1516.02,681294016.0,2017-11-14,1452.24,40.43257466,24.55032239,55.7374589,0.030757576
,1516.02,1521.01,1503.97,1504.79,584502016.0,2017-11-15,1453.6326,33.82716714,20.53957399,49.47810015,0.080553657
,1504.79,1506.81,1488.52,1489.06,416516000.0,2017-11-16,1454.997348,27.74558894,32.03366139,41.01711586,0.08242452
,1489.06,1494.2,1475.04,1475.72,424575008.0,2017-11-19,1456.334801,22.45843487,39.33609512,38.27620215,-0.005055659
,1475.72,1476.53,1467.07,1469.16,354720000.0,2017-11-20,1457.645505,20.09510696,44.06238333,38.0923501,0.112446639
,1469.16,1481.3,1465.89,1472.24,290092000.0,2017-11-21,1458.929995,22.01127029,36.28706976,35.37137783,0.093158144
,1469.16,1482.05,1470.97,1480.26,295387008.0,2017-11-22,1460.188795,19.92478478,31.31981682,32.74441249,0.065562771
,1480.26,1494.1,1480.26,1493.29,426372000.0,2017-11-23,1461.422419,31.74811922,25.80454496,28.26096844,0.184040404
,1493.29,1516.73,1493.29,1514.34,588665984.0,2017-11-26,1462.631371,49.344402,18.79697779,31.57467016,0.031818182
,1514.34,1521.15,1508.22,1513.74,640464000.0,2017-11-27,1463.816143,46.95335255,15.83236609,35.17313272,0.089646465
,1513.74,1524.01,1510.23,1523.86,542232000.0,2017-11-28,1464.97722,42.40456765,13.08344324,38.70696013,0.058035714
,1523.86,1548.67,1523.86,1536.12,1009910016.0,2017-11-29,1467.338532,58.41705382,9.407440864,45.41745991,0.040376984
,1536.12,1540.84,1527.14,1537.67,714825984.0,2017-11-30,1472.21842,48.92814459,7.87935366,50.78585974,0.090329185
,1537.67,1544.93,1524.54,1526.77,525312992.0,2017-12-04,1476.805515,42.22861444,6.050837499,55.61550951,0.100046382
,1526.77,1528.63,1517.99,1524.87,490348992.0,2017-12-05,1481.117384,36.67680978,13.34865833,53.81891762,0.02903616
,1524.87,1537.51,1524.36,1536.54,608851968.0,2017-12-06,1485.170541,41.88512196,11.09516944,54.6783063,0.038638167
,1536.54,1556.84,1529.12,1530.49,807576000.0,2017-12-10,1488.980508,50.45887501,7.679214734,58.45921398,0.134262796
,1530.49,1533.01,1520.19,1527.75,379048000.0,2017-12-11,1494.409268,42.83491088,17.04356901,55.38193251,0.02012987
,1527.75,1530.84,1509.86,1510.21,556129984.0,2017-12-12,1499.403726,32.72138785,24.64467592,47.12139615,0.104171586
,1510.21,1520.81,1504.13,1520.74,430999008.0,2017-12-13,1503.998628,26.50274015,26.48963586,37.70206265,0.01328125
,1520.74,1524.39,1515.16,1520.15,404048000.0,2017-12-14,1504.13,27.92991088,23.41199256,31.92158421,0.035129837
,1520.15,1520.95,1505.84,1509.14,479945984.0,2017-12-17,1556.84,22.56512078,30.7627222,28.6116844,0.076870352
,1509.14,1516.9,1507.68,1508.25,518272992.0,2017-12-18,1555.82,19.68161755,26.83168148,25.96376454,0.114423077
,1508.25,1510.96,1493.0,1493.76,490559008.0,2017-12-19,1554.8204,15.01097111,39.86131356,29.82853224,0.157103175
,1493.76,1494.06,1482.52,1484.47,391591008.0,2017-12-20,1552.347584,12.60789151,48.01832763,35.54438424,0.059728868
,1484.47,1487.16,1470.64,1472.15,447976000.0,2017-12-21,1548.157929,9.800405197,53.33908222,42.22677457,0.100866498
,1472.15,1481.06,1466.46,1467.68,500308000.0,2017-12-24,1541.956495,7.865519114,48.46081512,48.19574168,0.074264706
,1467.68,1470.84,1445.25,1447.04,523652992.0,2017-12-26,1534.406845,5.49056261,58.85471549,55.14340576,0.081547619
,1447.04,1447.3,1421.29,1425.51,643049984.0,2017-12-27,1523.708024,3.96824106,68.07745853,61.91154464,0.090274628
,1425.51,1427.47,1409.31,1414.78,732625984.0,2017-12-28,1509.3695,3.195098898,67.66669413,67.72566921,0.106551365
,1414.78,1414.87,1382.33,1390.58,422227008.0,2017-12-31,1493.35998,2.224397855,72.29876751,72.98659904,0.08472583
,1390.58,1434.95,1390.59,1434.8,462478016.0,2018-01-01,1473.374584,16.90510214,47.63313527,67.91170636,0.04047619
,1434.8,1453.85,1429.85,1437.24,603081984.0,2018-01-02,1456.986559,28.4970137,38.70500845,57.36736735,-0.006377551
,1437.24,1439.24,1414.96,1416.61,435828992.0,2018-01-03,1453.85,23.0366867,43.03946516,51.94835616,0.106168831
,1416.61,1423.83,1414.74,1423.83,365937984.0,2018-01-04,1453.85,21.14098607,39.69688869,47.65880026,0.080351241
,1423.83,1435.23,1422.31,1431.8,316608992.0,2018-01-07,1440.9764,29.69918253,34.6333627,39.66100102,0.1192959
,1431.8,1448.78,1431.8,1443.8,444126016.0,2018-01-08,1382.33,38.37882281,28.63333,34.63737558,0.086105099
,1443.8,1457.9,1441.88,1456.07,459059008.0,2018-01-09,1383.659,41.5258398,23.77567515,33.14627193,0.053850316
,1456.07,1457.89,1439.87,1440.29,356148000.0,2018-01-10,1386.62864,33.5281185,21.34484035,30.95755744,0.122595749
,1440.29,1442.03,1426.45,1431.1,316456000.0,2018-01-14,1389.479494,27.75168389,32.50748021,26.34449345,0.427178742
,1431.1,1431.17,1408.88,1413.71,340700992.0,2018-01-16,1392.216315,21.21512818,43.41688438,27.94579895,0.075304383
,1413.71,1413.77,1399.39,1406.52,398921984.0,2018-01-17,1394.843662,17.82872448,47.02076111,31.35965171,0.01629329
,1406.52,1413.45,1402.31,1402.67,381268992.0,2018-01-21,1397.365916,15.44185411,40.72572516,34.09073392,-0.00794252
,1402.67,1407.28,1400.6,1402.09,336096000.0,2018-01-22,1399.39,14.03360615,39.34619795,36.75654543,0.076154401
,1402.09,1402.94,1392.09,1393.04,301217984.0,2018-01-23,1457.9,11.8411247,45.45278819,41.13830249,0.073625541
,1393.04,1397.1,1391.35,1394.73,218552000.0,2018-01-24,1456.5838,10.73057556,42.39689011,44.83152478,0.028641002
,1394.73,1404.53,1394.28,1404.53,271240000.0,2018-01-25,1453.974448,21.40583616,35.06822826,40.70368585,0.055341369
,1404.53,1411.68,1403.46,1405.95,341291008.0,2018-01-28,1451.46947,31.09083046,29.88905102,32.95710472,0.076790634
,1405.95,1407.86,1397.73,1402.23,261374000.0,2018-01-29,1449.064691,25.32843623,34.8331252,29.52540528,0.019293187
,1402.23,1405.99,1399.67,1404.49,291264000.0,2018-01-31,1446.756104,22.12979403,30.43416811,26.78004573,0.04142316
,1404.49,1415.18,1403.15,1411.52,396398016.0,2018-02-01,1444.539859,34.66733519,23.40225427,25.30389213,0.038999767
,1404.49,1418.21,1409.62,1410.51,440143008.0,2018-02-04,1442.412265,34.77098383,19.40117093,25.91754661,0.079163843
,1404.49,1413.14,1399.2,1400.05,287900992.0,2018-02-05,1440.369774,25.81716846,33.65367423,23.36944833,0.007539683
,1400.05,1401.58,1393.16,1394.03,222879008.0,2018-02-06,1438.408984,21.61473859,39.85225324,24.62964267,0.029672281
,1394.03,1395.25,1380.99,1382.02,255580000.0,2018-02-07,1436.526624,16.07527489,51.51086135,30.18976599,0.056666667
,1382.02,1391.12,1378.58,1391.03,256940000.0,2018-02-08,1433.194427,12.54203093,44.41320432,35.34346997,0.121189574
,1391.03,1394.37,1383.95,1384.71,194698000.0,2018-02-11,1428.825273,16.00800173,36.15843352,36.00021541,0.047429107
,1384.71,1385.87,1378.64,1380.29,218002000.0,2018-02-12,1424.805651,13.78570307,41.3345716,38.79608352,0.076427452
,1380.29,1389.04,1376.18,1388.94,277982016.0,2018-02-14,1421.107599,16.34815927,31.58545744,37.39453361,0.045295815
,1388.94,1426.56,1388.94,1424.95,628467008.0,2018-02-15,1376.18,54.96223054,16.95898844,40.48364635,0.076983635
,1424.95,1444.94,1413.07,1413.9,567721984.0,2018-02-18,1376.18,55.85374809,11.37903097,45.61698662,0.137679314
,1413.9,1424.38,1396.59,1396.72,310777984.0,2018-02-20,1378.9304,41.11032444,24.02898358,41.73814635,0.078191795
,1396.72,1397.66,1386.0,1387.08,244471008.0,2018-02-21,1381.570784,36.11105831,32.1515831,34.55058798,0.078545661
,1387.08,1395.4,1382.04,1386.98,330896992.0,2018-02-22,1444.94,30.7545409,31.77913515,27.96816398,0.064318382
,1386.98,1389.31,1374.08,1374.73,252644000.0,2018-02-25,1443.682,25.38820596,35.35374352,25.65580143,0.09512987
,1374.73,1379.78,1356.64,1358.95,446529984.0,2018-02-26,1440.89792,19.06891913,45.31338093,28.67733584,0.054126492
,1358.95,1377.62,1358.69,1364.81,437884992.0,2018-02-27,1435.842445,15.20009044,36.11990189,31.09456336,0.041326076
,1364.81,1364.96,1343.8,1345.99,491740992.0,2018-02-28,1431.090298,11.84283633,43.68443908,36.34446579,0.118074823
,1345.99,1345.79,1291.42,1304.43,440904000.0,2018-03-04,1424.107074,6.917502518,65.43654381,45.25132071,0.086762581
,1304.43,1319.54,1286.19,1287.74,371527008.0,2018-03-05,1410.838367,5.249636754,53.4403595,52.62318157,0.087577986
,1287.74,1306.1,1267.23,1296.44,430979008.0,2018-03-06,1395.880563,3.884966415,52.22834918,59.32917305,0.113928571
,1296.44,1315.13,1295.83,1315.13,422131008.0,2018-03-07,1377.869484,9.845349986,44.97235522,60.27927268,0.112403137
,1315.13,1315.51,1283.85,1284.09,303252992.0,2018-03-11,1362.379956,7.662496772,43.39091044,62.21990363,0.116858142
,1284.09,1289.52,1273.03,1277.01,297712992.0,2018-03-12,1349.058962,6.695945218,46.19433548,64.71189592,0.155910756
,1277.01,1281.9,1276.68,1281.9,226427008.0,2018-03-13,1337.602908,6.377618484,43.99824643,66.70548975,0.134032634
,1281.9,1285.96,1279.28,1285.96,168392000.0,2018-03-14,1327.750701,10.22222398,40.8888101,65.36437837,0.124596303
,1285.96,1298.68,1284.75,1288.36,221290000.0,2018-03-15,1319.277802,22.83686064,34.52812418,56.36760018,0.139095303
,1288.36,1292.72,1277.53,1278.96,266955008.0,2018-03-18,1311.99111,18.84168491,36.80294889,51.54978405,0.105143876
,1278.96,1281.34,1269.25,1270.52,256922000.0,2018-03-19,1305.724555,16.04842997,41.49997168,50.08509174,0.054958678
,1270.52,1271.13,1249.6,1255.47,302363008.0,2018-03-20,1300.335317,12.0664567,53.8485286,52.74563729,0.100127324
,1255.47,1257.52,1224.39,1231.07,360376992.0,2018-03-21,1292.217666,8.168144481,61.03543319,57.47528312,0.038038549
,1231.07,1238.61,1207.56,1220.44,431647008.0,2018-03-22,1280.008686,5.925456498,59.15945715,62.33854909,0.090266982
,1220.44,1220.44,1166.01,1168.55,453727008.0,2018-03-26,1265.518949,3.69963265,65.61182883,67.73576229,0.043931878
,1168.55,1217.39,1134.92,1207.71,468104000.0,2018-03-27,1245.617159,2.161710851,54.00839864,72.64920685,0.12889095
,1207.71,1222.95,1187.04,1204.81,493057984.0,2018-03-28,1223.477727,4.619667574,44.04323783,74.32208495,0.019786096
,1204.81,1222.58,1204.69,1220.29,321771008.0,2018-03-29,1134.92,4.14356344,39.50413036,75.66038744,0.080840973
,1204.81,1222.63,1185.51,1196.24,293590016.0,2018-04-01,1136.6732,3.269599642,42.07022011,77.64378182,0.09953649
,1196.24,1199.78,1191.24,1192.96,184803008.0,2018-04-02,1140.111472,3.082617956,39.66431066,79.23049732,0.058597884
,1192.96,1200.35,1188.51,1199.0,213594000.0,2018-04-03,1143.412213,2.804654497,38.16684799,80.64624638,0.091222944
,1199.0,1227.97,1199.06,1226.45,318393984.0,2018-04-04,1146.580925,22.80806741,29.91630158,67.21337235,0.061391922
,1226.45,1250.49,1226.45,1250.39,605590976.0,2018-04-05,1151.464269,35.7884283,24.43684457,57.54040558,0.083440588
,1250.39,1303.3,1250.19,1294.65,885886976.0,2018-04-08,1159.386328,57.16751875,16.22844636,57.1879983,0.127002165
,1294.65,1316.6,1286.76,1287.78,796424000.0,2018-04-09,1173.777695,54.76311143,13.13077015,58.01434359,0.098246753
,1287.78,1292.0,1266.85,1270.23,333681984.0,2018-04-10,1190.916371,45.59419856,24.18679263,52.54707299,0.105397727
,1270.23,1273.35,1257.92,1273.33,250412000.0,2018-04-11,1205.998407,40.40603228,28.02009257,45.65789547,0.052090965
,1273.33,1285.54,1273.37,1277.55,404896992.0,2018-04-12,1219.270598,46.41845616,25.18535929,42.45703298,0.039685497
,1277.55,1280.9,1259.21,1280.15,292868992.0,2018-04-15,1230.950126,37.90360509,32.54083967,35.48817808,0.074626022
,1280.15,1302.1,1277.01,1297.57,560924992.0,2018-04-16,1241.228111,47.6709878,25.71912345,34.37278284,0.15121415
,1297.57,1334.45,1297.58,1331.18,916345984.0,2018-04-17,1250.272738,58.80667321,18.56733414,37.89948128,0.060491071
,1331.18,1392.16,1327.78,1363.01,1064979968.0,2018-04-18,1262.057555,70.45030625,11.5556434,44.68309477,0.092380952
,1363.01,1391.74,1361.18,1388.31,1044529984.0,2018-04-19,1282.873946,57.55410274,9.440337778,50.10998556,0.046732403
,1388.31,1438.57,1388.66,1438.49,1154540032.0,2018-04-22,1300.359714,67.29388588,6.859111824,56.38801028,0.118877551
,1438.49,1461.21,1398.41,1410.85,1457789952.0,2018-04-23,1325.237566,57.94421855,4.806474226,62.04655409,0.124232804
,1410.85,1413.99,1391.19,1394.86,688872000.0,2018-04-24,1352.432053,51.01579721,8.018161863,64.2043284,-0.00933055
,1394.86,1399.46,1384.59,1386.47,529377984.0,2018-04-25,1374.187642,46.4845387,11.2482601,63.57013876,0.129048729
,1386.47,1392.63,1354.19,1357.22,567923968.0,2018-04-26,1461.21,36.11825026,26.376039,53.97390349,0.03511611
,1357.22,1362.66,1337.93,1349.01,378035008.0,2018-04-29,1459.0696,30.6259413,32.36344183,43.73080323,0.094102259
,1349.01,1360.87,1335.39,1360.38,362500000.0,2018-05-02,1454.224016,25.61028288,28.69580394,36.12098705,0.066987179
,1360.38,1376.68,1360.41,1366.15,710668992.0,2018-05-03,1447.093975,33.87614241,25.37297427,31.76710016,0.050706019
,1366.15,1366.67,1353.4,1353.64,345672992.0,2018-05-06,1440.391737,30.30507258,28.26694007,26.10962088,0.108301502
,1353.64,1353.79,1344.0,1345.37,406921984.0,2018-05-07,1434.091632,27.62003482,34.26955579,23.0365301,0.043008658
,1345.37,1361.02,1344.32,1361.02,476043008.0,2018-05-08,1428.169534,30.11054717,28.824096,18.86579283,0.05000246
,1361.02,1365.62,1352.67,1356.15,331771008.0,2018-05-09,1422.602762,30.83269637,24.97702578,17.19107531,0.128580447
,1356.15,1356.93,1348.45,1348.45,332507008.0,2018-05-10,1417.369997,27.79605391,27.41825361,13.88970895,0.080105281
,1348.45,1350.14,1337.44,1338.17,395136992.0,2018-05-14,1412.451197,23.46898053,36.64567141,15.4956205,0.108181818
,1338.17,1341.18,1332.41,1333.85,136671008.0,2018-05-15,1407.827525,20.68891679,39.09878996,18.55491062,0.070290784
,1333.85,1338.45,1333.54,1338.01,213126000.0,2018-05-16,1401.794123,19.10511073,36.10564629,21.00234271,0.083963259
,1338.01,1348.12,1337.65,1339.65,276532000.0,2018-05-17,1396.243393,31.51951406,29.98679966,17.30026671,0.15193747
,1339.65,1356.94,1335.94,1339.19,322665984.0,2018-05-20,1391.136722,34.64470808,21.04498461,18.72432129,0.123042399
,1339.19,1340.72,1332.27,1337.13,300710016.0,2018-05-21,1386.438584,30.12626981,23.96474173,17.25766478,0.094718615
,1337.15,1338.29,1331.81,1332.82,310732992.0,2018-05-22,1381.021726,26.77842864,22.09047684,15.72471451,0.080025873
,1332.82,1333.05,1326.28,1328.27,290099008.0,2018-05-23,1375.116319,23.38471468,29.64293758,14.94013366,0.062653319
,1328.27,1331.02,1317.34,1318.22,364064992.0,2018-05-24,1368.279234,17.7142331,38.30163692,19.30266805,0.096060729
,1318.22,1318.3,1300.13,1300.41,368198016.0,2018-05-27,1360.128956,12.62962766,54.49469777,27.9160237,0.071219852
,1300.41,1336.71,1291.34,1336.39,397385984.0,2018-05-28,1349.329144,25.83625894,28.74346925,23.39812669,0.04882711
,1336.39,1340.6,1322.34,1327.21,407628992.0,2018-05-29,1291.34,24.96563199,23.22271204,19.44187958,0.062328113
,1327.21,1341.71,1318.24,1322.27,428747008.0,2018-05-30,1291.34,19.07826954,21.86590507,16.91517992,0.187845488
,1327.21,1323.11,1305.61,1307.66,327692000.0,2018-05-31,1293.3548,15.64058401,30.93038389,20.09838062,0.061245179
,1307.66,1307.63,1273.02,1273.95,496812000.0,2018-06-03,1341.71,10.8176606,50.40378339,29.01081462,0.164547152
,1273.95,1281.98,1258.58,1268.84,403524992.0,2018-06-04,1340.3362,8.58286557,52.73938446,37.61011898,0.056014031
,1268.84,1295.82,1268.91,1282.75,189312992.0,2018-06-06,1337.065952,18.38286911,40.63933728,37.62982212,0.10149511
,1282.75,1285.84,1256.75,1257.07,413830016.0,2018-06-07,1333.926514,14.04111371,40.91377677,39.88375638,0.048356481
,1257.07,1259.04,1231.06,1231.64,427745984.0,2018-06-10,1329.295923,10.93573798,52.17137612,44.97546457,0.102997003
,1231.64,1252.7,1223.78,1241.19,371065984.0,2018-06-11,1321.437049,8.505394517,46.17126963,49.7580502,0.078209729
,1241.19,1244.85,1230.42,1239.26,271081984.0,2018-06-12,1311.671344,7.469974133,40.55052227,53.5841187,0.109958791
,1239.26,1243.1,1235.01,1242.07,189940992.0,2018-06-13,1302.88221,6.882784196,37.36297996,56.6449735,0.105207538
,1239.26,1252.87,1241.85,1247.3,269468000.0,2018-06-14,1294.971989,16.53584788,32.95245425,51.95051895,0.055560245
,1247.3,1248.62,1232.41,1233.23,226919008.0,2018-06-17,1287.85279,13.58682431,37.46149192,50.91416837,0.066435185
,1233.23,1235.15,1221.92,1235.15,188058000.0,2018-06-18,1281.445511,11.49531625,43.90034771,52.4308177,0.091558442
,1235.15,1236.48,1223.93,1226.18,189708992.0,2018-06-19,1274.30245,11.35674997,37.1240718,52.57455724,0.008597337
,1226.18,1226.83,1217.46,1217.84,242912992.0,2018-06-20,1268.016556,9.926749839,41.14408725,54.28475867,0.025018038
,1217.84,1225.43,1211.31,1218.46,170062000.0,2018-06-21,1260.938638,8.023658734,41.60633773,56.96102531,0.155057653
,1218.46,1227.74,1216.21,1219.81,173104992.0,2018-06-24,1252.998056,9.989374792,34.79707797,56.64703772,0.108928571
,1219.81,1220.76,1209.02,1210.09,178132000.0,2018-06-25,1246.327967,8.267297039,39.35622087,58.37375253,0.070497062
,1210.09,1211.17,1194.35,1194.8,208990000.0,2018-06-26,1239.612533,6.317025832,50.64681143,62.26318721,0.034772727
,1194.8,1205.53,1190.95,1199.42,159571008.0,2018-06-27,1230.560026,5.031052737,45.08374439,65.79492722,0.00879329
,1199.42,1203.96,1197.34,1198.54,219600992.0,2018-06-28,1222.638021,4.509973576,40.41430423,68.62031922,0.170949956
,1198.54,1199.05,1183.52,1184.53,187736992.0,2018-07-01,1216.300417,3.45932091,51.73037713,72.38903317,0.047559524
,1184.53,1187.04,1174.83,1179.71,196692992.0,2018-07-02,1209.744333,2.814860471,55.35213498,75.97551681,0.068809524
,1179.71,1183.03,1174.56,1180.36,180480000.0,2018-07-03,1202.761467,2.4233842,48.09737748,78.86169004,0.140868506
,1180.36,1190.17,1175.88,1188.4,226062000.0,2018-07-04,1197.121173,13.20498419,37.18974295,72.6081093,0.136755952
,1188.4,1224.41,1188.37,1224.41,445847008.0,2018-07-05,1174.56,47.30685659,21.6856952,65.51371276,0.101483886
,1224.41,1240.93,1224.37,1224.39,453251008.0,2018-07-08,1175.557,57.4398699,17.49628156,63.07166937,0.087668135
,1224.39,1226.09,1204.95,1206.43,381536000.0,2018-07-09,1178.17192,43.90513215,35.01972639,52.70894694,0.059577922
,1206.43,1214.45,1202.79,1205.93,252370000.0,2018-07-10,1180.682243,37.76923384,32.71451175,43.60145196,-0.079370629
,1205.93,1221.75,1204.29,1205.64,353544992.0,2018-07-11,1183.092153,38.60704969,25.93120737,38.80932538,0.160886905
,1205.64,1210.6,1190.09,1191.98,372244992.0,2018-07-12,1185.405667,29.59616017,36.03820511,33.01047005,0.037231382
,1191.98,1200.31,1192.0,1200.09,160974000.0,2018-07-15,1187.626641,26.46076168,32.22034044,28.37138579,0.081585498
,1200.09,1212.36,1197.06,1212.36,93616400.0,2018-07-16,1189.758775,36.69235227,25.91667563,26.1393204,0.152853896
,1212.36,1214.85,1202.85,1204.31,192836992.0,2018-07-17,1191.805624,34.12663057,21.74571164,25.34331596,0.127214468
,1204.31,1205.15,1196.21,1198.77,163767008.0,2018-07-18,1193.770599,29.67860819,28.59204372,20.6475899,0.225808081
,1198.77,1199.54,1192.78,1193.39,239239008.0,2018-07-19,1240.93,26.42338217,31.02124954,18.11887159,0.158484975
,1193.39,1194.0,1181.12,1181.66,198144992.0,2018-07-22,1239.967,20.95054903,43.34632745,21.46146318,0.080541126
,1181.66,1194.9,1181.4,1194.5,178876992.0,2018-07-23,1237.61312,17.90175431,34.09435722,23.39756049,0.057963564
,1194.5,1213.15,1194.09,1199.27,281844992.0,2018-07-24,1235.353395,39.20255973,24.76550446,23.23188055,0.052405754
,1194.5,1200.0,1192.26,1194.35,148591008.0,2018-07-25,1233.184059,34.42169881,24.62866203,21.90234675,0.060119048
,1194.35,1197.0,1188.15,1191.2,179884992.0,2018-07-26,1231.101497,29.31245928,27.86623653,18.0277381,0.055126073
,1191.2,1196.79,1191.2,1194.82,175888992.0,2018-07-29,1229.102237,26.23759129,24.94307685,14.92805118,0.105777745
,1194.82,1198.56,1193.17,1194.38,271272992.0,2018-07-30,1227.182948,26.97850117,22.1434138,13.91104798,0.106587302
,1194.38,1196.56,1189.77,1191.47,162706000.0,2018-07-31,1225.34043,22.92638138,26.33848054,12.5140444,0.078102289
,1191.47,1194.61,1190.04,1193.87,166588000.0,2018-08-01,1223.571613,20.35434016,23.38364626,11.39644154,0.085972222
,1193.87,1195.94,1191.13,1191.31,185231008.0,2018-08-02,1221.873548,21.29276458,20.37616006,9.557099567,0.067757424
,1191.31,1192.53,1188.44,1189.88,158752992.0,2018-08-05,1220.243406,18.73203034,25.83538533,10.83336953,0.125840336
,1189.88,1192.97,1188.05,1189.67,156654000.0,2018-08-06,1218.67847,17.23293076,21.87889855,11.04243098,0.136949381
,1189.67,1192.06,1186.26,1188.21,171795008.0,2018-08-07,1217.176131,14.06004527,23.53285814,13.87362622,0.058458647
,1188.21,1190.3,1186.09,1187.32,139159008.0,2018-08-08,1215.733886,12.04745772,20.74231953,16.40229889,0.166677767
,1187.32,1189.23,1179.25,1180.63,185994000.0,2018-08-09,1214.34933,8.45936136,34.97703935,25.33172646,0.113055012
,1180.63,1181.58,1163.41,1163.94,240828992.0,2018-08-12,1212.243371,5.041929542,56.06476139,36.96497039,0.009404762
,1163.94,1174.62,1161.96,1174.37,162339008.0,2018-08-13,1208.336701,3.72966611,44.45375764,46.4757529,0.072031107
,1174.37,1181.39,1170.09,1180.98,179439008.0,2018-08-14,1203.699031,16.37279481,34.4499095,44.2943972,0.105540655
,1180.98,1210.09,1180.99,1209.71,315848000.0,2018-08-15,1161.96,50.91901921,19.97493585,44.16519953,0.072580532
,1209.71,1218.71,1203.14,1210.32,410744992.0,2018-08-16,1162.9226,51.89361277,15.59418308,46.08949115,0.110633363
,1210.32,1210.75,1195.7,1196.29,281052992.0,2018-08-19,1165.154096,41.02310599,22.68309359,42.62927821,0.035687229
,1196.29,1196.84,1185.82,1188.07,193962000.0,2018-08-20,1167.296332,34.42314284,33.45783241,34.38783523,0.029373568
,1188.08,1188.27,1181.98,1183.89,173720000.0,2018-08-21,1169.352879,30.87867755,36.29885552,29.12395589,0.101924861
,1183.89,1185.34,1180.26,1182.42,105630000.0,2018-08-22,1171.327164,27.97109073,36.06904578,25.82818963,0.043956044
,1182.42,1183.13,1175.35,1178.5,261260992.0,2018-08-23,1173.222477,23.69908793,40.19907201,25.82701469,0.078956482
,1178.5,1178.67,1175.5,1175.72,131823000.0,2018-08-26,1175.041978,21.98863885,37.29775926,25.82607473,0.021487603
,1175.72,1177.09,1172.78,1177.09,176827008.0,2018-08-28,1218.71,19.5861784,40.11787934,27.53868408,0.099715321
,1177.09,1177.79,1171.0,1172.3,177668000.0,2018-08-29,1217.7914,16.11819624,37.65620152,30.0414527,0.056597222
,1172.3,1181.69,1170.69,1181.69,214779008.0,2018-08-30,1215.919744,21.22155614,27.7177614,26.68796226,0.039321966
,1181.69,1191.93,1178.59,1190.28,283239008.0,2018-09-02,1213.205959,37.09262203,19.7971651,27.43070788,0.066758242
,1190.28,1213.86,1190.27,1206.26,519075008.0,2018-09-03,1170.69,58.72156603,12.13316011,35.09496811,0.112794176
,1206.26,1214.2,1202.68,1210.24,405795008.0,2018-09-04,1171.5534,48.06147365,9.813988565,41.29314239,0.09732684
,1210.24,1243.61,1210.3,1234.13,690163008.0,2018-09-05,1173.259264,64.45157191,5.799865913,49.73216675,0.093981481
,1234.15,1247.35,1224.25,1229.77,695782016.0,2018-09-06,1177.480308,51.83580831,4.283743326,56.73243508,0.033227956
,1229.77,1230.37,1217.33,1218.98,298512992.0,2018-09-09,1183.069884,43.7634012,11.88085106,56.84537067,0.078938191
,1218.98,1220.25,1206.88,1210.88,234584000.0,2018-09-10,1188.212293,36.48199039,22.90847082,50.04723918,0.025959596
,1210.88,1224.6,1210.88,1217.65,314528000.0,2018-09-11,1192.943309,35.64189036,18.87924348,46.18683693,0.108107472
,1217.65,1230.96,1215.62,1230.71,399812000.0,2018-09-12,1197.295845,36.78991995,15.15414078,45.27988456,0.150938607
,1230.71,1246.24,1230.8,1244.84,687436992.0,2018-09-13,1201.300177,49.09794947,12.12627185,48.3013753,0.052604538
,1244.84,1270.19,1244.99,1256.53,886097024.0,2018-09-16,1204.984163,62.24038781,8.614350309,53.77799551,0.092028986
,1256.55,1261.19,1247.9,1256.4,579804992.0,2018-09-17,1211.504747,52.31205522,7.240224312,58.15929167,0.04000947
,1256.4,1261.61,1251.25,1258.81,440420000.0,2018-09-18,1217.373272,45.82014319,6.266232474,61.71524789,0.001553622
,1258.81,1260.96,1249.78,1255.07,528860992.0,2018-09-20,1222.654945,38.78244631,7.323303983,63.01871404,0.051456422
,1255.09,1260.39,1250.9,1257.68,618721024.0,2018-09-23,1227.40845,33.34775223,6.297068646,64.06148696,0.138653274
,1257.68,1283.45,1257.74,1280.05,1051049984.0,2018-09-25,1231.686605,51.44255744,4.267284929,68.18525347,0.017637686
,1280.05,1288.52,1270.05,1277.74,890030016.0,2018-09-26,1237.898213,46.06640534,3.311092774,71.86593421,0.080757576
,1277.74,1278.71,1266.18,1267.18,492740992.0,2018-09-27,1244.985263,38.71077936,7.714079611,70.84623963,0.065025691
,1267.18,1267.76,1253.44,1256.71,561558976.0,2018-09-30,1251.080126,31.52070751,22.80575716,59.88535448,0.092164953
,1256.71,1258.26,1237.97,1238.67,524752000.0,2018-10-01,1288.52,23.71822854,36.03370641,52.03048578,0.046645022
,1238.67,1247.44,1237.53,1241.36,440748992.0,2018-10-02,1287.509,20.60437791,31.88591736,45.92291253,0.144507576
,1241.36,1242.27,1230.6,1230.6,365169984.0,2018-10-03,1285.50984,17.26742344,36.33917602,43.85377953,0.06521164
,1230.6,1231.84,1221.33,1227.37,365169984.0,2018-10-04,1282.21525,14.60470401,44.33662766,45.17167374,0.134101055
,1227.37,1227.37,1212.88,1214.36,378448000.0,2018-10-07,1277.34443,11.53837808,47.27167909,48.28944451,0.018817641
,1214.36,1222.78,1213.36,1220.52,360992992.0,2018-10-08,1270.897987,9.856677634,40.38190626,50.78366113,0.085581086
,1220.52,1227.07,1217.06,1217.93,336793984.0,2018-10-09,1265.096188,15.2092144,33.83213078,48.22171094,0.215426587
,1217.93,1218.86,1213.58,1218.33,218171008.0,2018-10-10,1259.874569,13.73984409,36.93110299,47.73103974,0.21017316
,1218.33,1228.28,1214.77,1228.28,231244000.0,2018-10-11,1255.175112,26.95579824,28.21325778,38.64068862,0.147229953
,1228.28,1242.43,1228.16,1242.43,265802000.0,2018-10-14,1250.945601,44.11225944,21.50941158,37.80138731,3.82e-05
,1242.43,1246.14,1241.48,1241.63,306736992.0,2018-10-15,1247.139041,47.25121441,19.60760115,38.51035992,0.154170387
,1241.63,1248.51,1241.15,1246.52,136048000.0,2018-10-21,1212.88,45.01452238,16.69359491,39.98728374,-0.025
,1246.52,1248.09,1240.58,1244.54,167090000.0,2018-10-22,1213.5926,37.84144021,15.24291432,40.50402146,0.067619048
,1244.54,1246.22,1238.63,1241.84,192782000.0,2018-10-23,1214.290948,31.50014996,16.99387253,38.3859246,0.132972583
,1241.84,1250.45,1239.01,1249.93,218378000.0,2018-10-24,1214.975329,32.81402504,12.91600979,39.41112327,0.118548119
,1249.93,1250.3,1240.58,1241.11,270716000.0,2018-10-25,1216.394316,26.14968728,10.29284328,40.23128221,0.149260231
,1241.11,1241.82,1225.38,1227.49,300731008.0,2018-10-28,1217.756543,18.29441071,34.97480122,38.44770168,0.025
,1227.49,1227.49,1215.82,1216.93,214403008.0,2018-10-29,1250.45,14.44431877,44.85438811,41.01473217,0.074025974
,1216.93,1224.36,1216.0,1224.36,213728000.0,2018-10-30,1249.7574,12.15390499,37.74189563,43.06835656,0.068181818
,1224.36,1224.99,1218.83,1221.46,158274000.0,2018-10-31,1249.078652,11.90837948,32.9321567,43.83181541,0.069893484
,1221.46,1223.76,1217.46,1220.98,241964000.0,2018-11-01,1248.413479,10.24008997,31.36505054,45.22042852,0.068257315
,1220.98,1221.22,1206.48,1207.28,280206016.0,2018-11-04,1247.761609,7.26392476,43.89916772,50.49730786,0.110741793
,1207.28,1219.75,1205.81,1219.2,239046000.0,2018-11-05,1246.110345,5.40639322,33.90233908,54.89637839,0.143287037
,1222.53,1222.53,1222.53,1222.53,33213900.0,2018-11-06,1243.692324,10.94528758,31.4972613,53.60171132,0.135180028
,1224.39,1224.39,1205.22,1205.22,98566496.0,2018-11-11,1241.419385,7.24618276,51.36952611,57.93649479,0.128584957
,1204.64,1204.64,1192.22,1193.34,132057000.0,2018-11-12,1238.523434,5.632546918,62.19893495,63.02770159,0.140229302
,1192.87,1209.1,1191.72,1207.57,166104000.0,2018-11-13,1233.893091,11.0647337,45.32969607,62.5740573,0.174926819
,1208.28,1209.23,1203.58,1208.89,178260736.0,2018-11-14,1228.83232,10.19475034,40.82983735,62.06721627,0.090033699
,1208.89,1213.63,1205.2,1205.02,236074000.0,2018-11-15,1224.378841,16.75593002,34.45142736,56.56508352,0.104331887
,1203.94,1204.79,1194.18,1195.45,319399008.0,2018-11-18,1220.45978,13.39295951,47.94051357,56.51754791,0.134481461
,1196.08,1196.15,1187.96,1190.2,207570000.0,2018-11-19,1217.011007,11.25886452,52.40307893,58.13988136,0.108127706
,1189.97,1190.15,1181.66,1181.75,171414000.0,2018-11-20,1212.943866,9.32262387,56.07773488,60.81002574,0.097018634
,1182.17,1182.74,1176.45,1182.55,227711008.0,2018-11-21,1207.938447,8.048320601,59.73446903,63.89854324,0.09391321
,1184.01,1184.92,1181.34,1181.24,248907008.0,2018-11-22,1202.270527,12.73193191,54.44030294,63.53717116,0.055483405
,1181.96,1182.44,1166.01,1166.63,244220992.0,2018-11-25,1197.622832,8.440480009,67.54009635,66.38624339,0.045200452
,1166.59,1167.19,1159.31,1159.82,293713984.0,2018-11-26,1191.300266,7.02160265,70.47944033,69.4849905,0.082076012
,1159.75,1167.17,1159.75,1161.49,218848992.0,2018-11-27,1184.902212,5.861772548,58.83762854,71.96398819,0.069698381
,1161.5,1162.98,1158.75,1159.08,396228000.0,2018-11-28,1179.78377,5.244459651,55.13097816,74.0966255,0.10141369
,1159.07,1160.42,1148.13,1148.36,314926016.0,2018-11-29,1175.577016,3.793541881,63.78502121,77.03188901,0.088395733
,1148.29,1148.36,1129.89,1130.89,451952000.0,2018-12-02,1170.087613,2.496215691,75.74406374,80.34933188,0.105252101
,1130.31,1144.0,1128.91,1131.73,622254976.0,2018-12-03,1162.04809,1.85007621,57.81894486,83.03923989,0.101316739
,1133.0,1142.01,1131.15,1142.01,363332992.0,2018-12-04,1155.420472,1.500637794,46.89822689,85.19116629,0.051145022
,1140.99,1142.06,1117.45,1118.13,329556992.0,2018-12-05,1150.118378,0.977599253,49.95502909,87.3851743,0.119333965
,1117.97,1126.0,1109.32,1120.84,338912992.0,2018-12-06,1143.584702,0.754732491,49.67826422,89.30953731,0.096209491
,1121.16,1128.45,1121.1,1131.7,218708992.0,2018-12-09,1142.06,4.371987414,43.96260317,87.82952748,-0.003861928
,1131.43,1145.61,1131.43,1144.19,386500000.0,2018-12-10,1109.32,29.02386707,34.67138207,72.03691436,0.055738779
,1143.85,1145.75,1139.95,1141.1,370360992.0,2018-12-11,1110.0458,26.42887927,31.29026357,59.31402785,0.034873188
,1140.83,1143.7,1137.67,1141.18,208110000.0,2018-12-12,1111.473968,23.45621112,32.02369698,50.53972266,0.092645929
,1141.25,1153.17,1140.54,1148.78,298800000.0,2018-12-13,1112.845009,35.17752007,24.73855443,43.91630736,0.079432924
,1149.23,1168.59,1149.23,1167.67,437036992.0,2018-12-16,1115.264509,48.33652748,17.10798941,44.67656138,0.081291603
,1167.55,1182.81,1166.06,1182.78,360561984.0,2018-12-17,1119.530548,57.32471636,12.90191535,48.39251827,0.054863072
,1183.12,1185.36,1165.59,1168.17,512580992.0,2018-12-18,1125.858493,45.49942219,9.467718705,51.82428482,0.07293956
,1168.29,1171.58,1158.88,1162.7,342703008.0,2018-12-19,1132.998674,37.48707756,17.10453578,48.92670737,0.094059163
,1162.65,1173.8,1162.65,1165.97,393798016.0,2018-12-20,1139.282033,34.64038953,14.33432858,47.43383259,0.029968602
,1166.33,1198.18,1166.33,1198.18,756868992.0,2018-12-23,1144.811389,49.78863977,9.044732115,51.79767716,0.085148185
,1198.26,1207.88,1190.86,1191.74,695494976.0,2018-12-24,1152.282995,51.20025555,7.272214006,56.46334654,0.056971109
,1192.61,1192.95,1182.41,1186.03,337190016.0,2018-12-25,1161.178516,44.45623722,16.8742999,54.1651973,0.115250722
,1186.11,1216.27,1184.3,1216.27,679681024.0,2018-12-26,1168.650753,53.9445007,11.25394759,56.42773119,0.0583173
,1216.57,1232.74,1211.72,1215.16,1097720064.0,2018-12-27,1177.222218,59.19034166,8.835358712,59.94687867,0.044539074
,1215.14,1219.29,1204.24,1204.54,433888992.0,2018-12-30,1184.3,49.64214228,15.42753656,58.47380064,0.130643939
,1204.68,1207.25,1188.19,1188.19,390624000.0,2018-12-31,1232.74,39.54388602,29.41888222,49.71540866,0.122047001
,1187.3,1196.18,1183.84,1185.91,227166000.0,2019-01-01,1231.849,33.95415317,30.24331271,40.92839763,0.075811688
,1185.91,1186.9,1180.43,1180.43,246231008.0,2019-01-02,1229.92864,31.07525962,32.14776916,33.08199623,0.155155844
,1180.47,1184.95,1178.06,1178.87,262468000.0,2019-01-03,1226.958722,27.92366679,32.37595055,27.94231738,0.025962274
,1178.25,1181.58,1170.11,1170.79,298870016.0,2019-01-06,1223.046824,23.05754835,38.81248079,27.44676647,0.045802748
,1170.72,1181.17,1170.36,1177.46,322203008.0,2019-01-07,1217.753141,19.13018046,32.20159189,27.05032574,0.077972182
,1177.87,1180.85,1177.15,1177.07,332627008.0,2019-01-08,1212.988827,17.83077491,30.01431889,26.73317316,0.068316017
,1177.87,1177.07,1183.12,1179.36,275980992.0,2019-01-09,1208.700945,17.83077491,30.01431889,26.47945109,0.07965368
,1179.36,1183.19,1179.36,1180.84,344812992.0,2019-01-10,1204.84185,31.8828762,27.04331849,22.82614368,0.016738714
,1181.53,1182.44,1173.46,1175.05,353560000.0,2019-01-13,1201.368665,24.71331217,35.7364718,21.90796177,0.092867528
,1175.05,1179.0,1175.0,1178.03,259270000.0,2019-01-14,1198.242799,21.96334558,31.75990634,21.17341624,0.089393939
,1180.98,1195.54,1180.78,1195.54,391993984.0,2019-01-15,1170.11,49.39982867,19.7403665,25.51824657,0.070881707
,1195.54,1200.32,1187.97,1187.97,474423008.0,2019-01-16,1170.6186,46.72404175,14.80168848,30.79150888,0.100635234
,1190.66,1190.66,1186.52,1187.77,281347008.0,2019-01-17,1171.806656,42.29058394,16.72051756,33.29939558,0.054867605
,1190.67,1191.41,1177.02,1179.17,361756992.0,2019-01-20,1172.94719,29.94529542,31.11125015,27.02144267,0.071893539
,1175.68,1175.68,1167.69,1167.69,335558016.0,2019-01-21,1200.32,23.19355196,42.4209068,27.47786081,0.074650139
,1164.56,1172.03,1163.58,1168.83,277291008.0,2019-01-22,1199.6674,19.2087156,43.48923373,29.72752383,0.047222222
,1168.14,1172.98,1167.99,1172.98,238475008.0,2019-01-23,1198.223904,19.18951031,38.59456576,30.49842149,0.070897817
,1172.27,1175.42,1170.54,1172.78,306295008.0,2019-01-24,1196.838148,22.91587669,33.9267564,28.27289964,0.07803288
,1171.35,1171.72,1160.84,1160.84,306070016.0,2019-01-27,1195.507822,16.72816808,46.7020766,32.06930281,0.11143703
,1162.94,1164.89,1161.48,1164.89,203579008.0,2019-01-28,1193.427753,15.00975458,41.90457105,35.10642534,0.056462565
,1164.91,1165.09,1160.1,1160.99,259283008.0,2019-01-29,1191.472487,12.9594377,39.95813688,38.28919796,0.102883185
,1160.53,1163.27,1159.35,1160.59,190572992.0,2019-01-30,1188.962688,11.42671271,37.49508715,41.28851919,0.104947917
,1162.34,1163.86,1160.26,1161.63,268244992.0,2019-01-31,1186.00142,12.01989234,33.0129162,42.35425066,0.116010464
,1160.57,1161.22,1152.16,1153.06,321743008.0,2019-02-03,1183.336278,8.6283385,47.83214906,47.77056738,0.063485817
,1152.98,1155.08,1144.27,1144.27,322760992.0,2019-02-04,1179.595124,6.151633345,55.05295542,54.19607996,0.128658395
,1143.58,1149.4,1143.39,1147.1,221967008.0,2019-02-05,1174.649607,5.128570614,48.33235438,59.51961603,0.180255682
,1147.23,1147.31,1139.09,1139.72,226248992.0,2019-02-06,1169.64807,3.993194722,49.2132534,64.61365464,0.097563432
,1139.29,1140.62,1137.14,1139.57,242260000.0,2019-02-07,1164.147617,3.574432178,49.92858925,69.01860197,0.107431683
,1138.62,1138.86,1125.83,1127.53,228292000.0,2019-02-10,1158.746094,2.355373468,60.97376104,73.72717865,0.104251701
,1126.46,1132.37,1124.51,1128.86,191024000.0,2019-02-11,1152.162875,1.893580634,52.31188778,77.58440742,0.120539814
,1131.32,1132.5,1126.42,1128.19,156376000.0,2019-02-12,1146.6323,1.932557159,43.97531709,80.38366913,0.020066299
,1129.86,1132.39,1121.08,1121.08,230651008.0,2019-02-13,1142.20784,1.410051448,44.8511911,83.08772772,0.100492717
,1120.19,1120.3,1112.15,1112.87,231671008.0,2019-02-14,1137.982272,1.113042621,56.46756372,85.69697558,0.071102769
,1117.7,1122.1,1107.92,1109.72,194344992.0,2019-02-17,1132.815818,0.784888881,48.61434166,87.92203301,0.049228445
,1110.27,1111.14,1101.81,1102.51,208487008.0,2019-02-18,1127.836654,0.631710043,51.9073396,89.85668124,0.000760424
,1103.35,1124.23,1102.3,1124.23,202684000.0,2019-02-19,1101.81,22.15451059,32.99055781,75.81535997,0.090066138
,1128.97,1128.97,1112.33,1112.23,154584000.0,2019-02-20,1101.81,23.78075656,24.5163516,60.95690043,0.040922318
,1113.6,1114.14,1110.15,1113.07,157692000.0,2019-02-21,1102.3,22.08074208,26.6695566,50.64809938,0.087908687
,1115.2,1115.25,1102.32,1102.32,193956992.0,2019-02-24,1128.97,17.12248191,34.27899245,47.19397306,0.059232171
,1102.45,1109.73,1100.13,1109.73,182428992.0,2019-02-25,1128.437,14.16954441,32.301485,45.55872437,0.067456218
,1109.77,1110.22,1101.59,1102.56,149262000.0,2019-02-26,1127.30472,12.79106055,27.05787078,43.60742759,0.067329365
,1103.65,1111.04,1103.17,1105.53,204516992.0,2019-02-27,1126.217731,12.27217527,22.55969401,40.79289967,0.017783731
,1108.26,1108.84,1100.58,1100.58,221026000.0,2019-03-03,1125.174222,10.2062947,24.04044027,40.71342309,0.091883117
,1100.95,1104.61,1098.95,1102.64,213340992.0,2019-03-05,1124.172453,8.920117942,24.6400523,41.93894742,0.113688256
,1103.17,1111.76,1100.97,1111.76,211804992.0,2019-03-06,1122.659106,22.16356156,18.94959155,35.11463326,0.099025974
,1112.45,1127.77,1112.45,1127.77,283819008.0,2019-03-07,1098.95,45.50555494,13.26689012,39.06237995,0.09840368
,1127.29,1129.41,1118.21,1128.71,102317000.0,2019-03-10,1099.5264,39.09367853,10.51062881,42.77432644,0.108721532
,1129.51,1142.93,1125.94,1142.93,382284992.0,2019-03-11,1100.721744,50.53453346,7.540198318,49.02601602,0.088086219
,1148.69,1163.26,1143.99,1163.26,513876992.0,2019-03-12,1103.254239,65.23157034,5.299876321,56.21513148,0.079099026
,1157.85,1166.24,1150.1,1150.1,407008000.0,2019-03-13,1108.0547,54.58195982,4.093036876,62.18179442,0.113561905
,1149.64,1156.19,1142.89,1155.5,263186000.0,2019-03-14,1113.87323,44.21190382,13.61488574,60.32773426,0.05857638
,1156.18,1165.19,1156.18,1161.45,316537984.0,2019-03-17,1119.109907,51.39057081,11.60662508,60.89257363,0.126397528
,1161.05,1164.62,1153.98,1153.98,279032000.0,2019-03-18,1123.822916,42.73795067,13.13375039,59.31126633,0.044971398
,1155.72,1158.78,1147.15,1147.15,129145000.0,2019-03-19,1128.064625,34.74503772,21.6607457,52.0883572,0.032735089
,1148.61,1150.3,1140.0,1140.6,248614000.0,2019-03-21,1131.882162,28.78527128,29.85238903,42.03465586,0.046102762
,1141.33,1142.14,1131.14,1134.8,211912992.0,2019-03-24,1166.24,23.42203881,39.29745184,38.69007862,0.04213703
,1134.65,1139.71,1132.06,1138.67,216906000.0,2019-03-25,1165.538,20.15717724,33.81967334,36.01441684,0.068371212
,1138.86,1140.9,1136.7,1140.72,190316992.0,2019-03-26,1164.85004,20.8710333,30.86689473,32.67556971,0.087401921
,1140.69,1142.81,1140.16,1142.61,208898000.0,2019-03-27,1164.175839,24.1698242,28.87832822,27.91563692,0.087220026
,1142.0,1144.53,1140.56,1144.53,215416992.0,2019-03-28,1163.515122,26.23196963,25.76942914,22.51040494,0.17050592
,1145.95,1149.81,1139.68,1143.09,241951008.0,2019-03-31,1162.86762,32.84966843,19.18266096,23.26159923,0.053547505
,1142.65,1152.05,1142.06,1149.99,326448992.0,2019-04-01,1162.233068,30.3513487,14.58658446,25.62551851,0.141608392
,1153.89,1164.41,1153.89,1163.82,472344992.0,2019-04-02,1131.14,47.06119374,10.18400795,33.38435431,0.091021181
,1163.71,1172.4,1158.79,1165.84,524422016.0,2019-04-03,1131.8054,50.11915481,7.509848249,41.49493571,0.060714286
,1165.85,1169.87,1159.9,1165.2,386452000.0,2019-04-04,1133.429184,40.40417504,6.054156826,47.98340082,0.09292381
,1164.94,1182.36,1161.66,1182.36,518228000.0,2019-04-07,1134.988017,47.07592969,4.027876561,55.23401885,0.155471064
,1183.46,1197.88,1179.47,1191.68,864142976.0,2019-04-08,1137.830336,57.17093077,2.935593458,62.23362119,0.126190476
,1191.78,1194.62,1180.0,1181.1,622529984.0,2019-04-09,1142.634309,45.04512833,2.312961889,67.83330306,0.17597138
,1181.72,1187.98,1174.88,1184.61,358990016.0,2019-04-10,1147.053964,36.39840578,9.371409987,66.07660731,0.167300557
,1184.29,1189.98,1180.18,1184.02,387624000.0,2019-04-11,1151.120047,33.96494148,7.945228262,65.27818293,0.057846689
,1184.22,1188.71,1181.95,1188.71,289871008.0,2019-04-15,1154.860843,30.02504967,7.023591468,64.63944343,0.12972255
,1187.73,1212.05,1187.73,1212.05,723990016.0,2019-04-16,1158.302376,52.63238159,4.615769302,68.48645892,0.116381864
,1212.34,1223.42,1210.35,1217.04,803244992.0,2019-04-17,1163.677138,59.06428992,3.751753812,72.40012536,0.203237342
,1217.11,1232.26,1214.95,1232.26,732081024.0,2019-04-18,1170.846282,57.17272274,2.864172581,76.01182534,0.171099718
,1232.53,1264.2,1230.22,1264.2,1004000000.0,2019-04-21,1179.444202,70.69782847,1.812181911,79.8097738,0.131356555
,1264.77,1280.08,1247.65,1256.94,1000550016.0,2019-04-22,1193.00513,64.07701853,1.260057759,83.0763993,0.113341658
,1256.61,1268.32,1248.5,1260.68,561851008.0,2019-04-23,1208.678606,51.97865328,1.02214658,85.6896997,0.102714298
,1265.11,1280.84,1261.69,1279.29,921345984.0,2019-04-24,1221.530857,53.93863851,0.824271329,87.94969436,0.093928198
,1279.67,1296.92,1279.67,1292.12,1335980032.0,2019-04-25,1233.392686,60.44800506,0.680306962,89.91458896,0.111776382
,1293.77,1322.88,1293.77,1314.51,1616089984.0,2019-04-28,1246.098149,67.05369964,0.492649168,91.63993125,0.081549423
,1318.44,1322.95,1299.09,1310.31,1160230016.0,2019-04-29,1261.454519,52.96598299,0.388690683,93.02054358,0.070261872
,1310.65,1316.53,1296.07,1298.6,913017984.0,2019-04-30,1273.753615,43.19568598,3.039768203,91.78661906,0.12347852
,1298.8,1300.43,1282.95,1294.39,573145024.0,2019-05-02,1322.95,36.08675397,14.8920417,81.7444043,0.212875908
,1293.71,1293.71,1276.73,1277.68,628641024.0,2019-05-05,1322.15,29.87716736,18.39009591,70.15530084,0.184335498
,1278.0,1299.41,1270.06,1299.41,619564992.0,2019-05-06,1320.3332,22.00941358,19.53182578,57.31707355,0.079114146
,1298.35,1311.18,1295.73,1301.28,699849024.0,2019-05-07,1317.316808,30.00986424,16.64723709,51.58167312,0.022457011
,1301.39,1304.15,1295.32,1297.6,494902016.0,2019-05-08,1314.4814,27.14578104,15.50160097,46.72601605,0.098065476
,1297.57,1302.62,1290.11,1291.96,605086976.0,2019-05-09,1311.816116,23.22104867,19.28165239,39.23452857,0.064599059
,1292.12,1295.03,1284.17,1295.03,672155008.0,2019-05-12,1309.310749,20.07199055,24.08428893,33.20494009,0.129642406
,1295.99,1301.68,1295.99,1301.34,775121984.0,2019-05-13,1306.955704,27.58837484,21.81941617,28.89919457,0.089978355
,1307.84,1321.0,1307.84,1315.45,1007529984.0,2019-05-14,1270.06,45.81710115,16.19225654,32.67431501,0.074671717
,1316.79,1334.06,1316.21,1321.0,1302630016.0,2019-05-15,1271.0788,51.51268829,12.40639593,38.37563869,0.118797036
,1322.68,1326.69,1313.93,1318.71,881396992.0,2019-05-16,1273.598048,42.91336744,13.31819065,41.22669155,0.151893994
,1319.33,1322.09,1312.81,1316.84,1055840000.0,2019-05-19,1276.016526,37.25895003,13.15358832,42.54459386,0.119948864
,1319.21,1322.85,1305.43,1307.71,1164889984.0,2019-05-20,1278.338265,28.45985295,20.05219672,37.50188865,0.076433983
,1308.4,1317.79,1304.59,1312.14,796716992.0,2019-05-21,1280.567134,23.2574363,17.54994928,32.79879232,0.088744589
,1314.94,1322.47,1314.82,1319.63,918484992.0,2019-05-22,1282.706849,26.60186427,14.88776358,31.88579488,0.124747475
,1321.69,1324.15,1309.12,1314.55,913235968.0,2019-05-23,1284.760975,20.8497033,19.8689563,25.99035461,0.087463066
,1315.97,1317.86,1301.32,1302.61,603897024.0,2019-05-26,1286.732936,16.06982666,26.12516969,25.55841422,0.080580877
,1302.98,1309.9,1298.36,1302.96,499910016.0,2019-05-27,1288.626019,13.39220499,26.04598049,26.86374846,0.136202248
,1304.22,1307.08,1300.45,1305.49,749068992.0,2019-05-28,1290.443378,11.96093701,23.26236285,27.90801585,0.021127195
,1307.3,1315.16,1307.13,1313.88,884201024.0,2019-05-29,1292.188043,23.63632632,19.46891896,24.26000908,0.083616673
,1328.62,1349.38,1317.67,1319.47,1504460032.0,2019-05-30,1293.862921,54.77857167,11.13573885,32.65030093,0.161747835
,1317.91,1317.91,1304.53,1305.68,735995008.0,2019-06-02,1297.193946,44.71117327,25.25326583,31.68246855,0.104451659
,1306.88,1308.63,1291.02,1292.84,664590016.0,2019-06-03,1349.38,35.18388829,36.21958587,25.63607209,-0.03510101
,1292.86,1297.91,1286.37,1289.28,694590976.0,2019-06-04,1348.2128,29.95531248,36.82516599,22.56630131,0.09612944
,1296.5,1296.8,1284.59,1284.59,579563008.0,2019-06-06,1345.739088,25.03486407,33.17089009,20.84864988,0.101153016
,1285.49,1289.54,1274.62,1275.82,553347008.0,2019-06-10,1342.070143,20.01354312,39.92061027,23.32189925,0.104166667
,1276.26,1281.32,1274.82,1275.99,459071008.0,2019-06-11,1336.674131,18.04279507,35.98959893,25.30049874,0.121990705
,1276.09,1277.04,1267.17,1272.49,399464992.0,2019-06-12,1331.709801,15.20154938,42.52754593,29.70737449,0.04128585
,1272.91,1274.83,1264.46,1269.55,418750016.0,2019-06-13,1325.255821,12.59644771,39.71801254,34.1345681,0.095270563
,1271.18,1271.27,1256.85,1258.27,472520800.0,2019-06-16,1317.960322,9.705443492,42.7144683,39.90173321,0.074621212
,1259.38,1264.97,1254.52,1260.9,403538144.0,2019-06-17,1309.404877,8.034949775,39.20016872,45.11716968,0.087173721
,1261.04,1263.56,1258.36,1258.66,359411296.0,2019-06-18,1300.623297,7.257918313,35.4092596,49.28951886,0.101747062
,1258.25,1262.11,1256.72,1258.46,304189632.0,2019-06-19,1293.246769,6.449763338,34.85446315,53.18551014,0.044797178
,1258.9,1266.33,1257.93,1264.36,375315200.0,2019-06-20,1287.050486,14.2549343,28.64173406,49.25606179,0.084519141
,1264.53,1264.53,1253.43,1254.35,481859744.0,2019-06-23,1281.845608,11.01254348,31.34820608,49.00603109,0.062757035
,1254.67,1260.1,1253.01,1260.1,481492832.0,2019-06-24,1276.730799,9.319968706,27.44060318,49.06355859,0.047531831
,1260.23,1264.52,1259.35,1261.07,364773344.0,2019-06-25,1271.986639,18.67999465,24.06875389,41.77197763,0.06045878
,1261.1,1261.49,1255.45,1258.29,570123456.0,2019-06-26,1268.191311,15.83795565,30.23068303,39.66596616,0.011769481
,1259.16,1260.43,1256.63,1257.15,627908800.0,2019-06-27,1265.155049,14.14546185,27.00013706,37.98115699,0.09107001
,1258.31,1258.85,1244.81,1244.89,645099008.0,2019-06-30,1262.726039,9.471103005,45.89784118,43.54274852,-0.001995798
,1245.58,1245.68,1237.43,1241.61,364343808.0,2019-07-01,1260.43,7.62128167,54.40499403,49.91932583,0.11144094
,1242.83,1253.06,1238.77,1253.06,429477280.0,2019-07-02,1258.85,20.70499398,38.23581763,45.88408036,0.087603716
,1253.52,1270.04,1249.5,1268.68,550247808.0,2019-07-03,1237.43,42.27444383,24.92584334,41.87051618,0.037623457
,1269.48,1272.79,1258.87,1260.47,670169920.0,2019-07-04,1238.0822,37.14621942,19.24943498,39.84327943,0.086414579
,1262.98,1263.82,1255.01,1256.04,540529472.0,2019-07-07,1239.470512,31.47544541,22.99945952,34.98650998,0.041403699
,1256.15,1257.57,1245.62,1247.35,591053824.0,2019-07-08,1240.803292,25.00355102,34.42724377,31.1605244,0.113311688
,1247.41,1252.2,1244.36,1250.27,468263776.0,2019-07-09,1242.08276,21.39573119,31.77864102,28.83365033,0.056470722
,1250.43,1251.89,1246.15,1249.15,573447488.0,2019-07-10,1243.311049,18.89993406,28.0716847,26.97215107,0.080921053
,1249.46,1251.09,1247.63,1248.53,460036576.0,2019-07-11,1244.36,17.37296476,25.80370849,25.48295167,0.097141655
,1248.94,1253.09,1248.59,1249.49,285214560.0,2019-07-14,1245.4972,20.48417401,22.77272374,21.44448147,0.077204185
,1250.09,1254.56,1249.17,1254.56,430525920.0,2019-07-15,1246.588912,21.4881182,19.40491576,18.17443961,0.096466769
,1285.48,1285.5,1256.46,1259.01,347289280.0,2019-07-16,1247.636956,61.90857067,9.414638401,29.25956582,0.074957126
,1258.94,1274.86,1258.81,1274.86,426743456.0,2019-07-17,1249.17,46.41400067,7.058328569,38.12766679,0.019141414
,1275.71,1283.63,1272.49,1272.49,411369312.0,2019-07-18,1251.3498,52.17849711,5.799088213,46.50121605,0.100501276
,1276.29,1276.31,1265.6,1268.74,298157120.0,2019-07-21,1253.398812,42.9665482,16.13295952,46.28178915,0.075250791
,1268.77,1272.38,1267.92,1271.23,316643424.0,2019-07-22,1255.324883,39.35026056,14.77512593,46.10624763,0.085885232
,1271.24,1279.42,1271.22,1277.17,368980864.0,2019-07-23,1257.13539,46.88745332,12.3803983,48.52944078,0.116363059
,1277.48,1284.99,1276.07,1284.07,443481376.0,2019-07-24,1258.837267,49.69676598,10.14464954,52.04253018,0.094668737
,1284.41,1284.41,1269.35,1269.92,550532160.0,2019-07-25,1260.437031,35.98301951,19.65848747,47.50177753,0.121739516
,1266.63,1266.63,1250.18,1252.8,492673664.0,2019-07-28,1285.5,24.77953123,43.77415946,43.54295539,0.138280303
,1252.72,1259.69,1252.72,1255.98,350812576.0,2019-07-29,1284.7936,21.78572723,38.48546968,40.37589768,0.08432553
,1256.01,1262.16,1256.01,1259.37,294305024.0,2019-07-30,1284.101328,23.93286012,33.94065474,35.75922404,0.072646104
,1259.53,1267.73,1257.91,1265.57,370002048.0,2019-07-31,1283.422901,30.16241487,27.4921245,29.5336863,0.103024892
,1265.52,1270.88,1262.55,1263.84,590588224.0,2019-08-01,1282.758043,31.44560455,22.88230588,26.77939816,0.074681415
,1263.87,1266.37,1258.27,1259.64,474151744.0,2019-08-04,1282.106483,26.12173317,27.95418425,22.1012513,0.026251148
,1260.3,1261.63,1253.5,1255.09,443205472.0,2019-08-05,1281.467953,21.54522553,33.33584962,21.97779153,0.089130435
,1255.74,1255.74,1243.74,1245.73,450755168.0,2019-08-06,1280.842194,16.28210362,45.06079573,26.96512592,0.054969746
,1245.2,1249.98,1239.55,1248.48,368645664.0,2019-08-07,1279.358106,12.86713127,44.035552,32.52709229,0.039183239
,1248.91,1248.91,1237.7,1238.56,454629568.0,2019-08-08,1276.96962,10.03849756,37.98298617,37.6600017,0.089787501
,1236.62,1237.97,1229.69,1233.71,311756864.0,2019-08-11,1273.82805,8.245634624,47.32752376,44.19302493,0.161487322
,1234.68,1236.82,1232.11,1233.85,314228928.0,2019-08-12,1269.414245,7.371746094,42.31165996,49.41944352,0.111201299
,1234.59,1236.47,1229.06,1231.07,481629760.0,2019-08-13,1265.441821,6.100318151,42.11313201,54.47446242,0.131944444
,1230.97,1231.49,1224.43,1225.9,257285008.0,2019-08-14,1261.076002,5.060790097,46.11214201,59.62373634,-0.007424315
,1225.11,1226.06,1221.8,1224.03,424323136.0,2019-08-15,1255.945562,4.484415908,47.89166973,64.27420782,0.026367394
,1224.03,1226.07,1214.33,1214.83,329527904.0,2019-08-18,1250.482272,3.22079293,52.32604257,69.1000313,0.033001777
,1214.96,1229.5,1210.8,1222.06,389625280.0,2019-08-19,1243.974863,2.063233097,40.30438741,73.33209115,0.085836076
,1222.04,1222.87,1212.1,1213.63,272509024.0,2019-08-20,1237.33989,1.639124795,32.01961079,76.71773903,-0.048005952
,1213.96,1216.3,1209.77,1214.05,292641728.0,2019-08-21,1232.031912,1.41818724,32.51319264,79.70236149,0.075732601
,1214.37,1220.9,1212.43,1213.06,261670203.0,2019-08-22,1227.57953,10.90411203,26.68201371,72.15748804,0.135714803
,1212.76,1213.23,1201.71,1209.62,350269509.0,2019-08-25,1224.017624,8.356198967,42.19121003,71.11342679,0.123543531
,1209.7,1210.24,1199.31,1203.13,380596571.0,2019-08-26,1220.9,6.542988711,37.80079041,70.98868361,0.087886905
,1203.42,1212.3,1203.4,1208.0,244668209.0,2019-08-27,1216.582,9.4944782,30.79340118,67.36431203,0.090649351
,1209.7,1213.46,1197.32,1197.75,371022592.0,2019-08-28,1199.31,6.743959861,32.78563997,67.067237,0.19797808
,1198.49,1201.23,1194.09,1196.41,277359659.0,2019-08-29,1213.46,5.812782866,34.50502148,67.88682588,0.124092986
,1196.6,1198.51,1184.06,1184.78,297398003.0,2019-09-01,1213.46,4.308003167,43.54147781,70.70816508,0.035613345
,1184.93,1190.88,1167.81,1170.34,407569712.0,2019-09-02,1212.284,2.840512633,52.70351734,74.52093859,0.108553581
,1170.87,1190.9,1156.72,1190.9,510552041.0,2019-09-03,1209.61556,1.741725629,44.86731407,78.12199737,0.025060995
,1192.21,1198.48,1183.4,1194.77,436444688.0,2019-09-04,1205.383915,10.27329201,36.97859499,73.80097843,0.037692863
,1195.89,1196.92,1189.05,1191.07,290177357.0,2019-09-05,1201.490802,9.216202351,33.17361307,70.34416327,0.054183333
,1192.07,1192.33,1176.41,1178.46,305310719.0,2019-09-08,1198.48,7.313378499,42.71712471,70.42819495,0.082405604
,1178.47,1180.28,1166.09,1168.91,299200764.0,2019-09-09,1196.92,5.945661844,48.32949378,71.96068969,0.099470899
,1168.91,1172.82,1161.2,1166.67,237959653.0,2019-09-10,1193.704,4.990354294,47.32578898,73.75301491,0.079394987
,1166.68,1168.06,1161.95,1163.21,341745136.0,2019-09-11,1190.74528,4.513682845,42.80529783,75.1868751,0.096927609
,1163.71,1164.09,1156.37,1157.88,376184491.0,2019-09-12,1188.023258,3.922008908,46.66894777,77.04854357,0.058576506
,1157.68,1160.55,1140.01,1140.01,288099912.0,2019-09-15,1184.857932,2.731284051,56.68185746,79.79999316,0.020099432
,1140.49,1140.55,1122.02,1123.83,343918221.0,2019-09-16,1179.47618,2.034682441,66.9867015,82.66083391,0.063582525
,1127.26,1152.51,1127.26,1150.74,383957426.0,2019-09-17,1171.432315,15.1407467,44.8540649,76.03396307,0.053424874
,1150.65,1173.14,1150.65,1172.15,455311885.0,2019-09-18,1122.02,33.8771775,33.88113066,60.8283373,0.032142857
,1173.44,1178.28,1155.3,1155.3,399930871.0,2019-09-19,1123.0424,31.13700583,25.81502225,50.53160542,0.097507902
,1155.3,1157.79,1135.18,1139.25,226950238.0,2019-09-22,1125.251904,24.08499122,40.12246524,45.42080196,0.145509247
,1139.92,1147.85,1137.87,1140.98,177279039.0,2019-09-23,1127.373028,21.40961313,35.66563303,41.33215919,0.006159282
,1140.99,1141.62,1132.72,1134.56,218278449.0,2019-09-24,1129.409307,19.05066547,38.11161568,39.73479298,0.179966441
,1134.56,1135.26,1130.88,1131.53,166921799.0,2019-09-25,1178.28,17.84137163,38.35902137,39.08943803,0.084769463
,1131.52,1133.8,1128.61,1129.8,212541352.0,2019-09-26,1177.332,16.30807026,38.82129134,39.43896627,0.153731111
,1129.81,1131.87,1123.66,1125.14,241498554.0,2019-09-29,1175.38312,13.93928546,41.94000869,41.57303305,0.108287338
,1125.49,1135.56,1121.09,1135.56,168828923.0,2019-09-30,1172.279733,16.74217551,31.7725841,39.45464743,0.084053447
,1135.05,1146.11,1134.82,1145.69,311488652.0,2019-10-01,1168.184554,31.40979892,25.69686134,33.56451349,0.087640879
,1145.69,1149.7,1140.07,1140.71,203287237.0,2019-10-02,1164.41699,32.40384416,21.3449261,30.9666512,0.082711324
,1142.44,1149.4,1138.58,1149.4,176633514.0,2019-10-03,1160.950831,26.177403,19.88954684,27.50319831,0.274930341
,1149.03,1151.81,1148.13,1149.01,63845411.0,2019-10-10,1157.761964,29.14628446,18.387458,26.52937514,0.02056994
,1149.01,1151.52,1135.04,1136.96,218635691.0,2019-10-14,1154.828207,20.48578776,36.52546016,26.85034499,0.151144094
,1138.38,1142.04,1135.86,1142.04,222452078.0,2019-10-15,1152.129151,17.98128453,32.06001642,27.10712086,0.093016632
,1142.39,1142.71,1136.0,1137.03,196618963.0,2019-10-16,1151.52,16.84332928,27.49748418,26.49127154,0.005411255
,1137.03,1140.38,1135.87,1137.75,182994905.0,2019-10-17,1149.0856,15.04452201,24.86869022,26.11578223,0.113053002
,1137.69,1138.99,1132.58,1133.71,113359956.0,2019-10-20,1146.845952,12.64526798,29.08802895,28.77255006,0.085200216
,1133.73,1135.84,1130.14,1132.4,164349536.0,2019-10-21,1144.785476,10.7412185,31.15375291,32.76266271,0.04669237
,1132.45,1134.81,1130.21,1134.79,165296005.0,2019-10-22,1142.889838,9.324825155,27.04565583,35.95475284,0.102842713
,1135.4,1142.82,1135.4,1142.6,163757847.0,2019-10-23,1121.09,29.53007379,21.00244323,32.13890847,0.125726611
,1142.41,1150.47,1141.39,1149.34,327632258.0,2019-10-24,1121.5246,42.66433903,15.96138913,34.82076199,0.028093669
,1149.74,1151.48,1143.07,1146.17,254312462.0,2019-10-31,1122.682416,35.99815413,12.49043257,37.55279715,0.063979334
,1145.83,1146.88,1136.39,1139.29,175544472.0,2019-11-03,1124.410271,26.88328662,25.45174561,30.5893057,0.07285579
,1139.57,1141.13,1135.96,1140.26,191854333.0,2019-11-04,1126.034455,23.25565071,23.13960869,24.52146778,0.107792308
,1140.21,1141.86,1138.66,1139.45,284472501.0,2019-11-05,1127.561187,23.21375835,20.95215222,20.64131529,0.123952763
,1139.49,1141.08,1136.74,1138.02,206253847.0,2019-11-06,1128.996316,20.00732511,24.16876824,18.39707719,0.188778747
,1138.27,1139.36,1131.33,1131.97,374150571.0,2019-11-07,1130.345337,15.16330074,34.62889821,22.53639557,-0.002637014
,1132.47,1135.9,1129.89,1131.8,293149044.0,2019-11-10,1151.48,12.36297148,32.65859887,27.04507357,0.070631105
,1132.7,1147.74,1132.7,1145.57,549998241.0,2019-11-11,1151.0482,35.87568563,20.25635075,27.20127113,0.087172865
,1146.14,1147.06,1138.57,1139.96,379849435.0,2019-11-12,1150.625036,28.63566869,16.16844776,27.32622917,0.061166667
,1140.65,1140.65,1133.49,1135.16,275427886.0,2019-11-13,1150.210335,23.6123195,25.77833206,22.73807748,0.070714586
,1135.15,1139.41,1133.67,1135.95,228357493.0,2019-11-14,1149.803929,20.08208383,21.92425973,19.06755613,0.091893116
,1135.73,1137.25,1129.15,1131.36,355159768.0,2019-11-17,1149.40565,15.89120567,28.99421568,21.09247067,0.051065416
,1131.4,1133.43,1128.0,1131.12,356861857.0,2019-11-18,1148.595424,13.52590008,27.83091619,23.79182824,0.112357923
,1131.13,1132.4,1127.91,1129.99,259330595.0,2019-11-19,1147.359699,11.72244569,24.38738594,26.04813959,0.074131739
,1130.01,1139.74,1127.63,1128.34,303724204.0,2019-11-20,1145.803723,26.88355759,16.82448295,25.44136026,0.026686508
,1128.34,1128.69,1118.1,1120.6,297797071.0,2019-11-21,1143.98635,20.07751025,35.34776665,25.86330205,0.176293261
,1120.62,1121.94,1108.76,1110.08,280534415.0,2019-11-24,1140.879988,14.40429094,45.38370988,31.05373073,0.003950216
,1110.11,1112.15,1102.46,1110.08,288858484.0,2019-11-25,1136.38319,11.43488323,49.43074901,37.32814719,0.058690476
,1110.08,1111.76,1107.57,1109.16,295869180.0,2019-11-26,1130.95548,10.28849895,44.47515545,42.34768035,0.107382468
,1109.09,1117.46,1108.02,1117.46,212363736.0,2019-11-27,1126.396203,21.31760703,34.68291508,38.65142408,0.028409091
,1117.64,1119.63,1112.79,1112.79,243391320.0,2019-11-28,1122.56641,23.04796972,28.91651621,33.17981512,0.097580165
,1112.79,1114.31,1109.97,1112.85,206314323.0,2019-12-01,1119.63,20.36280828,33.11767189,31.31376574,0.063690476
,1112.87,1113.73,1110.98,1111.99,232259331.0,2019-12-02,1119.63,18.64254143,30.31986364,29.82092624,0.067516234
,1112.06,1117.82,1111.19,1115.74,266801558.0,2019-12-03,1102.46,27.37800558,24.1670627,25.10261882,0.089869099
,1116.12,1128.0,1116.12,1124.47,308214465.0,2019-12-04,1102.7672,45.14875186,16.45064769,29.39975217,0.047748316
,1124.47,1134.93,1124.44,1131.92,358839860.0,2019-12-05,1103.776512,50.47274647,12.26290418,35.70102306,0.094506963
,1131.92,1135.37,1125.81,1135.37,287527825.0,2019-12-08,1105.645721,40.16098955,9.506169139,40.90491915,0.054389234
,1135.36,1155.06,1132.88,1148.89,464220392.0,2019-12-09,1108.023664,59.34624579,5.754508272,49.1881801,0.121215304
,1149.09,1158.11,1147.43,1151.36,500328915.0,2019-12-10,1112.727297,53.43658536,4.649955321,56.14845612,0.031349206
,1155.05,1166.15,1153.14,1161.47,551377852.0,2019-12-11,1118.173222,53.66714698,3.490261743,62.47620368,-0.002435065
,1162.25,1175.3,1159.91,1172.64,675173000.0,2019-12-12,1124.889971,55.08461738,2.635361964,68.15465462,0.13183606
,1172.44,1181.7,1167.86,1167.86,686076111.0,2019-12-15,1132.955575,53.17572037,2.066404263,73.02747113,0.117146216
,1167.82,1170.56,1153.23,1154.11,407900555.0,2019-12-16,1141.729572,39.74510664,22.86650647,63.81350072,0.079912905
,1154.86,1158.36,1150.66,1155.37,279244135.0,2019-12-17,1148.924249,34.85567726,24.15945745,54.67570794,0.105
,1155.32,1158.15,1150.14,1152.07,294709858.0,2019-12-18,1181.7,30.04889145,21.72300398,46.95693979,0.1353802
,1152.06,1154.28,1148.35,1149.64,419088133.0,2019-12-19,1181.0688,26.64810219,22.68074836,39.17408468,0.059902759
,1149.62,1151.3,1147.67,1150.81,374466465.0,2019-12-22,1179.760048,24.52431906,22.36610593,32.25980243,0.071138331
,1150.92,1168.79,1150.92,1168.58,595764544.0,2019-12-23,1177.834645,48.56151956,14.97620366,36.37961386,0.080679039
,1169.32,1176.7,1164.85,1166.21,721642965.0,2019-12-24,1147.67,52.45334585,11.77190063,41.77205671,0.054901051
,1166.56,1173.14,1165.77,1168.03,538340829.0,2019-12-25,1148.2506,44.97268728,10.09304549,46.08601099,0.07172619
,1167.74,1170.45,1165.94,1167.41,588677887.0,2019-12-26,1148.819588,40.54917051,9.100292803,49.53717441,0.03365453
,1166.86,1167.24,1159.23,1162.43,422453909.0,2019-12-29,1149.377196,33.15548464,22.39808553,43.50254161,0.061012807
,1161.82,1167.95,1159.25,1167.95,622363488.0,2019-12-30,1149.923652,28.27868672,18.02789799,39.22939013,0.015740741
,1168.61,1171.48,1163.02,1166.03,442256156.0,2019-12-31,1150.459179,30.85649593,14.57194502,38.55283184,0.018141946
,1166.52,1169.5,1163.99,1169.5,372988301.0,2020-01-01,1150.983996,26.69089952,12.60474687,38.0115852,0.065056818
,1168.63,1169.27,1165.24,1166.21,532211211.0,2020-01-02,1151.498316,23.61052049,11.15004138,37.5785879,0.239469826
,1166.49,1187.33,1163.39,1182.31,712425827.0,2020-01-05,1152.002349,46.81552755,6.157828492,45.41311508,0.121483668
,1183.35,1200.69,1183.35,1200.69,842582150.0,2020-01-06,1153.415455,54.59125909,4.307129103,53.40536679,0.142186598
,1200.65,1218.14,1200.65,1216.92,1102736748.0,2020-01-07,1156.251928,66.48923015,3.172864972,60.90243322,0.075559163
,1217.82,1223.66,1207.26,1209.6,732169261.0,2020-01-08,1161.202974,58.74566014,2.424501189,67.13653229,-0.01704816
,1209.87,1216.23,1206.49,1213.11,837035757.0,2020-01-09,1167.448677,49.99204933,3.241223935,71.2737386,0.113607804
,1213.19,1255.72,1213.19,1255.72,1335747967.0,2020-01-12,1173.069809,69.15743673,1.785952621,76.0120175,0.002525253
,1260.01,1285.5,1259.34,1270.86,1665520000.0,2020-01-13,1182.987832,77.84689511,1.28278559,80.16116675,0.067056728
,1271.11,1274.86,1254.3,1263.38,1026443666.0,2020-01-14,1197.339535,62.62134299,5.826348433,80.7240861,0.044149578
,1263.32,1287.2,1263.32,1284.23,893677000.0,2020-01-15,1209.682,60.20048227,4.537805584,81.77548414,0.099751829
,1284.28,1313.19,1284.28,1310.23,1682330000.0,2020-01-16,1222.08488,67.6183876,3.39845342,83.50621971,0.125414983
,1310.26,1349.1,1310.26,1343.65,2090877917.0,2020-01-19,1238.483802,74.95900399,2.391175123,85.56843041,0.036
,1342.7,1359.32,1308.62,1317.11,1953780000.0,2020-01-20,1260.607041,57.10451226,1.612119075,87.35650756,0.083988928
,1318.65,1331.28,1309.14,1320.47,1519976760.0,2020-01-21,1280.349633,48.48227482,1.36870445,88.78696929,0.060046898
,1324.32,1325.69,1310.64,1313.42,1581381364.0,2020-01-22,1296.143707,42.96940442,1.213070452,89.93133867,0.040950905
,1314.16,1320.76,1295.8,1297.47,1384209412.0,2020-01-23,1359.32,34.7725163,12.32338575,81.47843991,0.066930963
,1298.67,1299.46,1275.52,1276.68,965018662.0,2020-01-26,1358.0496,28.30009056,25.7974898,66.10796919,-0.009249084
,1276.68,1300.62,1274.03,1300.62,917359865.0,2020-01-27,1354.748416,22.48849319,21.65055266,53.26605757,0.118073593
,1300.65,1316.44,1300.65,1306.15,1400467805.0,2020-01-28,1349.905311,32.75793606,18.78208677,48.03614567,0.098474702
,1306.16,1311.74,1302.14,1305.88,1293711383.0,2020-01-29,1345.352792,29.76647798,17.06690468,43.85221615,0.046960678
,1306.29,1331.83,1306.29,1325.38,1966219749.0,2020-01-30,1341.073425,41.00284722,13.04248772,45.42877494,0.066845815
,1325.62,1349.68,1331.87,1346.64,2077987799.0,2020-02-02,1274.03,48.02289423,10.22129348,49.32340555,0.00772096
,1348.12,1355.27,1339.6,1349.13,1611719203.0,2020-02-03,1275.543,46.1893207,8.703718596,53.11641313,0.117156177
,1351.01,1353.27,1334.09,1337.04,1570166163.0,2020-02-04,1278.73208,37.63916744,12.41040484,52.57464027,0.084542541
,1338.5,1342.62,1335.72,1342.36,1082483909.0,2020-02-05,1281.793597,34.74677432,11.45672356,52.14122199,0.021602934
,1341.03,1346.6,1331.02,1333.69,1049345436.0,2020-02-06,1284.732653,28.55367907,14.79153052,48.06299813,0.084015425
,1332.91,1333.85,1316.1,1319.99,950402584.0,2020-02-09,1287.554147,22.77325933,28.81352955,40.79218808,0.060475397
,1320.77,1329.84,1315.37,1324.26,932086055.0,2020-02-10,1290.262781,18.87876506,24.74881881,35.3247332,0.063958116
,1324.31,1342.91,1323.69,1341.38,1532250440.0,2020-02-11,1292.86307,29.7421453,19.27573901,32.53023047,0.049723237
,1341.07,1353.29,1340.87,1345.97,1509784311.0,2020-02-12,1295.359347,37.90090803,16.35435327,33.9668444,0.054014949
,1346.45,1354.88,1342.9,1344.59,1773805746.0,2020-02-13,1297.755773,34.09569934,13.8275652,35.63205377,0.078789674
,1344.73,1363.97,1344.73,1363.97,1978108701.0,2020-02-16,1300.056342,37.14472494,10.53590928,39.66691052,0.109812198
,1364.34,1403.21,1364.34,1398.24,2687533442.0,2020-02-17,1303.891162,60.77663435,6.574687988,47.82881637,0.037328341
,1399.47,1416.87,1387.68,1400.01,2125977034.0,2020-02-18,1311.836669,57.1553098,4.871580453,55.12146052,0.040687229
,1399.29,1406.25,1389.12,1405.25,1628841389.0,2020-02-19,1322.340002,48.02884917,4.093694945,60.95557583,0.076191604
,1405.51,1434.57,1405.51,1434.57,2785004908.0,2020-02-20,1331.793002,60.39433712,3.051273111,66.84075115,0.163827551
,1435.87,1509.92,1435.87,1504.14,3608526354.0,2020-02-23,1344.126241,78.21479768,1.678361053,72.63229815,0.108700171
,1507.98,1536.83,1499.04,1502.18,3410516278.0,2020-02-24,1367.337368,76.67348841,1.309096946,77.43435684,0.128718998
,1504.8,1544.07,1480.24,1545.19,2992160524.0,2020-02-25,1394.456189,52.35380493,10.23599655,75.40584686,0.11284632
,1548.32,1596.13,1548.32,1596.13,4154883092.0,2020-02-26,1421.386675,64.33456654,7.775661942,76.01146861,0.138451643
,1598.81,1635.51,1558.65,1632.17,4460536251.0,2020-02-27,1456.33534,60.24879332,5.350234393,77.54678849,0.128676046
,1639.87,1667.74,1591.36,1591.36,4847437505.0,2020-03-01,1492.170272,55.20753982,3.856102858,79.42594076,0.111320346
,1593.08,1593.5,1495.3,1495.3,2154428215.0,2020-03-02,1667.74,38.10556465,32.96411014,64.98762978,0.059551799
,1491.23,1540.59,1439.53,1509.67,3851622996.0,2020-03-03,1667.74,27.24750118,39.29589537,55.61131789,0.118153593
,1511.41,1513.43,1439.38,1441.2,2908472603.0,2020-03-04,1658.6116,21.60806553,31.2047198,48.12327062,0.064007937
,1442.92,1464.62,1408.82,1435.7,2457093463.0,2020-03-05,1645.457704,18.0827867,35.04882588,44.88503631,0.219355714
,1435.86,1436.66,1349.31,1349.31,1076696300.0,2020-03-10,1626.526688,13.70698031,43.05362213,46.248526,0.026741372
,1349.86,1423.09,1349.86,1423.09,2221081690.0,2020-03-11,1598.805019,10.91761054,34.29221229,47.33931775,0.099304052
,1424.6,1430.77,1371.56,1377.18,2206662182.0,2020-03-12,1573.855517,11.26569009,28.47856336,46.53327158,0.081931238
,1362.25,1362.25,1310.71,1313.04,2101417292.0,2020-03-15,1551.400965,9.100648394,40.59868998,49.90205425,0.138063839
,1312.69,1334.12,1291.67,1316.39,1615341877.0,2020-03-16,1522.518049,7.890170455,41.16452522,53.48786955,0.025227273
,1316.74,1321.26,1266.44,1272.06,1465184656.0,2020-03-17,1490.199323,6.49550825,42.02336827,57.43525965,0.088934659
,1272.1,1286.46,1234.16,1255.8,1184416878.0,2020-03-18,1454.397831,5.364674647,45.45259406,61.7254899,0.125658369
,1249.26,1278.93,1223.04,1269.3,1903142008.0,2020-03-19,1414.755021,4.352478586,40.63066951,65.51007269,0.0935576
,1269.08,1275.42,1246.2,1251.45,194642984.0,2020-03-22,1376.412017,3.874710996,36.17067811,68.53773891,0.052295847
,1250.95,1250.95,1226.15,1226.15,104372646.0,2020-05-12,1345.737614,3.46326225,40.74509062,71.69660933,0.022191558
,1225.68,1225.68,1201.57,1201.57,3613523.0,2020-05-13,1321.198091,3.06766301,47.51362139,74.93136013,0.06004961
,1197.09,1200.64,1149.73,1188.7,347771833.0,2020-06-29,1297.272473,2.357679874,59.66112375,78.42446549,-0.029533976
,1187.25,1260.75,1185.72,1260.75,227212194.0,2020-06-30,1267.763978,25.3066825,42.05287851,67.71175326,0.129159262
,1261.54,1336.52,1261.54,1336.52,407352247.0,2020-07-01,1149.73,45.58104478,30.63826576,58.09039819,0.055205628
,1351.89,1362.35,1256.11,1256.11,476654971.0,2020-07-02,1153.4658,38.72477994,20.76134258,52.51185739,0.1102592
,1256.18,1280.93,1246.8,1265.45,1033390231.0,2020-07-05,1161.821168,34.28628104,21.50826532,46.58986753,0.122027972
,1266.08,1298.73,1259.94,1298.73,927841329.0,2020-07-06,1169.842321,35.91089517,18.49644578,43.67340127,0.096388889
,1299.72,1345.96,1299.72,1336.66,1199041859.0,2020-07-07,1177.542628,47.1701814,15.24695778,45.1677139,0.052107892
,1338.54,1343.59,1319.1,1326.53,1078462141.0,2020-07-08,1184.934923,42.34803122,13.68827986,46.363164,0.016354724
,1327.13,1333.25,1312.01,1331.27,908086197.0,2020-07-09,1192.031526,38.12294682,15.65297403,45.44742122,0.079298986
,1331.31,1351.82,1331.31,1340.29,1111090272.0,2020-07-12,1198.844265,43.7478479,13.96761737,46.67760793,0.048542569
,1342.59,1352.69,1334.17,1342.4,1088716118.0,2020-07-13,1205.384495,39.5237039,12.45671112,47.75639056,0.155541126
,1344.42,1349.24,1340.66,1347.44,994545109.0,2020-07-14,1211.663115,37.19377956,11.72238737,48.61941667,0.080823864
,1347.88,1367.82,1347.88,1362.34,1160491522.0,2020-07-15,1217.69059,45.23361582,9.976249988,51.6676585,0.029574495
,1364.24,1395.82,1362.62,1394.77,1041770867.0,2020-07-16,1226.698355,54.22782376,7.639473998,56.3948621,0.161989658
,1408.51,1479.03,1408.51,1479.03,62566293.0,2020-07-19,1240.228086,73.11819056,4.398393329,62.84623686,0.057691198
,1539.37,1556.19,1460.15,1464.94,2802233715.0,2020-07-20,1264.108278,75.83948831,2.741355432,68.88155758,0.040367965
,1472.19,1479.3,1444.5,1449.94,1872220447.0,2020-07-21,1299.158085,64.78475427,8.896993111,70.27528834,0.058831169
,1452.78,1461.29,1429.65,1432.44,1532511716.0,2020-07-22,1330.001914,55.57769972,14.3027587,68.03324448,0.064441238
,1434.08,1440.32,1417.32,1442.61,1327135218.0,2020-07-23,1357.144485,49.22141465,18.79808221,63.37206971,0.10181932
,1445.6,1464.88,1444.77,1465.1,1942679380.0,2020-07-26,1381.029946,56.64594881,16.5124021,61.66934832,0.161172161
,1467.89,1475.2,1456.47,1462.48,1793915286.0,2020-07-27,1402.049153,56.47059058,14.64087351,61.10002819,0.042034632
,1463.81,1466.04,1449.86,1454.89,1259751557.0,2020-07-28,1420.546055,50.31291957,17.49908809,58.55790486,0.038582251
,1452.07,1452.07,1431.46,1431.52,1687093091.0,2020-07-29,1556.19,42.0192579,27.55981686,51.00258526,0.106925325
,1433.14,1444.06,1421.07,1439.06,1320266678.0,2020-07-30,1553.6954,34.9524794,30.52545167,42.15428801,0.008942658
,1441.26,1441.26,1396.02,1396.28,1841242332.0,2020-08-02,1548.390384,24.72442649,37.79604293,37.90497816,0.158539721
,1395.08,1411.13,1384.86,1403.86,1290252213.0,2020-08-03,1539.248161,20.39289604,38.6169725,36.50060245,0.016578813
,1403.88,1403.88,1374.13,1382.66,1189526408.0,2020-08-05,1526.897108,16.34045876,38.11029193,37.19663734,0.07032227
,1387.44,1388.68,1365.66,1381.37,920997056.0,2020-08-06,1511.620397,13.70607591,37.89809628,39.13330385,0.146394756
,1383.98,1392.68,1363.22,1392.68,977895525.0,2020-08-09,1494.10515,13.67976237,30.12805711,38.81593934,0.017142857
,1394.78,1430.41,1394.34,1430.41,1555518923.0,2020-08-10,1475.781229,35.01076664,22.6829697,35.32628192,-0.034628247
,1433.35,1441.31,1421.17,1423.81,1271738914.0,2020-08-11,1460.022657,37.71576939,19.47228114,34.64120044,-0.004891304
,1426.55,1427.15,1413.55,1425.32,951960208.0,2020-08-12,1446.470285,33.69049811,23.37389499,31.32873635,-0.000981169
,1431.89,1431.89,1407.43,1408.79,1048911791.0,2020-08-13,1441.31,27.17110654,23.69251544,26.43080008,0.047550136
,1407.85,1407.85,1381.89,1391.46,1259320850.0,2020-08-16,1431.89,21.46192194,38.66390558,26.86663487,0.060865567
,1391.79,1402.21,1385.7,1402.21,1074932597.0,2020-08-17,1431.89,18.48249841,33.29643893,27.2153027,0.09890677
,1403.98,1414.29,1400.81,1407.89,1239017426.0,2020-08-18,1422.2762,27.30993388,29.16435745,22.42897411,0.102814286
,1409.44,1409.44,1388.17,1391.29,976235059.0,2020-08-19,1414.29,21.9397379,35.11505726,22.56165853,0.018386462
,1392.89,1403.75,1392.89,1397.57,393129068.0,2020-08-20,1414.29,19.17827289,30.69526872,22.66780607,0.052873978
,1399.48,1410.34,1394.09,1410.34,1108053597.0,2020-08-23,1363.22,22.81755871,25.46926356,19.23255894,0.062954545
,1413.09,1431.6,1413.09,1431.6,2139202075.0,2020-08-24,1364.1624,39.62723556,19.92227537,22.00405623,-0.001055195
,1435.21,1440.94,1428.74,1440.94,1855180510.0,2020-08-25,1366.859904,44.61707385,17.23046514,26.45941263,0.046122449
,1445.47,1468.03,1445.47,1462.03,2656163730.0,2020-08-26,1371.30471,59.72235359,12.53098438,34.2302814,0.070833333
,1467.07,1472.73,1454.96,1458.04,1981761050.0,2020-08-27,1379.042733,53.64121668,10.24077955,40.97191483,0.054815201
,1459.16,1462.67,1444.92,1462.67,1614554300.0,2020-08-30,1388.41146,43.67476327,18.84744566,40.71945139,0.034432234
,1466.57,1489.01,1466.57,1484.99,3462586125.0,2020-08-31,1396.843314,58.11138182,14.01669129,44.80233735,0.057418725
,1509.4,1519.78,1499.72,1510.57,4181036115.0,2020-09-02,1407.903316,67.13081069,9.848947931,50.72418798,0.1625
,1524.19,1524.67,1497.47,1510.42,2634886231.0,2020-09-03,1423.566052,56.06353596,7.631355884,55.78690587,0.205611672
,1538.42,1538.42,1494.97,1499.97,2782377887.0,2020-09-06,1439.742684,48.49023649,5.264469853,60.71212269,-0.04157074
,1503.37,1503.37,1483.65,1487.81,2164930214.0,2020-09-07,1457.5046,41.23475554,13.0659339,58.94482301,0.082484568
,1491.33,1500.15,1477.25,1495.15,1798363063.0,2020-09-08,1472.069372,33.87685971,15.72140583,54.47686195,0.104940476
,1501.86,1511.93,1495.11,1508.2,2563415186.0,2020-09-09,1483.65,38.96683553,13.50834708,53.2845481,0.055228105
,1514.13,1532.48,1512.53,1520.69,2170068283.0,2020-09-10,1477.25,48.21753428,10.77220383,55.32317898,0.082320827
,1528.15,1537.25,1522.28,1537.25,3386859972.0,2020-09-13,1488.2606,45.35880389,9.185919861,57.52211169,0.060780423
,1545.68,1553.56,1538.43,1540.51,3134135908.0,2020-09-14,1497.289292,53.74456987,7.776159831,60.96172863,0.002347884
,1544.71,1548.35,1531.05,1536.03,1800197903.0,2020-09-15,1508.543434,44.65758283,13.6740496,59.39261834,0.001556777
,1537.35,1543.98,1530.67,1541.4,1845634030.0,2020-09-16,1517.546747,38.41173739,12.1608881,57.89554077,0.036706349
,1555.86,1577.99,1547.13,1572.18,3315664319.0,2020-09-17,1524.749398,56.11457878,8.213445841,61.20920547,0.048445166
,1595.47,1605.12,1574.08,1575.18,2742795692.0,2020-09-20,1530.67,63.13697903,6.015957975,65.48756541,0.108362193
,1587.82,1587.99,1561.49,1569.06,2637376216.0,2020-09-21,1545.56,49.75136299,14.81295375,63.21287552,0.13429781
,1576.55,1577.19,1541.75,1546.15,2810425268.0,2020-09-22,1605.12,36.73272468,25.51197174,54.17566877,0.062605042
,1543.37,1555.52,1535.03,1555.52,1727821707.0,2020-09-23,1603.8526,30.89089006,26.67047355,44.80694104,0.035863095
,1565.31,1565.31,1554.38,1561.27,2233489024.0,2020-09-24,1601.099696,36.5168359,24.11340234,39.93705368,0.11190484
,1569.06,1575.43,1562.11,1565.55,3138243371.0,2020-09-27,1598.456908,41.2142394,20.87266971,38.50225443,0.077531265
,1566.44,1569.31,1557.42,1560.83,1690154525.0,2020-09-28,1595.919832,36.11915991,23.16864922,35.17049616,0.044444444
,1564.92,1564.92,1552.77,1553.62,1829872968.0,2020-09-29,1593.484239,31.19342365,25.22830888,30.25087108,0.091826923
,1561.58,1563.4,1542.57,1550.43,1953636694.0,2020-09-30,1591.146069,24.1388208,30.59716257,26.56051261,0.077470079
,1553.95,1572.94,1553.95,1571.04,2807708137.0,2020-10-01,1588.901426,28.40766971,23.43719068,23.1658534,0.175333104
,1577.77,1588.05,1577.77,1585.75,3178853719.0,2020-10-04,1535.03,39.34566249,19.19446457,25.4172588,0.115029286
,1587.31,1594.89,1580.65,1582.12,2578607088.0,2020-10-05,1536.0904,40.72934773,16.13749418,28.9827324,0.186484594
,1588.01,1588.01,1581.75,1586.29,2510585332.0,2020-10-06,1538.442384,37.45170801,14.83885095,31.83511127,0.110971095
,1593.04,1602.14,1587.59,1600.97,3358506296.0,2020-10-07,1540.700289,47.94574296,11.82666929,37.55362223,0.145987762
,1607.52,1614.04,1586.96,1589.63,2862712521.0,2020-10-08,1544.386671,46.73550859,8.250083557,44.04126482,0.082922448
,1594.01,1594.36,1574.62,1576.27,2395432599.0,2020-10-11,1549.958938,36.63923545,19.97243036,41.12112868,0.03538961
,1580.14,1580.8,1566.7,1578.01,1949060194.0,2020-10-12,1555.085423,30.71483642,25.82544843,34.62642659,0.082380952
,1583.29,1584.28,1567.23,1568.59,1819638977.0,2020-10-13,1559.801789,28.69103243,20.75322123,30.9119537,0.115508658
,1572.35,1573.08,1560.45,1561.17,1496387992.0,2020-10-14,1614.04,24.2761459,25.82015435,25.34597912,0.099094968
,1564.69,1579.55,1560.69,1562.46,1425890738.0,2020-10-15,1612.9682,26.51402367,20.05877855,23.04889269,0.093388176
,1565.9,1567.89,1554.14,1556.8,1252748181.0,2020-10-18,1611.917836,22.0335591,24.71896874,19.58789039,-0.018040293
,1556.85,1570.38,1555.46,1570.38,954656107.0,2020-10-19,1609.606723,21.03698279,20.10972497,16.12102046,0.192826618
,1576.62,1583.6,1573.06,1583.6,1271829990.0,2020-10-20,1607.388054,34.55333486,16.66747906,19.88063971,0.094025974
,1591.04,1597.71,1588.78,1597.71,1633246148.0,2020-10-21,1605.258132,46.72077531,13.56876412,26.90211152,0.053057239
,1609.11,1609.52,1596.22,1606.25,1994543919.0,2020-10-22,1554.14,54.28145713,11.13059085,34.71524227,0.266214032
,1612.5,1647.45,1612.37,1647.45,2725994069.0,2020-10-28,1555.2476,69.78346737,6.563650684,44.33334722,0.043452381
,1661.64,1663.41,1640.48,1645.67,3037694845.0,2020-10-29,1558.935696,69.7434239,5.10612714,52.73793615,0.0500242
,1654.15,1654.15,1634.63,1640.95,2930939007.0,2020-11-01,1565.204154,56.41322031,9.858269134,56.24011649,0.084065934
,1644.01,1646.9,1635.64,1637.63,2453954688.0,2020-11-02,1571.096505,49.5802322,8.66419733,59.04186077,0.105357143
,1636.2,1644.61,1635.15,1643.03,2237964572.0,2020-11-03,1576.635315,43.98523986,8.270981878,60.90239034,0.042857143
,1645.53,1645.7,1638.69,1640.64,1757423745.0,2020-11-04,1581.841796,41.29419809,7.488257917,62.58178853,0.063161838
,1644.94,1645.08,1634.38,1636.17,2842469177.0,2020-11-05,1586.735888,34.97841189,12.50368388,59.53204246,0.059509598
,1643.29,1648.58,1637.8,1648.58,3526777261.0,2020-11-08,1591.336335,33.74873583,10.23435741,58.31809632,0.134402056
,1648.75,1661.32,1648.75,1652.8,3699879726.0,2020-11-09,1595.660755,46.26381226,8.301054445,60.56920281,0.088870851
,1660.37,1678.79,1659.18,1678.79,4096190256.0,2020-11-10,1599.725709,53.07616266,5.602345328,64.63635218,0.107400319
,1681.82,1707.67,1681.82,1707.67,4099604742.0,2020-11-11,1606.050853,67.67370325,3.859511238,69.55091716,0.076002886
,1713.71,1722.32,1702.7,1718.49,4256475891.0,2020-11-12,1616.212767,69.13546751,3.052978877,73.94906199,0.161477032
,1714.86,1741.81,1708.87,1741.81,4791041649.0,2020-11-18,1628.945635,66.09686145,2.122253804,77.91487473,0.178268398
,1750.42,1779.21,1750.42,1778.12,6116730071.0,2020-11-19,1644.746646,76.33567699,1.481328918,81.57045752,0.09455809
,1791.21,1811.63,1761.75,1782.81,6878787665.0,2020-11-22,1666.260783,72.53832726,0.985272531,84.72033539,0.103571429
,1789.35,1792.41,1772.11,1780.43,4762704611.0,2020-11-23,1692.427242,61.97967587,0.841856636,87.24023769,0.123820346
,1790.19,1813.86,1786.71,1810.11,5442950189.0,2020-11-24,1713.883738,62.48326026,0.647764338,89.38176479,0.093290043
,1820.87,1874.81,1820.87,1874.81,5131886488.0,2020-11-25,1733.878991,73.84097184,0.415830396,91.28141598,0.071906544
,1894.78,1926.91,1879.0,1893.24,7613030091.0,2020-11-26,1762.065193,80.77114582,0.305666632,92.8743293,0.097647707
,1912.11,1971.42,1912.11,1968.27,9227348348.0,2020-11-29,1795.034154,72.85765414,0.204196413,94.18766972,0.199787608
,2000.0,2028.45,1971.24,1997.05,8867714682.0,2020-11-30,1830.311323,78.16135406,0.154762686,95.27109065,0.134795918
,2009.46,2022.25,1966.18,2000.4,7404154007.0,2020-12-01,1869.939059,60.97093431,2.105514056,94.88165843,0.043888663
,2016.82,2077.7,2016.82,2071.02,7463482972.0,2020-12-02,1901.641247,63.92895531,1.52682756,94.9722831,0.069387052
,2090.79,2118.41,2040.99,2055.45,8026023798.0,2020-12-03,1936.852998,61.02446132,1.13595846,95.24684142,0.064640577
,2051.51,2051.51,1932.11,1932.11,7209180213.0,2020-12-06,2118.41,40.41883152,30.5599267,78.97546054,0.129838384
,1929.46,2004.39,1914.42,2004.39,6667956831.0,2020-12-07,2118.41,30.90401138,27.9945193,64.16833606,0.070578231
,2033.97,2047.35,1982.07,1995.35,5719436384.0,2020-12-08,2110.2504,37.04520497,23.06913074,55.98449957,0.153447743
,2006.4,2009.81,1948.98,1955.75,4745649292.0,2020-12-09,2102.417184,30.74457878,28.39744115,45.58132893,0.076033058
,1954.6,1974.12,1938.92,1964.02,4146321050.0,2020-12-10,2094.897297,27.37662254,28.41739001,36.83813811,0.146397329
,1973.75,2010.45,1967.44,2010.45,4899484131.0,2020-12-13,2087.678205,35.15909394,24.06990323,33.21502457,0.065005669
,2022.72,2069.06,2022.72,2067.17,7204136923.0,2020-12-14,2080.747877,47.76791533,19.38932227,35.0234075,0.159602111
,2085.56,2100.96,2050.9,2061.41,6069331687.0,2020-12-15,1914.42,50.51100725,16.05590714,38.37074559,0.132011848
,2097.2,2097.2,2041.85,2055.22,5144675578.0,2020-12-16,1918.1508,40.81336841,16.11246559,39.37487173,0.161649351
,2058.72,2059.8,2025.19,2032.51,6769890815.0,2020-12-17,1921.806984,35.48793783,20.29102577,36.94887351,0.098943001
,2046.57,2046.57,1935.4,1935.63,8612857317.0,2020-12-20,1925.390044,23.28757818,41.08240544,35.08801967,0.019547258
,1919.05,1977.42,1874.07,1965.96,6698874354.0,2020-12-21,2100.96,16.63984003,46.294853,37.49447473,0.148175363
,1987.47,2061.41,1987.47,2061.41,6740744432.0,2020-12-22,2096.4222,34.32614063,34.81986725,30.13838676,0.107400536
,2094.27,2127.22,2063.13,2068.45,6862445215.0,2020-12-23,1874.07,45.8860549,28.6908734,28.72210381,0.055380592
,2091.59,2091.59,2025.65,2038.63,5369046322.0,2020-12-24,1879.133,37.59735474,33.77555436,24.04862171,0.100577398
,2047.12,2047.19,1994.8,1998.65,4623452312.0,2020-12-27,1884.09474,31.87845544,37.59497232,20.88456739,0.077896104
,1998.81,2013.51,1981.5,2007.29,3850320045.0,2020-12-28,1888.957245,28.56051571,38.00656493,19.54570814,0.094345238
,2016.26,2031.47,2009.38,2012.89,4092227802.0,2020-12-29,1893.7225,32.65129247,34.6056279,16.2177217,0.096683673
,2023.59,2062.06,2023.4,2062.06,4446222579.0,2020-12-30,1898.39245,38.12919349,28.19301026,15.97051424,0.167977393
,2079.37,2112.59,2073.8,2087.27,5703469837.0,2020-12-31,1902.969001,50.0251466,22.77231596,20.26371374,0.215414001
,2104.85,2175.39,2104.85,2175.39,6344017889.0,2021-01-03,1907.454021,56.29861583,16.04667449,27.33870057,0.005125232
,2207.05,2216.44,2154.0,2169.04,5961733122.0,2021-01-04,1918.17146,58.25694082,12.71938223,34.70272086,0.036363636
,2167.82,2182.39,2149.74,2165.49,4566381178.0,2021-01-05,1936.067573,51.30373346,12.75854125,39.79583999,0.091239951
,2170.82,2185.2,2170.31,2178.57,4425472339.0,2021-01-06,1952.889918,48.24281221,11.7043971,44.02686918,0.077241033
,2181.27,2204.97,2179.09,2194.48,5874708279.0,2021-01-07,1968.702923,51.48060479,10.28204879,48.56242343,0.1122837
,2201.38,2238.24,2201.38,2235.72,6326646806.0,2021-01-10,1983.567148,56.41824943,8.21386979,53.76647876,0.196359817
,2264.27,2266.44,2229.13,2239.42,5524832993.0,2021-01-11,2003.940976,59.80136691,6.76388725,58.94866777,0.128693182
,2243.16,2267.73,2233.61,2267.73,4982391897.0,2021-01-12,2030.190878,50.3949043,5.628157532,63.14047657,0.073123623
,2279.04,2296.17,2277.26,2286.54,5914389261.0,2021-01-13,2058.695573,57.78103221,4.790132913,67.45018294,0.066965448
,2299.33,2316.8,2297.5,2315.0,6374267782.0,2021-01-17,2091.941993,59.49928045,3.998327844,71.44141977,0.170781926
,2333.87,2340.57,2319.58,2332.31,6314664167.0,2021-01-18,2127.919274,64.47315196,3.403993003,75.14716282,0.146121212
,2361.99,2362.86,2304.98,2326.9,7467439848.0,2021-01-19,2166.196405,56.7865063,2.396179873,78.49821615,0.075949883
,2361.52,2362.99,2322.72,2342.76,6210966026.0,2021-01-20,2205.529124,45.22484184,1.905531282,81.18133023,0.150150072
,2372.86,2376.13,2354.7,2374.64,7798528433.0,2021-01-21,2237.021299,44.20150854,1.572093947,83.57126456,0.102197611
,2396.74,2429.11,2396.74,2424.84,9376053220.0,2021-01-24,2264.843039,58.16232429,1.158478111,86.07585019,0.084540945
,2447.01,2456.22,2408.87,2440.87,8903538731.0,2021-01-25,2297.696431,57.96048915,0.900918949,88.24844951,0.097012446
,2461.42,2462.28,2419.89,2423.09,8279701077.0,2021-01-26,2329.401145,49.26124734,0.721430297,90.02141535,0.215826783
,2433.74,2449.42,2416.62,2441.85,8006238770.0,2021-01-27,2355.976916,41.30244874,2.215578846,89.98066237,0.10408189
,2460.83,2460.83,2420.64,2425.29,9898456128.0,2021-01-28,2377.237533,38.74106257,1.776079132,90.2311198,0.070880317
,2425.53,2425.53,2366.46,2370.54,8973206450.0,2021-01-31,2462.28,28.39330383,25.80059936,73.14172098,0.052861406
,2372.04,2413.18,2372.04,2408.24,6972936529.0,2021-02-01,2460.83,22.87919079,20.79000172,59.47020193,0.107897833
,2434.48,2473.73,2429.9,2473.73,8593472987.0,2021-02-02,2366.46,41.77546346,15.14374301,56.93388879,0.100992424
,2490.53,2519.85,2457.99,2466.92,9531716496.0,2021-02-03,2368.6054,49.73462557,11.46675817,58.0526673,0.108840639
,2479.6,2481.59,2443.68,2475.26,7615071093.0,2021-02-04,2374.655184,41.93476705,15.5883229,55.60243596,0.09354902
,2486.79,2524.0,2486.79,2524.0,10441951304.0,2021-02-07,2380.462977,51.00911822,12.45033847,56.63420527,0.119635854
,2553.78,2563.29,2538.83,2561.47,10619163869.0,2021-02-08,2389.075198,59.27072606,10.35076789,59.36048356,0.104868197
,2562.43,2585.15,2524.44,2532.46,8146269193.0,2021-02-09,2403.012382,53.55512281,7.807688075,62.39886245,0.055756448
,2544.8,2547.76,2511.03,2543.03,7649411398.0,2021-02-10,2421.226144,45.16350381,12.30503666,61.35437851,0.104599905
,2552.33,2565.13,2524.81,2526.92,8411732003.0,2021-02-11,2437.61853,44.79487005,10.12753663,61.70761581,0.116774042
,2536.47,2536.47,2482.24,2493.59,6927668931.0,2021-02-14,2452.371677,34.52366783,25.80471083,52.25659201,0.13239918
,2517.46,2586.01,2538.22,2586.01,10384197669.0,2021-02-15,2465.649509,40.78487245,17.33651135,49.87402888,0.083957131
,2615.36,2631.37,2584.14,2601.51,10035454955.0,2021-02-16,2480.092768,50.36076201,14.33207419,51.03760873,0.034201102
,2619.8,2623.64,2596.19,2611.45,8035510844.0,2021-02-17,2501.27158,44.72922196,12.72940484,51.9684726,0.11928726
,2634.47,2642.47,2619.17,2636.68,8762146785.0,2021-02-18,2519.485359,46.90819883,10.99296691,53.98048061,0.082655294
,2667.27,2667.59,2619.58,2640.34,8834603967.0,2021-02-21,2539.162902,48.03870505,8.697606676,57.05243378,0.139648148
,2665.86,2676.16,2603.05,2607.67,8406310671.0,2021-02-22,2562.279779,34.37578227,12.6544319,54.87913667,0.119184492
,2627.33,2627.33,2519.41,2586.51,8561539426.0,2021-02-23,2676.16,22.54456647,34.97316285,48.22496686,0.106224747
,2600.32,2620.45,2498.58,2599.07,6701872439.0,2021-02-24,2676.16,15.17307602,29.12647936,44.87954161,0.061528822
,2622.7,2622.77,2547.84,2554.13,6098188414.0,2021-02-25,2669.0568,12.74771318,23.27708453,41.74925743,0.069905158
,2557.79,2559.43,2474.39,2474.39,8355289814.0,2021-02-28,2662.237728,9.921130775,37.26708307,44.989568,0.103354978
,2488.33,2524.4,2442.6,2515.03,5692316831.0,2021-03-01,2650.966864,7.832848664,37.60302192,49.09591448,0.186719233
,2523.45,2529.64,2437.25,2455.33,6119638669.0,2021-03-02,2634.297515,6.038398375,30.31503685,52.6326295,0.175284993
,2449.23,2453.67,2391.14,2416.01,6254809442.0,2021-03-03,2614.592764,5.036366678,37.20476699,57.33694497,0.026227371
,2425.2,2507.09,2422.5,2506.68,6058104317.0,2021-03-04,2587.778432,17.22827582,28.74455949,50.87959444,0.084718379
,2519.97,2527.09,2473.08,2485.1,5005466480.0,2021-03-07,2564.18182,20.08455793,24.59836365,42.72404734,0.145383724
,2494.05,2494.41,2453.38,2461.88,4752708147.0,2021-03-09,2543.416802,17.66495529,27.41922161,38.50637302,0.067893218
,2476.93,2479.63,2446.09,2458.49,4100406337.0,2021-03-10,2527.09,15.72876535,26.79622172,36.01025291,0.040548665
,2466.27,2469.43,2397.3,2407.26,4952722195.0,2021-03-14,2510.776,12.14910011,36.09214185,38.73458099,0.025744048
,2418.51,2432.95,2379.78,2389.19,4248424066.0,2021-03-15,2496.41968,10.04302816,35.5476031,42.17618061,0.091564626
,2400.05,2417.47,2369.52,2391.75,3375699339.0,2021-03-16,2480.090125,8.40128007,33.23443112,45.66971925,0.066783217
,2399.21,2432.4,2390.05,2432.15,3374552178.0,2021-03-17,2462.398905,12.5065864,28.1534431,44.23220695,0.05720178
,2448.72,2476.61,2441.17,2475.09,4661792187.0,2021-03-18,2369.52,27.03284155,23.44898119,36.80562727,0.076939606
,2494.48,2538.47,2492.27,2538.47,5919824569.0,2021-03-21,2371.6618,43.22442167,18.06876525,37.65280609,0.102347884
,2562.37,2568.36,2509.21,2514.4,5351337290.0,2021-03-22,2378.334128,44.76750823,14.25360369,40.46224138,0.099194678
,2524.43,2531.46,2495.97,2528.96,5141897169.0,2021-03-23,2389.73568,38.64731604,17.405149,39.94918039,0.114872535
,2549.55,2570.67,2546.05,2570.31,6674423941.0,2021-03-24,2400.45314,47.90600368,14.49416654,42.66823726,0.102697303
,2584.79,2595.88,2543.56,2548.97,6500806040.0,2021-03-25,2414.070488,47.96381169,11.48289019,46.40807861,0.284796384
,2558.23,2562.6,2537.67,2543.52,4410345030.0,2021-03-29,2432.25144,42.68217564,12.82007115,47.887146,0.064011544
,2545.54,2576.33,2544.96,2575.67,6185679498.0,2021-03-30,2448.614296,42.55408393,10.85384924,50.18070031,0.096287689
,2596.66,2619.15,2592.8,2619.03,6166900816.0,2021-03-31,2463.340866,53.88451376,8.654971602,54.60887568,0.01796875
,2645.5,2645.5,2615.26,2631.9,7250924124.0,2021-04-01,2482.037962,58.86395395,7.358891252,59.24217449,0.061657235
,2658.31,2658.73,2646.05,2657.61,9006858558.0,2021-04-04,2504.922647,57.50329662,6.310798968,63.43799978,0.088611111
,2679.39,2682.27,2639.67,2658.75,7296760156.0,2021-04-05,2529.531824,57.00852852,4.920032903,67.57252338,0.089535714
,2678.96,2678.96,2641.8,2674.47,7477795738.0,2021-04-06,2557.024696,45.96366181,3.966822759,70.88014227,0.041369048
,2694.54,2694.98,2667.91,2671.62,7266972570.0,2021-04-07,2579.56885,47.94559719,3.371949702,74.07581227,0.0534617
,2690.28,2690.28,2672.24,2674.36,6556616680.0,2021-04-08,2602.65108,42.45920602,2.986099152,76.63234826,0.095053445
,2674.5,2694.38,2671.74,2691.56,7610828050.0,2021-04-12,2621.116864,38.85834819,2.544511215,78.84758346,0.108826479
,2698.07,2715.53,2688.18,2714.79,7143151000.0,2021-04-13,2635.889491,45.88129046,2.080025329,81.34331425,0.155355339
,2735.4,2755.3,2731.82,2735.4,8636668659.0,2021-04-15,2651.817593,59.09031391,1.554608376,84.04926737,0.115137085
,2759.9,2760.02,2696.3,2699.51,8801803215.0,2021-04-18,2672.514074,39.48146036,19.53707303,73.99810008,0.118753865
,2716.24,2716.87,2656.58,2661.94,6766801224.0,2021-04-19,2760.02,28.35337961,32.5995415,60.59173959,0.157438544
,2673.24,2684.77,2645.56,2664.62,5538617640.0,2021-04-20,2760.02,23.06777831,31.76168876,51.64464644,0.050142045
,2674.82,2675.41,2624.7,2632.21,5772251203.0,2021-04-21,2755.4416,17.72579931,33.9325386,47.59030513,0.107227408
,2647.11,2651.53,2609.02,2648.01,5915139888.0,2021-04-22,2747.597104,14.2643633,34.50917126,46.37379868,0.042431758
,2664.7,2665.56,2563.78,2572.21,7284194901.0,2021-04-25,2736.510936,9.002841014,38.1754854,49.46600768,0.156445313
,2571.5,2579.41,2500.74,2506.62,6590928202.0,2021-04-26,2719.237842,6.637393543,49.19938319,54.81795178,0.072679924
,2506.52,2599.37,2504.23,2599.08,5109096957.0,2021-04-27,2693.018101,10.71456216,35.21310738,54.5226777,0.188212892
,2606.56,2622.66,2563.95,2585.28,3990431236.0,2021-04-28,2669.944729,15.92196378,28.8802187,49.40279558,0.157282894
,2601.21,2612.29,2582.35,2611.11,4357019249.0,2021-04-29,2649.640161,14.28436275,25.90983913,45.30688989,0.110703549
,2627.82,2665.11,2610.81,2665.11,7360800500.0,2021-05-02,2500.74,29.97617598,21.01078905,39.76224876,0.109181548
,2676.46,2694.0,2645.71,2652.58,7529290146.0,2021-05-03,2504.0274,35.16063055,17.3615449,38.58754022,0.083754842
,2652.27,2663.64,2640.54,2654.03,5894773562.0,2021-05-04,2511.626304,31.85259503,17.83378837,36.51294908,0.118124523
,2675.95,2676.57,2648.52,2649.6,6216814313.0,2021-05-05,2518.921252,33.63248764,15.60527235,36.53287568,0.064596861
,2657.2,2659.09,2626.08,2637.13,6810091453.0,2021-05-06,2525.924402,28.41011543,23.73780162,31.01824702,0.040844017
,2652.58,2652.6,2613.32,2618.63,6148966772.0,2021-05-09,2532.647426,23.07956139,25.3789758,25.76362107,0.097544643
,2613.18,2647.07,2607.78,2645.85,4203832789.0,2021-05-10,2539.101529,18.69402488,23.23581842,22.7772744,0.079369103
,2647.48,2680.91,2645.77,2673.32,5810673071.0,2021-05-11,2545.297468,32.29170075,19.16459786,23.32405316,0.061776515
,2685.41,2688.75,2664.04,2673.88,5326052801.0,2021-05-12,2551.245569,32.21647752,16.60696639,25.0535113,0.077907047
,2701.92,2702.74,2679.03,2684.01,7126885280.0,2021-05-13,2556.955746,34.8677529,13.89893668,28.64245622,0.044881826
,2693.91,2738.59,2693.91,2738.3,10403879000.0,2021-05-16,2565.702801,43.44166474,10.03180205,35.40983056,0.17210275
,2748.83,2771.22,2747.82,2759.22,9576361139.0,2021-05-17,2579.533777,53.09595027,8.292319592,42.9246696,0.194200216
,2784.6,2794.96,2766.71,2793.81,11359360092.0,2021-05-18,2598.702399,55.63482418,6.712727789,50.03308525,0.113716006
,2816.26,2822.23,2769.2,2780.81,11958097411.0,2021-05-19,2622.253312,54.53544632,4.96025902,56.69159958,0.078170545
,2807.53,2807.53,2775.89,2787.19,9305222004.0,2021-05-20,2650.250048,45.64764242,4.151870854,62.01841104,0.048391626
,2768.87,2820.6,2737.43,2820.0,11695034728.0,2021-05-23,2674.327241,29.72828133,18.83079065,54.10307271,0.076722325
,2840.21,2850.73,2807.33,2823.05,13175353188.0,2021-05-24,2695.033627,37.08475526,15.34103524,51.57750525,0.048181818
,2828.07,2836.24,2803.72,2816.6,11133398108.0,2021-05-25,2719.945047,31.59970853,14.7138893,48.55395301,0.039259259
,2784.59,2836.06,2760.86,2815.4,14768808492.0,2021-05-27,2740.87064,22.13599967,27.37644601,40.95998224,0.058181863
,2836.11,2854.8,2814.72,2827.93,17028432245.0,2021-05-30,2758.448137,26.23129644,22.82273149,34.15770447,0.149636364
,2842.28,2851.18,2781.0,2782.86,13604619431.0,2021-05-31,2760.86,19.23017473,29.55531192,31.55903605,0.042572751
,2790.72,2799.85,2751.65,2771.15,8598160117.0,2021-06-01,2854.8,15.64529013,35.39711152,32.9866066,0.088016529
,2793.22,2827.29,2770.83,2827.13,11351815356.0,2021-06-02,2852.737,22.71187359,27.80697558,28.40639456,0.101795334
,2833.84,2876.11,2833.63,2856.77,16907020286.0,2021-06-03,2751.65,37.23122529,22.56098304,27.63219056,0.092666546
,2884.07,2920.21,2880.47,2906.91,17271787525.0,2021-06-06,2754.1392,44.78472902,17.2822602,30.96794124,0.06630303
,2928.09,2933.54,2892.23,2906.7,15818659063.0,2021-06-07,2760.782032,42.78234962,14.51746129,34.63996612,0.057520443
,2931.18,2960.29,2925.49,2960.14,16951320640.0,2021-06-08,2771.14751,44.25176634,11.52711101,39.44568174,0.107638889
,2995.08,3005.9,2933.62,2946.58,16997092703.0,2021-06-09,2786.278909,49.11059612,8.555859431,45.62182348,0.001076146
,2968.09,2971.89,2925.74,2944.78,16100412436.0,2021-06-10,2808.241018,40.73124787,10.00937066,48.60684101,-0.028670404
,2965.77,2984.24,2957.13,2983.11,19550166636.0,2021-06-13,2828.006917,39.27624426,8.465583813,51.79267041,0.071282051
,3009.46,3051.02,3009.15,3025.83,18884031519.0,2021-06-14,2845.796225,53.98996085,6.356531213,57.22078043,0.090053211
,3061.81,3064.07,3012.95,3022.11,16528749739.0,2021-06-15,2870.423078,48.58495273,5.149400508,61.94339647,0.025666667
,2989.55,3031.73,2943.3,2969.72,15484479319.0,2021-06-16,2897.533647,34.44197279,26.5781283,52.13217751,0.044199184
,2982.97,2990.01,2944.89,2968.42,10904958935.0,2021-06-17,2920.848736,29.04877402,22.416313,44.28320234,0.095942911
,2975.25,2980.27,2880.57,2905.32,11819428289.0,2021-06-20,3064.07,20.27825818,35.12646735,40.786469,0.038636364
,2924.07,2924.48,2828.62,2834.41,11619035674.0,2021-06-21,3060.4,14.879098,40.20316512,41.82417398,0.106854257
,2844.7,2914.43,2824.04,2913.84,10286269957.0,2021-06-22,3051.1288,11.3250165,31.81038248,42.95750842,0.136525974
,2939.05,2940.03,2856.84,2859.96,8362671681.0,2021-06-23,3037.503472,15.51723198,24.95329822,39.0291857,0.018956482
,2871.66,2873.76,2833.06,2843.0,7033603740.0,2021-06-24,3024.695664,13.70989909,28.85212883,38.33871898,0.076164844
,2856.05,2883.02,2834.42,2870.18,7167432728.0,2021-06-27,3012.656324,14.50130057,24.57905034,35.8284262,0.058815427
,2898.42,2901.99,2861.55,2871.7,7725594966.0,2021-06-28,3001.339344,18.82716924,21.29817133,29.89438264,0.078914141
,2880.34,2890.16,2823.21,2828.0,6726361869.0,2021-06-29,2990.701384,14.75214839,29.08331225,30.45412286,0.058230028
,2835.67,2844.19,2782.01,2823.88,5838551435.0,2021-06-30,2977.302073,11.78966228,36.54888191,34.60738819,0.077072193
,2833.56,2867.25,2831.11,2843.0,6707775484.0,2021-07-01,2957.772866,17.9553075,31.10317256,33.04598899,0.068920616
,2852.24,2857.83,2831.95,2834.52,5053538257.0,2021-07-04,2940.196579,16.15937584,27.99216082,31.79686963,0.061331169
,2845.51,2847.43,2814.33,2822.74,4582212579.0,2021-07-05,2924.377921,13.93159911,31.47188225,33.16390021,0.040494228
,2829.98,2835.31,2812.96,2818.11,4224018255.0,2021-07-06,2910.141129,12.47947737,28.83041553,34.44735379,0.036020924
,2815.49,2826.41,2793.9,2801.13,4585861976.0,2021-07-07,2897.328016,10.49120112,33.57789455,38.03538119,0.082251082
,2815.29,2832.73,2793.23,2825.11,4815520294.0,2021-07-08,2885.796215,11.56448482,27.03588642,38.44449811,0.16245026
,2845.43,2900.18,2845.15,2899.82,8061382496.0,2021-07-11,2782.01,36.33395403,18.48169788,37.26916005,0.047789116
,2915.58,2930.41,2842.3,2854.84,9980026527.0,2021-07-12,2784.3734,35.69209688,12.622369,39.36515022,0.067014685
,2867.16,2884.75,2846.78,2871.03,5546356224.0,2021-07-13,2790.214864,30.48579913,10.78118237,41.04194235,0.125739538
,2882.07,2883.25,2857.63,2872.05,5654576205.0,2021-07-14,2795.822669,27.14606178,9.600097461,42.38337606,0.018511003
,2885.4,2890.34,2876.85,2883.38,8143614302.0,2021-07-15,2801.206163,28.18071381,8.745173028,44.43348433,0.117357376
,2892.47,2980.61,2892.31,2980.61,11638126493.0,2021-07-18,2806.374316,52.21949136,5.494012924,51.73900417,0.139046073
,3003.47,3032.84,2981.92,2994.42,11813754607.0,2021-07-19,2816.828457,61.76432678,4.396505788,58.73313172,0.070342693
,2990.9,3018.76,2987.29,3004.33,11114121616.0,2021-07-22,2834.109381,53.68690479,3.821539066,64.32843375,0.078876874
,3017.56,3058.85,3017.51,3058.64,14232417472.0,2021-07-25,2850.00783,58.06691169,2.978115526,69.51132481,0.039635883
,3072.93,3076.13,3041.81,3050.43,14139785431.0,2021-07-26,2870.892047,56.92501077,2.537452354,73.90213267,0.084204545
,3030.51,3085.81,2999.2,3076.37,14711703855.0,2021-07-27,2895.520601,38.8099706,17.38592708,66.74647748,0.100634366
,3088.45,3113.59,3075.93,3094.95,13291954535.0,2021-07-28,2922.161117,43.96446872,14.82220328,63.31176447,0.076138393
,3103.53,3107.91,3076.39,3079.82,10905830064.0,2021-07-29,2952.789739,38.08845684,12.84116166,60.56399407,0.053805888
,3088.45,3099.13,3075.54,3081.07,12103871862.0,2021-08-01,2978.51778,33.85534429,11.81446636,58.10346997,0.073421717
,3087.91,3101.3,3079.04,3085.07,10983682606.0,2021-08-02,3000.129335,31.06140029,10.44519305,56.41671927,0.034564394
,3094.24,3111.16,3091.92,3111.09,11529217775.0,2021-08-03,3018.283042,32.0383993,8.929049888,56.41518567,0.08554798
,3126.99,3140.38,3120.78,3123.15,15595794271.0,2021-08-04,3033.532155,43.49871311,7.418037365,59.3045674,0.104455032
,3130.54,3138.61,3101.79,3107.45,14316249965.0,2021-08-05,3052.764767,34.36157313,16.69349471,54.3648389,0.002832892
,3117.03,3121.43,3099.07,3108.13,14308136887.0,2021-08-08,3068.535509,29.6360282,16.07065967,49.42770641,0.089905549
,3113.95,3122.56,3098.6,3109.6,14137338881.0,2021-08-09,3081.467517,25.75968907,13.57083059,45.74033316,0.009433622
,3120.3,3164.61,3114.06,3161.56,17846147279.0,2021-08-10,3092.071764,41.40169797,9.382372817,49.20225413,0.098617811
,3172.54,3198.26,3158.17,3162.41,15455941754.0,2021-08-11,3098.6,50.73617197,7.323347158,54.31639661,0.058224722
,3172.75,3189.66,3166.68,3178.91,17513276115.0,2021-08-12,3114.06,42.76258885,6.172426327,58.40771059,0.131510041
,3170.65,3187.48,3104.86,3154.34,21647600655.0,2021-08-15,3198.26,26.80009232,31.79899574,48.43230541,0.115211039
,3165.09,3171.2,3136.47,3160.09,15930897938.0,2021-08-16,3196.392,22.40547902,26.58467454,40.45198126,0.039985795
,3165.69,3177.14,3154.76,3160.32,18204939237.0,2021-08-17,3194.56136,22.88804822,23.48295558,32.61817094,0.08211079
,3172.3,3220.86,3153.42,3198.19,21313489269.0,2021-08-18,3104.86,35.69250009,16.31350508,33.54713572,0.087532468
,3208.53,3227.11,3178.25,3180.86,20499210767.0,2021-08-19,3107.18,30.7321388,12.77997347,35.0892801,0.10189076
,3186.47,3188.57,3121.68,3125.01,16124468060.0,2021-08-24,3111.9772,22.42136457,32.19433018,31.65023624,0.091915584
,3126.02,3126.02,3068.04,3076.45,12092103504.0,2021-08-25,3227.11,17.3405025,45.86340354,34.34586567,0.079761905
,3085.04,3108.06,3069.72,3094.05,13421974792.0,2021-08-26,3223.9286,14.60487416,38.62801767,36.50236921,0.107902378
,3105.75,3116.82,3038.78,3044.87,15483687945.0,2021-08-29,3220.810828,10.42167798,38.91968893,40.753262,-0.013540164
,3047.26,3047.59,2969.75,2975.84,13259696107.0,2021-08-31,3213.529595,7.679298548,52.01421137,47.45679153,0.062353638
,2977.29,3019.69,2961.0,2977.02,9351799655.0,2021-09-01,3198.902819,6.153257322,44.64057934,53.11976081,0.09885727
,2976.18,2994.35,2915.98,2926.74,9505970822.0,2021-09-02,3179.870594,4.6206165,47.82999075,58.97202371,0.06830413
,2928.8,2929.32,2779.03,2818.73,11240391045.0,2021-09-05,3153.481534,2.893182677,64.01554467,65.44798949,0.067032967
,2816.93,2981.27,2804.53,2980.79,9826222807.0,2021-09-06,3108.54735,12.29166812,41.31203962,63.18613942,0.024272487
,2999.62,3004.23,2912.99,2936.61,7495812161.0,2021-09-07,3069.005268,14.68904683,33.61821108,58.38589715,0.081587302
,2940.91,2940.91,2873.64,2876.59,6646623427.0,2021-09-08,3034.208236,12.53719479,37.26259264,56.63863876,0.060969388
,2880.55,2912.38,2865.96,2875.98,7050770070.0,2021-09-09,3004.23,11.13070903,34.9383429,55.64654105,0.07861271
,2887.5,2947.5,2887.47,2947.42,9440035244.0,2021-09-12,2977.206,17.87761924,28.73085479,49.17442695,0.097380952
,2962.81,2984.31,2939.79,2947.7,9290554155.0,2021-09-13,2779.03,25.74842603,25.24134974,39.53843489,0.076527005
,2950.37,2964.54,2915.62,2929.29,5195295443.0,2021-09-14,2783.1356,22.06711765,28.69639317,34.24257496,0.020634921
,2933.23,2936.89,2881.53,2889.03,5358097251.0,2021-09-15,2787.159088,18.35497286,34.22788569,33.43135549,0.045090789
,2889.21,2889.21,2795.24,2812.39,9033900623.0,2021-09-16,2791.102106,13.52684332,49.3789214,38.14374658,0.082236878
,2817.98,2821.13,2696.81,2698.25,8493401009.0,2021-09-20,2984.31,9.426386796,58.41106102,44.95677707,0.044152408
,2693.42,2766.45,2613.87,2712.07,7364798652.0,2021-09-21,2978.56,6.434161305,57.12461187,51.91615451,0.076414141
,2719.91,2819.03,2719.89,2816.95,6179300158.0,2021-09-22,2963.9724,15.73187584,44.69311369,51.11877148,0.085253968
,2833.52,2883.13,2804.16,2819.66,7726371029.0,2021-09-23,2949.968304,26.676402,37.21819787,44.19476267,0.145772006
,2836.36,2846.29,2756.33,2758.48,6500117780.0,2021-09-26,2936.524372,21.54525312,40.28612257,41.4177388,0.060192486
,2762.6,2769.79,2678.14,2685.42,5120973096.0,2021-09-27,2923.618197,17.30609605,49.14556572,42.716937,0.059715007
,2683.6,2695.35,2602.19,2615.4,5745488179.0,2021-09-28,2911.228269,13.84490922,55.62167324,46.20142331,0.162797619
,2616.78,2666.19,2578.76,2665.94,5028555092.0,2021-09-29,2892.685973,11.21389384,50.1442811,49.65069054,0.154278274
,2667.45,2687.59,2629.95,2633.42,3700029507.0,2021-09-30,2867.571895,14.72255114,43.3547002,49.58057453,0.11895637
,2637.36,2640.84,2572.96,2577.5,4113814246.0,2021-10-03,2844.466943,12.27575566,50.10254442,51.79264801,0.00541326
,2577.36,2596.67,2542.09,2570.81,3627799935.0,2021-10-04,2817.316249,10.51872477,51.0266836,54.59771905,0.021494709
,2569.79,2620.32,2569.78,2612.65,2996819683.0,2021-10-05,2784.289099,15.67439962,43.77456752,53.13171809,0.099380165
,2614.74,2681.39,2614.52,2681.11,4500658142.0,2021-10-06,2755.225207,29.91335847,35.25571289,44.14491123,0.126153581
,2687.19,2720.36,2654.35,2662.58,4498043581.0,2021-10-10,2729.648982,35.42821458,28.57957463,37.45586853,0.038888889
,2667.59,2670.34,2616.4,2639.38,3639468093.0,2021-10-11,2720.36,29.68622923,35.35043069,31.70654364,0.003673958
,2644.42,2670.34,2616.4,2656.97,1497375371.0,2021-10-17,2720.36,24.68519919,29.39519251,27.10708373,0.214285714
,2656.04,2656.04,2582.26,2587.45,2966899791.0,2021-10-18,2698.9676,19.11116731,33.07614674,27.03753446,0.078644781
,2588.24,2588.37,2481.85,2510.73,3777793666.0,2021-10-19,2680.142288,13.6271368,50.63425728,33.14771124,0.07979798
,2522.2,2590.89,2522.0,2571.66,2679028155.0,2021-10-20,2656.04,11.39884018,39.8717295,37.62508257,-0.011295609
,2573.05,2585.79,2542.65,2556.96,2635390460.0,2021-10-21,2631.6534,9.972835522,34.88374203,41.20697963,0.118833574
,2557.0,2587.85,2545.5,2584.53,2773420135.0,2021-10-24,2610.680924,9.292968564,30.24132287,43.56314524,0.058080808
,2588.75,2672.25,2588.24,2672.25,4308895575.0,2021-10-25,2481.85,31.5683091,22.49145819,38.20859609,0.097573954
,2678.86,2751.41,2678.01,2751.07,6318340932.0,2021-10-26,2485.658,46.91411146,17.44775012,39.72334334,0.059097629
,2753.4,2806.71,2716.99,2769.13,6612648840.0,2021-10-27,2496.28808,50.46368902,13.2410008,43.46468659,0.15296645
,2768.88,2783.77,2746.23,2782.17,5395268628.0,2021-10-28,2514.913395,44.81271312,11.75825988,46.45776119,0.045071354
,2785.95,2838.09,2775.54,2837.62,7823226493.0,2021-10-31,2532.421191,52.76149,9.534510168,51.04414003,0.062786024
,2852.32,2866.44,2804.31,2819.87,7777510778.0,2021-11-01,2556.874696,51.40537306,7.72140419,55.61168608,0.101871054
,2824.83,2845.89,2789.2,2843.62,6073716888.0,2021-11-02,2587.831227,42.24323053,11.09577275,56.16840391,0.1437981
,2858.74,2878.2,2837.59,2848.84,6553059152.0,2021-11-03,2615.692104,47.37942648,9.568644558,58.21376182,0.051152397
,2854.38,2863.8,2821.64,2829.65,4420719103.0,2021-11-08,2647.193051,40.19955299,13.85168093,56.32023076,0.087258085
,2831.0,2833.05,2730.21,2749.86,6527729547.0,2021-11-09,2674.913885,27.49514393,37.57108093,48.15331742,0.027479157
,2750.03,2750.28,2687.68,2690.29,5119602540.0,2021-11-11,2878.2,22.16515511,43.45802057,45.01208857,0.108070267
,2694.05,2704.47,2667.34,2688.92,4096219525.0,2021-11-14,2874.3896,19.37980198,44.88084419,43.94642336,0.04656235
,2688.06,2728.91,2685.67,2715.35,4734651444.0,2021-11-15,2866.107616,25.12343217,37.9404692,39.2219164,0.10475156
,2720.59,2784.63,2716.0,2784.58,5521650857.0,2021-11-16,2858.156911,38.20122249,28.96862052,34.12656499,0.094719336
,2795.19,2825.98,2795.19,2801.52,7379446820.0,2021-11-17,2850.524235,47.46033851,24.61984464,33.63877581,0.120489559
,2806.13,2810.64,2760.2,2769.13,6271867230.0,2021-11-18,2843.196866,38.62881968,32.94696282,28.4986685,0.07582712
,2771.76,2780.04,2749.83,2757.53,4357309319.0,2021-11-21,2836.162591,33.9053755,33.11563506,23.03460431,0.125775613
,2758.99,2778.28,2758.64,2765.44,3929261627.0,2021-11-22,2829.409687,30.68403115,29.96932382,18.66335296,0.141911075
,2765.68,2765.68,2719.99,2733.14,4165896578.0,2021-11-23,2822.9269,24.32333343,41.29238465,20.1029343,0.015714286
,2737.09,2743.22,2694.06,2735.01,4217415337.0,2021-11-24,2816.703424,19.02043302,43.78949707,23.96933729,0.053579545
,2736.85,2746.55,2720.84,2731.78,3789709331.0,2021-11-25,2810.728887,18.26344301,38.32695373,26.26625267,0.037900294
,2731.78,2733.35,2644.6,2651.49,5835135055.0,2021-11-28,2804.993331,11.87270596,54.97517457,33.90868956,0.045905483
,2650.54,2677.87,2621.8,2629.98,4008937133.0,2021-11-29,2795.369731,9.302164944,51.87656683,41.04499168,0.025
,2630.32,2648.04,2603.9,2628.37,3089041991.0,2021-11-30,2781.484153,7.668394426,49.88773321,47.50666022,0.019657287
,2628.69,2649.99,2628.48,2633.66,2742085704.0,2021-12-01,2763.725738,7.79956895,45.04402893,52.10143877,0.049035813
,2633.64,2645.57,2580.6,2584.61,3413589126.0,2021-12-02,2747.743164,5.715172294,52.70100829,57.76773371,0.069308562
,2586.83,2587.57,2504.69,2513.89,4090765325.0,2021-12-05,2727.685984,4.007429268,64.32145113,63.86822184,0.179047619
,2508.96,2549.5,2438.86,2546.09,4542345271.0,2021-12-06,2696.466546,2.67408799,62.71703007,69.4588275,0.020077046
,2549.36,2590.76,2505.86,2508.91,3128341700.0,2021-12-07,2655.249499,13.78455618,47.54388364,66.57641673,0.072749605
,2508.29,2511.69,2448.78,2455.81,2663909620.0,2021-12-08,2620.627179,11.26111319,55.45017737,66.50898508,0.105580357
,2454.42,2465.08,2428.33,2449.97,2673308792.0,2021-12-09,2591.54443,9.933286643,55.47329779,67.132395,0.065287838
,2448.66,2455.72,2359.95,2361.27,3382509520.0,2021-12-12,2562.165833,7.176721434,59.89314673,69.42576956,0.069307925
,2351.93,2351.93,2259.51,2282.01,3995604178.0,2021-12-13,2521.722666,5.243914326,70.34522192,72.76565904,0.028578011
,2283.67,2418.84,2283.67,2418.85,1842647144.0,2021-12-14,2469.280133,18.84761319,48.42495312,67.0058115,0.076883683
,2433.2,2493.07,2379.09,2414.62,4588390678.0,2021-12-15,2259.51,30.18469,36.56188162,55.51551637,0.092045455
,2415.77,2418.87,2371.73,2376.74,2301751968.0,2021-12-16,2264.1812,26.79158509,34.20699495,46.84375161,0.07494666
,2390.81,2390.81,2346.6,2358.81,2464689863.0,2021-12-20,2268.758976,23.6720658,36.84257645,41.82783563,0.112161905
,2360.33,2415.55,2360.32,2415.55,2383259847.0,2021-12-21,2273.245196,26.80900755,31.04372567,34.92623326,0.020119048
,2425.05,2509.27,2424.38,2507.7,4523338143.0,2021-12-22,2277.641693,44.7603153,23.42973582,34.19720115,0.075661376
,2522.51,2542.29,2485.38,2520.23,4490266410.0,2021-12-23,2286.906825,46.84163543,19.75246172,35.49336899,0.026781305
,2531.43,2596.43,2531.15,2591.42,5173200503.0,2021-12-26,2302.229815,51.87783743,15.64322393,39.12752811,0.069230769
,2600.21,2616.27,2518.16,2521.65,5607439671.0,2021-12-27,2325.76583,43.93752693,11.71937138,42.87943931,0.162861213
,2523.87,2533.63,2486.05,2518.99,3125575632.0,2021-12-28,2354.816247,38.13831369,19.07992529,40.96519946,0.020535714
,2520.55,2538.78,2512.41,2524.5,3623480292.0,2021-12-29,2380.961622,36.57932733,17.48144764,39.83749657,0.046971332
,2538.25,2585.01,2528.75,2584.91,4126980068.0,2022-01-02,2404.49246,44.29448238,14.09451179,42.21440241,0.036390693
,2595.22,2634.86,2593.92,2616.94,4533017179.0,2022-01-03,2425.670214,53.54213727,11.74624703,46.57499093,0.121025187
,2619.22,2679.95,2593.9,2679.95,4320269828.0,2022-01-04,2450.772988,53.24050245,8.64473167,51.67240353,0.068055556
,2687.75,2700.29,2640.97,2649.2,4621598583.0,2022-01-05,2482.85777,49.72767877,7.042389904,56.37587851,0.0575
,2647.76,2692.76,2633.31,2692.47,3676846349.0,2022-01-06,2517.646927,40.35678654,8.14335384,58.38455414,0.085103072
,2699.88,2770.55,2699.88,2765.47,7101831591.0,2022-01-09,2546.869819,54.36122974,6.219283082,62.60118545,-0.004761905
,2772.09,2806.74,2755.79,2784.95,7123424035.0,2022-01-10,2587.132251,57.05466983,5.214359379,66.73137991,0.070429293
,2792.64,2848.26,2771.15,2834.13,6724526198.0,2022-01-11,2631.053801,56.30326977,3.993591848,70.73581722,0.043030303
,2839.87,2874.89,2796.61,2803.62,8033212742.0,2022-01-12,2674.495041,51.19923521,3.078895271,74.31967713,0.027272727
,2808.8,2858.2,2802.49,2857.75,6669748568.0,2022-01-13,2714.574033,42.53297887,2.557744993,77.18676505,0.086070966
,2873.42,2940.13,2873.41,2926.74,9676317059.0,2022-01-16,2746.637226,56.09783197,1.948205911,80.40688739,0.047931959
,2944.92,2956.11,2907.19,2947.38,7901890668.0,2022-01-17,2785.335781,52.5757874,1.655375882,83.10453232,0.084257409
,2953.11,2981.92,2915.56,2936.66,8443419562.0,2022-01-18,2819.490625,49.79697505,1.319166203,85.45133651,0.053261183
,2945.63,2952.57,2889.18,2898.31,6021311881.0,2022-01-19,2851.9765,40.07757584,9.184205213,80.90360014,0.083739177
,2901.51,2936.58,2884.0,2931.34,5773120409.0,2022-01-20,2877.9652,33.33214668,9.296543163,75.99960647,0.060445947
,2942.97,2962.44,2906.19,2920.51,7030508263.0,2022-01-23,2889.18,35.6545978,7.588573206,73.78024323,-0.072597403
,2926.12,2926.21,2803.72,2820.65,8888513178.0,2022-01-24,2981.92,23.76832971,32.94730978,62.26103725,0.120537796
,2827.75,2857.91,2781.01,2815.06,5395672627.0,2022-01-25,2978.356,18.83957865,32.23906044,55.05543856,0.067857143
,2817.17,2819.74,2760.88,2776.65,4313154042.0,2022-01-26,2970.46216,15.72060679,32.56366851,51.02097486,0.018175806
,2778.89,2804.07,2776.74,2779.98,3343413684.0,2022-01-27,2957.88723,14.33832701,29.70041385,47.7934039,0.060519618
,2805.01,2885.62,2805.01,2885.53,6324274039.0,2022-01-30,2946.066797,33.03722401,20.86515579,42.75106109,0.093548882
,2895.77,2909.13,2860.7,2871.05,5154177598.0,2022-01-31,2934.955589,35.29573125,17.8262764,40.77795528,0.123655203
,2875.74,2897.18,2855.95,2891.3,6574842418.0,2022-02-01,2924.511053,30.55936728,16.98013079,38.33518705,0.056547619
,2898.61,2925.05,2870.64,2876.74,8612174162.0,2022-02-03,2760.88,34.30430543,13.90264694,39.13234723,0.150915705
,2877.04,2877.04,2829.1,2836.17,5836414510.0,2022-02-06,2764.1634,28.59619553,26.00753471,32.25404041,0.01787518
,2834.26,2853.78,2822.52,2851.86,5022017181.0,2022-02-07,2767.381132,25.18098579,25.41537434,25.89588269,0.20125
,2877.58,2921.35,2825.96,2835.58,6287217985.0,2022-02-08,2770.534509,39.46962021,17.4610491,28.4484161,-0.000649351
,2837.33,2837.35,2799.96,2813.52,3471109182.0,2022-02-09,2773.624819,34.22186952,24.38493714,26.11565776,0.252214286
,2813.33,2825.34,2790.9,2801.56,3829533350.0,2022-02-10,2776.653323,29.67857417,24.64005978,22.74769598,0.059133197
,2783.89,2784.19,2696.65,2700.89,5977214731.0,2022-02-13,2925.05,19.71328361,46.53213177,26.29497315,0.042764951
,2697.37,2729.26,2694.31,2700.98,3684009915.0,2022-02-14,2920.482,17.2949972,41.64522801,29.29866524,0.046042053
,2703.35,2754.5,2703.27,2754.29,3233318614.0,2022-02-15,2911.43512,22.97419692,33.72585688,27.23140124,0.031926407
,2759.37,2772.11,2725.16,2734.44,3026330784.0,2022-02-16,2902.750115,25.48191526,27.90666258,22.69346035,0.065134427
,2735.33,2745.37,2723.17,2732.52,2278173660.0,2022-02-17,2894.412511,23.12369439,26.15361276,19.38451014,0.035650677
,2713.52,2715.82,2669.32,2693.1,4086474828.0,2022-02-20,2886.40841,17.39504658,40.78313444,23.54776593,0.054220779
,2695.26,2719.07,2693.83,2718.51,2997681072.0,2022-02-21,2873.383106,16.84409537,36.17929766,26.13129649,0.037839331
,2719.89,2750.3,2719.88,2735.93,3212887822.0,2022-02-22,2861.139319,28.83257426,30.85049073,21.58124793,0.122552448
,2732.48,2747.56,2715.91,2720.43,3131210282.0,2022-02-23,2849.63016,24.36623698,28.01462027,18.65801995,0.046103896
,2715.44,2715.82,2654.37,2661.44,4293864192.0,2022-02-24,2838.81155,17.35301129,46.76447354,24.10065675,0.064108662
,2660.39,2680.39,2638.01,2653.7,3273065910.0,2022-02-27,2824.056226,14.09881127,45.2339787,29.77562177,-0.021779301
,2662.26,2683.75,2606.62,2610.6,3660189868.0,2022-02-28,2805.451604,9.882663697,43.87738462,36.46733163,0.053561935
,2612.51,2612.5,2542.1,2547.04,3621143979.0,2022-03-02,2781.591811,7.368594164,56.02977255,44.52479023,0.067365749
,2542.57,2568.62,2527.97,2543.39,2493241273.0,2022-03-06,2748.062958,6.225514673,52.730246,51.39597714,0.024069264
,2542.66,2566.63,2538.28,2544.93,2600930403.0,2022-03-07,2712.848085,5.483891675,46.44868292,56.89292667,0.109220779
,2542.42,2557.55,2504.37,2514.58,2352317142.0,2022-03-09,2683.267591,4.286543522,50.22941938,62.36917556,0.133081259
,2512.04,2566.9,2498.45,2566.9,2780216427.0,2022-03-10,2651.066025,6.723228584,37.17143731,63.76864742,0.053182398
,2575.27,2667.97,2575.21,2667.97,4870715387.0,2022-03-13,2498.45,36.96741255,25.11892122,54.83169713,0.115606061
,2677.97,2683.41,2650.23,2668.11,1342232839.0,2022-03-14,2498.45,38.09082949,22.16919075,49.14967014,0.054544786
,2673.55,2677.36,2637.15,2650.97,3364229175.0,2022-03-15,2505.8484,32.33821693,23.73379946,42.38879552,0.056983368
,2653.57,2661.28,2625.96,2631.32,2570401188.0,2022-03-16,2512.950864,27.73856181,24.86428567,35.00385792,0.026148629
,2634.11,2644.46,2607.74,2616.58,2274626191.0,2022-03-20,2519.769229,23.41118606,28.72612286,30.04190917,0.076041667
,2620.13,2634.66,2600.92,2634.65,2592718131.0,2022-03-21,2526.31486,19.8537602,27.43257914,27.23902772,0.093235931
,2634.42,2658.05,2634.41,2650.7,2518894178.0,2022-03-22,2532.598666,29.14293962,24.21054974,23.64016962,0.02950938
,2651.41,2654.48,2622.69,2630.36,2046352547.0,2022-03-23,2538.631119,24.337881,26.29732254,19.68608007,0.036333257
,2630.93,2639.01,2611.18,2613.67,3248943825.0,2022-03-24,2544.422274,20.61788743,28.59935287,18.99222569,0.028973675
,2623.2,2642.32,2567.75,2572.23,4989514416.0,2022-03-27,2549.981783,13.63669613,38.63583566,24.75870449,0.119253247
,2574.12,2580.3,2538.42,2541.84,2545321814.0,2022-03-28,2683.41,11.01772921,44.6658342,31.89243475,0.028760331
,2542.65,2562.4,2519.89,2527.58,1750628199.0,2022-03-29,2680.5102,8.858992697,44.45499256,38.86729203,0.049695822
,2527.77,2568.25,2515.8,2568.25,2250117296.0,2022-03-30,2674.085392,9.391450313,34.13878622,42.46401577,0.105868957
,2568.76,2584.54,2538.13,2544.3,1890164686.0,2022-03-31,2664.588268,14.64236642,27.16606499,39.96220446,0.12365974
,2544.48,2547.04,2509.76,2513.41,1460773729.0,2022-04-03,2655.660972,12.15050968,35.49366843,41.76871894,0.072415224
,2517.41,2525.54,2495.84,2497.47,1584671562.0,2022-04-04,2643.988895,10.38972444,37.14207373,44.67158665,0.10875
,2507.77,2507.77,2434.27,2452.06,2671232388.0,2022-04-05,2629.174005,7.173819313,51.57429775,50.85281026,0.110741342
,2451.81,2458.35,2416.38,2428.75,1995964384.0,2022-04-06,2605.785525,5.875685691,49.95500759,56.47260269,0.050372475
,2427.97,2476.37,2427.71,2464.31,2121511280.0,2022-04-07,2579.268751,12.34890122,39.57622378,55.66522978,0.140555843
,2471.81,2510.13,2415.9,2419.71,2260786628.0,2022-04-11,2556.464326,20.20536907,26.33297651,47.16554234,0.07
,2424.71,2428.8,2379.48,2385.02,1524364418.0,2022-04-12,2533.974034,16.57632476,34.86638331,44.8432798,0.064860427
,2385.24,2415.35,2366.94,2415.24,1476318104.0,2022-04-13,2510.13,13.58306001,33.24795655,44.27285987,0.082808187
,2422.34,2437.67,2379.53,2385.64,1440723182.0,2022-04-17,2481.492,18.87368259,26.1571291,38.6531603,0.027970885
,2386.66,2387.51,2341.92,2343.87,1530692956.0,2022-04-18,2458.5816,15.61042558,35.89813971,38.79994203,0.048968254
,2347.21,2372.32,2314.42,2357.24,1326865932.0,2022-04-19,2437.67,12.2484488,38.39587229,41.36585905,0.045663265
,2364.47,2367.25,2316.69,2320.51,1458737755.0,2022-04-20,2413.02,9.917117743,31.08772323,43.41859266,0.08522601
,2327.08,2333.93,2286.6,2325.45,1629168848.0,2022-04-21,2393.3,8.110691637,37.00533811,47.54391191,0.043730769
,2331.51,2430.28,2331.51,2420.91,2531275593.0,2022-04-24,2286.6,36.2039342,24.59961401,41.85211736,0.073380867
,2423.74,2444.55,2381.93,2386.01,2042253182.0,2022-04-25,2286.6,33.51805142,19.67465738,38.68669072,0.056610057
,2386.04,2402.23,2358.76,2370.99,1046014417.0,2022-04-26,2292.918,28.55700427,24.65175166,32.41725106,0.061147186
,2373.1,2376.63,2348.57,2376.17,1089992036.0,2022-04-27,2298.98328,25.51037586,25.89605947,26.0838535,0.010902256
,2380.16,2390.27,2351.48,2356.17,1496246808.0,2022-04-28,2304.805949,27.01298136,21.86516266,22.97347158,0.043020012
,2358.24,2359.4,2303.26,2307.44,1423498292.0,2022-05-02,2444.55,21.07756622,35.9335211,23.59037928,-0.067143308
,2310.51,2312.07,2269.73,2275.68,1269219421.0,2022-05-04,2441.7242,17.4607259,43.35657576,27.38825173,0.12987013
,2275.43,2275.42,2225.79,2238.62,1654561473.0,2022-05-05,2434.844432,13.93797965,52.37838288,33.50363869,0.036503227
,2238.81,2256.64,2204.37,2256.57,1326421672.0,2022-05-08,2422.301166,11.02495106,49.99602999,39.57592058,0.036346726
,2263.06,2289.84,2255.45,2268.84,1390607702.0,2022-05-09,2404.866673,23.56765269,42.66296342,37.42704572,0.013820685
,2269.36,2314.63,2268.76,2313.0,1356687469.0,2022-05-10,2388.826939,29.55604084,34.28000112,31.42166577,0.028214543
,2313.28,2369.17,2313.28,2369.06,2163990743.0,2022-05-11,2374.070384,45.17335985,26.3536548,30.39959755,0.072703081
,2373.38,2389.07,2343.33,2350.42,2328434273.0,2022-05-12,2204.37,44.85584285,21.33276102,31.42757289,0.014464962
,2350.43,2350.43,2263.3,2265.52,1644096193.0,2022-05-17,2208.064,30.85737008,43.33995516,28.50675779,0.03956044
,2262.99,2281.96,2237.98,2274.42,1326320346.0,2022-05-18,2211.68412,25.7809449,45.68124346,28.37486863,0.046936027
,2274.8,2282.88,2247.6,2250.91,1300981996.0,2022-05-19,2215.231838,22.49955707,39.21266559,28.11636114,0.014880952
,2251.49,2258.51,2231.33,2235.09,932206084.3,2022-05-20,2218.708601,19.79959267,41.69038478,29.61320605,0.060819934
,2241.26,2249.62,2191.03,2200.88,1369513192.0,2022-05-23,2389.07,14.96176026,48.31021111,34.23186777,0.176681999
,2203.14,2227.87,2190.52,2217.19,1088833542.0,2022-05-24,2385.1092,12.52341849,40.65955095,37.96637481,0.071676783
,2222.49,2243.57,2222.01,2231.57,1044626939.0,2022-05-25,2377.325632,18.43417367,35.54523582,36.7129477,0.067320723
,2240.61,2245.42,2222.89,2239.6,889834908.6,2022-05-26,2369.853407,17.2239268,31.33718221,35.18293357,0.125441558
,2242.46,2250.69,2214.64,2223.78,1298905590.0,2022-05-27,2362.68007,13.92637246,29.71897289,35.3831325,0.107427994
,2227.43,2233.54,2173.44,2173.44,1338856282.0,2022-05-30,2355.793668,9.954740819,40.79379648,40.46017872,-0.013512266
,2172.02,2172.01,2126.39,2137.92,1317699090.0,2022-05-31,2344.852448,7.78274523,53.7118237,47.30574779,0.146088996
,2138.06,2154.58,2119.41,2130.71,1078484182.0,2022-06-01,2327.375452,6.464776137,47.97689325,53.09472468,0.105328495
,2130.35,2142.65,2107.77,2112.47,1161514169.0,2022-06-02,2306.578907,5.343073627,45.44272362,58.26745859,0.010648148
,2113.13,2117.4,2071.93,2078.7,1307359541.0,2022-06-03,2282.721838,4.165369442,52.79990696,63.68911882,0.05042004
,2079.6,2093.95,2054.13,2065.82,1273385277.0,2022-06-06,2253.210981,3.355689857,51.22564228,68.49207339,0.043150335
,2065.19,2065.19,2016.78,2020.23,1312806563.0,2022-06-07,2221.358024,2.582810887,56.96903094,73.05882681,0.062303783
,2019.54,2096.18,2017.25,2080.44,1640356608.0,2022-06-08,2184.533979,14.19738735,38.9299282,67.75772983,0.035240564
,2082.45,2115.6,2058.28,2062.8,1472690554.0,2022-06-09,2154.338263,18.59183865,30.23820016,58.97634657,0.065555105
,2067.76,2070.01,2036.55,2048.16,894124114.1,2022-06-10,2129.577776,15.98731747,35.10000807,54.66343825,0.063108015
,2049.31,2052.47,2027.05,2032.34,998674262.4,2022-06-13,2115.6,14.11017371,35.36679036,52.32328131,0.03975059
,2032.53,2034.81,1990.32,1996.26,1185546179.0,2022-06-14,2097.8124,11.22640981,45.01145937,53.87367826,0.124566251
,1999.05,1999.08,1945.42,1966.37,1491758817.0,2022-06-15,2076.31392,8.58206812,54.11851938,57.62399033,0.058333333
,1966.89,1993.95,1950.76,1978.94,1187145519.0,2022-06-16,2050.135136,6.93789681,43.75037552,60.62423998,0.125953102
,1981.21,1991.58,1966.85,1971.36,736312158.0,2022-06-17,2029.192109,6.101279317,38.47466582,63.0244397,0.092587274
,1971.84,1974.22,1928.19,1934.11,1134091212.0,2022-06-19,2012.437687,4.764539443,48.44641522,66.83792878,0.060549451
,1934.03,1934.64,1879.69,1884.81,1750600171.0,2022-06-20,1995.58815,3.590632466,58.25635794,71.14807483,0.060305435
,1884.25,1931.91,1877.8,1924.74,1253757715.0,2022-06-21,1974.22,2.755090191,45.51286573,74.63529694,0.049097072
,1925.46,1926.99,1889.7,1893.53,843773459.0,2022-06-22,1954.936,2.295033487,37.9129334,77.42507462,-0.032539683
,1889.4,1889.4,1835.88,1848.28,1499709635.0,2022-06-23,1939.5088,1.735118956,51.43937525,80.63483321,0.026666667
,1848.38,1879.45,1806.95,1862.06,1151208031.0,2022-06-24,1926.99,1.254138908,48.24158256,83.49433338,0.1304329
,1863.47,1957.09,1863.43,1956.98,2196141849.0,2022-06-26,1806.95,26.37983321,33.17436256,69.07726374,0.153766835
,1967.3,1987.59,1931.17,1933.13,2044831948.0,2022-06-27,1806.95,31.58827705,26.93184171,56.8532074,0.071572872
,1935.54,1936.01,1908.74,1921.31,1058263522.0,2022-06-28,1814.1756,28.36363594,32.57907067,46.86597501,0.086401515
,1924.91,1963.77,1915.19,1962.71,1431400641.0,2022-06-29,1821.112176,33.69402643,26.54488486,39.86637589,0.079262404
,1966.86,2037.64,1966.85,2037.64,2458619495.0,2022-06-30,1827.771289,50.76913243,19.56002581,40.76825503,0.123218924
,2041.94,2053.98,2015.56,2028.77,1459312015.0,2022-07-01,1840.363412,49.58011362,16.73727137,42.51934989,0.03929141
,2028.79,2086.38,2020.96,2086.38,2480473999.0,2022-07-03,1857.452739,49.56743042,12.80428667,45.80388192,0.083851675
,2095.62,2148.61,2059.0,2076.67,4349273593.0,2022-07-04,1880.345465,55.27053838,9.130655768,50.97199593,0.088404453
,2078.63,2091.88,2025.57,2030.59,2968485224.0,2022-07-05,1912.537209,43.67890922,17.78896745,49.20149006,0.048011364
,2036.46,2047.37,1994.54,2043.92,2178655701.0,2022-07-06,1940.865944,36.13221196,24.86358529,43.05607831,0.0764361
,2051.5,2080.96,2023.01,2027.32,1806204765.0,2022-07-07,1965.795231,40.31357047,20.10150635,41.13592892,0.015802469
,2031.87,2033.4,1988.43,1992.61,1168451395.0,2022-07-08,1987.733003,33.99734899,28.99986871,34.49531487,0.013799131
,1993.33,1993.55,1912.49,1915.61,2325641022.0,2022-07-11,2148.61,25.12700386,45.87670899,33.44093362,0.084469697
,1916.41,1947.54,1908.59,1927.28,1707752978.0,2022-07-12,2143.8876,21.72275538,41.01781167,32.90349025,0.047099342
,1928.5,1986.82,1928.5,1986.82,2044443007.0,2022-07-13,2134.475696,30.82229198,32.58288268,26.87813826,0.00672619
,1987.32,2012.16,1977.14,2001.53,2411834599.0,2022-07-14,2125.440268,36.27744927,28.30362592,23.97190999,0.118037518
,2002.96,2009.89,1989.19,2009.46,1456259833.0,2022-07-15,2116.766257,33.06853569,25.80003509,21.64692737,0.013426339
,2010.92,2018.97,1994.75,2011.39,1232488083.0,2022-07-17,2108.439207,33.5749817,22.84461677,21.12131407,0.092647059
,2011.71,2029.46,2000.14,2029.43,1312962960.0,2022-07-18,2100.445239,33.90038285,19.46973512,22.30481435,0.032917409
,2029.71,2062.36,2028.17,2045.63,2299316326.0,2022-07-19,2092.771029,44.94361542,16.02002235,27.33265304,0.102235485
,2046.21,2061.56,2033.28,2050.59,1731832270.0,2022-07-20,2085.403788,37.98496606,13.53963182,31.354924,0.048639456
,2052.95,2066.07,2038.33,2044.72,1642648587.0,2022-07-21,2078.331237,34.51838539,11.37934558,35.16680792,0.098103213
,2046.62,2047.29,2013.46,2017.46,1443432770.0,2022-07-22,2071.541587,27.76517334,23.53555627,29.7823964,0.162098021
,2027.8,2078.51,2027.66,2078.51,2730937197.0,2022-07-24,1908.59,34.92186103,16.32916803,31.08145651,0.133579299
,2081.98,2134.62,2081.65,2132.96,4106818941.0,2022-07-25,1911.9884,51.85706307,12.07984923,37.30780981,0.118971984
,2134.14,2141.61,2085.83,2088.16,3704998398.0,2022-07-26,1920.893664,42.24763255,9.128077183,42.7393273,0.247429113
,2089.01,2112.11,2065.96,2111.99,3161455142.0,2022-07-27,1934.136644,33.72495765,15.97225486,41.33580732,0.037755102
,2113.35,2156.39,2105.7,2127.42,4976433105.0,2022-07-28,1946.585046,45.35703543,12.5079239,44.42236041,0.142711039
,2130.32,2147.63,2117.31,2140.39,2191619914.0,2022-07-29,1963.369442,39.02788925,10.76256118,46.89160287,0.147052042
,2142.31,2195.35,2142.3,2195.1,4609971272.0,2022-07-31,1978.811087,50.51027412,8.177148432,51.93992564,0.133279221
,2205.77,2224.48,2183.22,2196.25,4670798756.0,2022-08-01,2000.464978,54.20614024,6.672894871,57.16757741,0.073787192
,2198.06,2202.88,2170.25,2193.43,3293234706.0,2022-08-02,2027.346781,45.86543868,11.76227031,57.56974618,0.138751102
,2196.13,2214.05,2183.09,2186.77,4029931440.0,2022-08-03,2051.002767,44.35507273,9.947004233,58.72863394,0.155598568
,2191.49,2193.35,2147.7,2148.16,3768079173.0,2022-08-04,2071.820035,34.53246925,24.91233556,50.21956802,0.039595517
,2150.47,2150.58,2108.34,2113.3,2626154948.0,2022-08-05,2090.139231,27.49095214,38.83316835,43.59589313,0.126626409
,2109.41,2133.62,2107.49,2123.82,2673338232.0,2022-08-07,2106.260123,23.74668289,33.98714275,38.42418767,0.09
,2128.19,2140.26,2102.25,2106.15,2857072961.0,2022-08-08,2224.48,22.50060593,27.24083464,32.64529764,0.170179924
,2109.79,2112.71,2060.31,2062.8,2815144598.0,2022-08-09,2222.0354,16.76579505,40.69748208,34.44562279,0.054136805
,2064.39,2074.92,2042.62,2056.88,1935520147.0,2022-08-10,2215.566384,14.01372372,43.0070966,37.72589696,0.073660714
,2059.83,2074.73,2036.8,2037.92,1761023039.0,2022-08-11,2205.189601,11.29274378,37.63589167,40.94870554,0.102471413
,2035.32,2043.03,2007.68,2010.01,1873281897.0,2022-08-14,2191.718433,9.20956127,45.88918315,46.07310517,0.040079365
,2007.19,2065.9,2007.19,2065.89,2432984612.0,2022-08-15,2173.31459,17.44633931,33.18170824,43.07455198,0.074506116
,2069.38,2088.23,2035.47,2041.06,2734853058.0,2022-08-16,2153.379639,23.34878688,25.30896568,35.26534209,0.104641053
,2043.62,2053.09,2035.38,2040.7,1405974256.0,2022-08-17,2135.836882,21.23481335,23.06353045,29.03791045,0.050688861
,2041.71,2072.37,2041.71,2068.26,2057980057.0,2022-08-18,2120.399256,27.90746088,19.18151213,26.93648213,0.033045006
,2070.06,2089.25,2055.78,2060.55,2047093689.0,2022-08-21,2106.814146,32.00507582,15.69224293,28.38933241,0.106416203
,2061.03,2065.81,2043.72,2053.13,1726287430.0,2022-08-22,2094.859248,27.82874181,20.7686326,25.61701764,0.10392562
,2053.35,2060.21,2048.8,2054.95,1333560857.0,2022-08-23,2089.25,25.66632231,19.15481561,23.39916583,0.011272321
,2054.99,2073.54,2052.13,2057.85,1526186218.0,2022-08-24,2079.4028,31.30774334,16.20188663,25.07840417,-0.010267857
,2058.01,2068.55,2035.69,2039.55,1717469670.0,2022-08-25,2073.54,24.16172828,23.92327661,20.16190255,0.130190476
,2040.47,2040.46,2018.18,2022.62,1294832820.0,2022-08-26,2073.54,20.24527097,32.78450076,20.85865037,0.156958874
,2022.32,2022.76,1987.04,1989.26,2059737103.0,2022-08-28,2068.55,15.2812763,46.12140774,26.7321266,0.106577381
,1989.37,1995.78,1975.07,1993.02,1266619150.0,2022-08-29,2057.1386,12.97553018,47.88327877,32.85741727,0.086957672
,1993.47,2012.18,1987.39,1995.21,1019516696.0,2022-08-30,2044.007624,22.7704426,39.06396787,31.55598496,0.086441799
,1993.38,1996.89,1968.41,1973.38,1126217862.0,2022-08-31,2032.977604,18.00747988,44.83281193,33.7824097,0.10141369
,1972.98,1982.34,1953.58,1972.29,1383462162.0,2022-09-01,2021.355435,14.24600812,46.23898904,37.60474314,0.06380772
,1970.78,1984.88,1964.8,1970.62,698805950.9,2022-09-02,2007.800348,13.99982445,39.10931163,39.53960157,0.124738987
,1971.86,1988.38,1969.48,1977.3,1071615922.0,2022-09-04,1996.956279,14.69369852,33.10382931,39.33506326,0.035999089
,1978.3,1987.57,1970.68,1973.01,909904751.0,2022-09-05,1988.38,12.54229198,28.25686754,39.17143261,0.073436147
,1974.13,1978.0,1947.21,1951.79,1190765613.0,2022-09-06,1988.38,9.404538054,40.25750367,43.76231612,0.047777778
,1951.21,1955.97,1933.29,1939.88,826230582.9,2022-09-07,1987.57,7.643800285,44.21129042,49.11357526,0.20967366
,1940.19,1947.91,1925.22,1937.74,1044440647.0,2022-09-08,1978.0,6.193670783,42.57122743,54.21042653,0.253392771
,1938.2,1946.42,1922.0,1926.28,747226625.4,2022-09-11,1967.444,4.934321784,36.59635932,58.61588193,0.120255183
,1926.45,1928.71,1906.75,1912.74,831603650.6,2022-09-12,1958.3552,4.016355346,42.70731864,63.45431553,0.09375
,1913.41,1940.85,1913.2,1934.04,922574409.7,2022-09-13,1948.03416,13.0017875,32.91072128,59.43600564,0.103816739
,1936.37,1984.12,1936.34,1981.48,1453824650.0,2022-09-14,1906.75,37.81959004,21.78303573,52.9299615,0.039818594
,1983.26,1989.84,1920.38,1924.48,2125655787.0,2022-09-15,1908.2974,23.84284605,22.224375,43.04662545,0.121118611
,1921.05,1921.05,1886.72,1910.38,908186488.0,2022-09-16,1989.84,19.05706849,35.65618694,40.5049775,0.117906746
,1910.2,1911.57,1874.14,1876.41,1601822955.0,2022-09-18,1989.84,15.26141142,35.2485227,40.3181128,0.13603842
,1875.41,1877.65,1833.55,1837.6,1229669722.0,2022-09-20,1985.212,11.80007127,48.12920854,44.37849286,0.151826887
,1838.4,1862.48,1838.14,1848.82,721259884.7,2022-09-21,1976.11228,10.17295528,41.49265498,47.62679691,0.143837535
,1848.79,1856.02,1836.17,1838.96,655705169.4,2022-09-22,1967.558543,8.943129602,37.67631955,50.42813399,0.108313793
,1838.0,1838.67,1811.32,1815.13,1072480097.0,2022-09-25,1959.518031,7.388460648,46.7558882,54.88416422,0.16064473
,1814.71,1842.05,1814.68,1831.05,663013000.5,2022-09-27,1947.662188,8.266896039,38.47661787,56.83306986,0.045142857
,1831.24,1845.69,1831.23,1837.46,485408767.8,2022-09-28,1936.754813,10.02382122,34.40343548,56.44152663,0.056881313
,1836.84,1853.8,1835.95,1853.76,632407627.7,2022-09-29,1926.720028,14.94325026,29.62389368,51.74132282,0.094330055
,1854.57,1898.45,1854.54,1898.38,836873139.8,2022-10-09,1917.488026,40.69067006,20.64703638,47.92855978,0.036996152
,1901.25,1908.58,1866.83,1871.22,971767714.4,2022-10-10,1908.994584,36.39702403,15.25043307,46.53166955,-0.010600907
,1871.28,1871.28,1849.8,1855.16,552809984.5,2022-10-11,1908.58,31.15934477,24.46498671,39.63232477,0.04092312
,1854.57,1872.86,1848.13,1866.48,691737894.0,2022-10-12,1908.58,25.81346506,21.42620279,33.56330822,0.026639009
,1866.54,1878.16,1860.85,1870.63,829646920.4,2022-10-13,1900.7992,26.44056664,18.62967518,30.31674356,0.07090756
,1871.09,1872.52,1852.74,1860.94,803525533.2,2022-10-16,1893.640864,22.28584252,22.14498294,24.31680109,0.095342523
,1861.55,1864.74,1854.24,1858.33,515818989.8,2022-10-17,1887.055195,20.18158131,20.05402189,19.51684711,0.156077785
,1858.03,1861.93,1840.5,1845.51,643607975.3,2022-10-19,1880.996379,16.26383407,28.60749524,21.11528089,-0.02114082
,1845.38,1849.86,1834.31,1844.14,507689560.5,2022-10-20,1875.422269,13.82890055,30.28423576,24.35273947,0.080068943
,1844.5,1858.57,1843.8,1858.49,516803483.6,2022-10-23,1870.294087,20.64207684,25.71350564,21.67024684,0.01927521
,1860.39,1874.88,1856.93,1874.87,697317611.3,2022-10-31,1811.32,33.7393959,20.91756267,22.02794526,0.028538961
,1876.55,1931.54,1871.77,1930.99,1290664642.0,2022-11-01,1812.5912,60.42381606,11.77577612,31.09834367,0.089529221
,1933.24,1956.61,1916.32,1938.3,1467914875.0,2022-11-02,1817.349152,60.90828441,8.606443908,39.9263754,0.125281385
,1939.5,1940.61,1918.84,1922.16,898907830.0,2022-11-03,1825.704803,51.53938399,7.282602386,46.98880079,0.12992859
,1924.2,1965.7,1919.24,1965.36,1548032561.0,2022-11-06,1833.559115,52.25630401,5.163723877,53.9938819,0.067155271
,1968.07,1987.32,1955.28,1958.94,2109163384.0,2022-11-07,1844.130386,55.3085479,4.128307918,60.41682402,0.064004766
,1959.22,1966.41,1948.35,1956.36,1053137467.0,2022-11-08,1858.449347,48.46176824,8.367429358,62.4439308,0.024603175
,1957.76,1967.8,1914.27,1917.22,1407395437.0,2022-11-09,1871.336412,33.2236594,25.75503207,52.48779741,0.033834586
,1919.1,1929.01,1889.64,1893.7,1119461411.0,2022-11-10,1882.934771,25.77326267,34.00860919,44.74536963,0.084459333
,1892.94,1901.31,1879.58,1883.16,774911706.7,2022-11-13,1987.32,22.31999425,35.65487879,40.39652468,0.17561553
,1883.58,1904.5,1879.36,1904.45,946089521.2,2022-11-14,1985.1652,20.75673428,29.867573,35.91661269,0.063905075
,1905.21,1919.8,1895.89,1897.86,1023609960.0,2022-11-15,1980.932992,27.74985813,25.03638998,29.76138676,0.062652499
,1898.7,1914.38,1898.7,1911.26,859468158.3,2022-11-16,1976.870072,24.34840458,21.96754122,24.83720602,0.099708995
,1912.24,1939.59,1912.04,1936.83,1715419286.0,2022-11-17,1972.969669,37.7984227,17.39652446,27.26243364,0.054700452
,1938.47,1961.28,1926.39,1929.7,1352885780.0,2022-11-22,1969.225283,43.71050561,13.17590477,32.54523523,0.061289232
,1931.01,1933.93,1913.09,1921.99,1022293553.0,2022-11-23,1965.630671,37.00696878,20.94272701,31.58039046,0.077345938
,1922.72,1933.55,1916.35,1933.55,925174380.5,2022-11-24,1962.179844,31.95161323,18.08183527,30.80851465,0.085004916
,1934.45,1965.98,1934.41,1965.98,2025489052.0,2022-11-27,1879.36,48.52447451,13.6780902,35.85097491,0.091736695
,1968.93,1980.26,1947.37,1950.37,1494394614.0,2022-11-28,1881.0924,47.31966676,10.45126489,41.44443141,0.031420068
,1951.31,1957.88,1933.64,1953.35,957060226.0,2022-11-29,1885.059104,38.87153886,18.69782578,40.16403418,0.023285375
,1953.07,1955.6,1942.95,1949.85,842695302.0,2022-11-30,1888.86714,34.81669389,16.74738113,39.13971639,0.01
,1949.48,1969.02,1941.58,1961.06,1322972186.0,2022-12-01,1892.522854,37.92328295,13.05489085,41.06825917,0.053597954
,1961.07,1973.55,1957.18,1963.22,1561702992.0,2022-12-04,1896.03234,36.47586999,11.2115243,43.45042456,0.092379969
,1964.79,1965.77,1935.65,1938.76,1670455035.0,2022-12-05,1899.401446,27.53406657,25.98610027,35.33880059,0.010714286
,1941.08,1944.11,1922.13,1933.88,965210899.1,2022-12-06,1902.635789,22.5022184,32.47817453,31.89995456,0.055448899
,1935.08,1936.39,1916.19,1917.28,1654662551.0,2022-12-07,1905.740757,18.59782907,31.94510721,30.80152389,0.051304113
,1916.04,1918.51,1883.09,1885.31,1103404045.0,2022-12-11,1980.26,13.47368467,48.89117634,35.99937532,0.072973485
,1884.22,1902.42,1868.65,1902.27,1366010464.0,2022-12-12,1978.3166,10.14308929,47.37555675,41.74572553,0.060941252
,1900.23,1904.75,1888.82,1899.7,777089165.2,2022-12-13,1973.929936,10.71344428,41.34868529,45.16530416,0.027972583
,1900.61,1906.04,1893.01,1897.08,727877897.4,2022-12-14,1969.718739,10.61984428,36.58949888,47.13415645,0.036737013
,1897.34,1899.0,1880.16,1882.6,1192616188.0,2022-12-15,1965.675989,8.791072996,42.03395237,50.78862877,0.051093029
,1883.65,1883.82,1850.96,1855.06,1157155099.0,2022-12-18,1961.794949,6.391472903,54.81603244,56.45398199,0.02183584
,1855.19,1865.18,1849.19,1858.89,886098568.4,2022-12-19,1955.144852,5.481394225,48.58697362,61.10802769,0.070121212
,1859.72,1881.21,1858.57,1873.11,930839901.1,2022-12-20,1946.668464,18.62974482,38.8072096,55.91237434,0.112764069
,1874.85,1883.09,1864.7,1867.22,863816561.1,2022-12-21,1938.870187,17.20317389,32.22191518,50.80727498,-0.000688312
,1864.41,1867.21,1850.58,1867.21,1119797921.0,2022-12-22,1931.695772,14.43303229,40.69728313,50.17388114,0.039657134
,1868.18,1924.09,1866.37,1924.09,2097049941.0,2022-12-26,1925.09531,49.01464305,23.96503104,47.00392373,0.04127719
,1928.81,1999.01,1928.81,1983.95,3884396998.0,2022-12-27,1849.19,69.41615982,14.37555257,50.74062136,0.077003066
,1991.81,1994.33,1961.57,1972.15,2153547208.0,2022-12-28,1852.1864,56.95861283,11.79569045,53.72997947,0.179567669
,1973.18,2029.11,1962.42,2029.03,2860345782.0,2022-12-29,1855.122872,55.45165611,8.097731067,57.88701479,0.093229745
,2037.21,2083.19,2030.25,2046.26,4048879510.0,2023-01-01,1862.082357,66.17076085,6.142794373,62.91174577,0.079112554
,2047.46,2070.58,2028.32,2064.09,2960927441.0,2023-01-02,1875.348816,53.55930716,5.842458072,66.39519834,0.094457792
,2066.02,2081.53,2050.57,2061.06,3458089788.0,2023-01-03,1887.819287,50.85613592,4.974276751,69.55231129,0.00372807
,2069.34,2126.04,2066.57,2125.84,3501142097.0,2023-01-04,1899.54153,55.8046912,3.578988577,73.23109335,0.036308021
,2134.88,2160.73,2113.32,2143.93,5040740937.0,2023-01-05,1917.661407,59.34217804,2.849921979,76.75189462,0.128118987
,2148.93,2191.69,2126.47,2164.61,5459925001.0,2023-01-08,1941.968266,56.26234348,2.110599927,79.95522925,0.081124402
,2171.46,2211.77,2161.03,2211.76,5314307853.0,2023-01-09,1971.934874,52.90044315,1.685407678,82.72913244,0.028131868
,2215.35,2277.61,2178.19,2190.42,7658823580.0,2023-01-10,2005.511792,57.30249877,1.128559168,85.41073109,0.091878285
,2203.84,2237.37,2143.97,2149.39,5477624724.0,2023-01-12,2049.047505,41.2846595,11.05458997,79.88017181,0.055297473
,2152.05,2187.79,2136.38,2182.11,3724794588.0,2023-01-17,2085.617504,34.62527176,11.65287919,73.8321022,0.091271963
,2185.73,2214.78,2166.35,2173.1,4928714603.0,2023-01-18,2116.336304,37.99406652,9.792807469,70.86861286,0.063640873
,2175.3,2192.71,2163.14,2178.81,3044529330.0,2023-01-19,2136.38,33.86802845,9.908223112,67.64137587,0.06712993
,2184.77,2203.13,2162.83,2165.1,3864008974.0,2023-01-23,2158.9768,32.61719486,8.361341287,65.95142185,0.011381674
,2166.05,2173.24,2139.89,2173.25,3003230039.0,2023-01-24,2277.61,28.08205171,16.76282082,57.80930921,0.070059289
,2175.67,2199.93,2175.13,2183.62,3466508339.0,2023-01-25,2274.8556,36.86556819,14.71660258,54.8352851,0.023196248
,2186.5,2201.64,2177.99,2183.21,2860082839.0,2023-01-26,2272.156288,33.33477163,12.96323285,52.66840814,0.028331686
,2185.46,2192.85,2163.89,2168.53,3017063956.0,2023-01-29,2269.510962,28.1932816,18.47332725,46.30042639,0.05846636
,2166.31,2174.66,2124.83,2127.52,3302201826.0,2023-01-30,2266.918543,21.17030804,33.39775972,41.52188212,0.06563681
,2130.29,2136.44,2107.77,2111.68,2824540407.0,2023-01-31,2261.235001,17.95383791,37.36426893,40.23525527,0.067132636
,2111.44,2124.3,2104.48,2116.65,1767051916.0,2023-02-01,2252.027101,15.87020651,34.95440289,39.69802932,0.02874345
,2118.56,2126.14,2090.14,2094.54,2096419162.0,2023-02-02,2240.223333,12.56056091,35.97187741,41.40612191,0.080445548
,2096.7,2118.27,2087.69,2096.08,1931719104.0,2023-02-05,2225.215,10.28345617,30.90298851,43.13767357,0.008487654
,2096.32,2102.7,2087.2,2100.7,1474161646.0,2023-02-06,2208.712,9.223968261,28.04480608,44.61019616,0.004945728
,2100.12,2177.75,2099.03,2177.34,3362267079.0,2023-02-07,2191.70032,43.27587398,16.95509038,44.42810784,0.102376443
,2181.62,2213.89,2161.0,2170.21,3691972817.0,2023-02-08,2087.2,49.52210604,12.72810888,47.36381001,0.059684343
,2171.17,2183.75,2153.31,2182.61,2062058749.0,2023-02-09,2089.7338,41.9908708,14.63436461,47.55334997,0.06618587
,2181.2,2181.2,2117.67,2121.75,3047739813.0,2023-02-12,2092.216924,29.87503896,26.24704744,39.33557258,0.076523361
,2122.41,2122.56,2100.57,2105.46,1787016373.0,2023-02-14,2094.650386,26.62351667,31.85386959,33.2573044,0.125698825
,2105.03,2117.84,2086.78,2091.56,1732575203.0,2023-02-15,2213.89,22.33215496,33.87580913,30.71332343,0.069383568
,2090.49,2099.43,2066.78,2070.41,1684942096.0,2023-02-16,2211.3478,18.42894493,38.661269,31.65850189,0.062385236
,2069.67,2069.78,2040.18,2046.81,1947623993.0,2023-02-20,2205.565088,15.32831058,46.96107935,35.48351321,0.048032636
,2049.65,2084.04,2048.11,2080.38,1803282181.0,2023-02-22,2195.641983,20.05465391,37.3000324,34.4004006,0.150223214
,2078.48,2078.48,2014.6,2022.64,2522713154.0,2023-02-23,2186.314264,13.78936368,41.56209762,37.55537043,0.040518579
,2016.54,2029.66,1961.24,2027.19,2525071806.0,2023-02-26,2172.577123,9.806214151,52.08421979,43.70650646,0.065191388
,2029.23,2043.99,1990.27,2023.54,1893736366.0,2023-02-27,2151.44341,13.53222484,40.5799958,44.96212292,0.030929834
,2024.82,2033.7,2013.25,2019.93,1387865516.0,2023-02-28,2132.423069,12.24520686,36.72052814,45.96661609,0.062030075
,2020.72,2024.7,1994.46,1995.49,1288363425.0,2023-03-01,2115.304762,10.41437986,40.52052747,48.59471326,0.014849624
,1995.34,1996.47,1966.91,1967.45,1303055316.0,2023-03-02,2099.898286,8.805674626,48.65794703,52.74620594,0.107896997
,1967.49,1975.93,1935.21,1938.25,1392354893.0,2023-03-05,2086.032458,6.955594063,54.79095665,57.69106508,0.101210919
,1937.43,1964.08,1937.43,1952.66,1204409412.0,2023-03-07,2067.933763,5.935410696,46.75471674,61.6469524,0.103651515
,1955.57,2002.99,1955.55,2002.7,1565558803.0,2023-03-09,2052.006911,24.29241092,34.72971887,52.85430584,0.041555404
,2008.26,2017.3,1970.67,1975.89,1666931511.0,2023-03-12,2037.991282,25.76028483,26.75927626,42.66387109,0.093949701
,1975.43,1977.52,1944.42,1951.21,1162503515.0,2023-03-13,2025.657528,21.40206242,35.64918351,39.12559642,0.033673469
,1950.41,1965.19,1939.32,1953.06,1135925358.0,2023-03-14,2017.3,18.36635357,33.3889006,37.10570301,0.039000911
,1953.96,1956.37,1926.57,1938.62,1202141883.0,2023-03-15,2007.4492,15.25144483,34.98250619,37.54023012,0.185714286
,1938.62,1946.77,1919.93,1933.31,1141455063.0,2023-03-16,1996.126112,12.80621618,33.34021999,38.93168122,0.15104607
,1933.23,1939.43,1922.22,1926.4,1069804825.0,2023-03-19,1983.934734,11.34795753,29.54373057,40.04484211,0.004510653
,1926.28,1949.17,1925.41,1949.06,1298583988.0,2023-03-20,1973.693977,16.21682763,24.69154337,36.17914096,0.05997155
,1952.19,1962.94,1929.49,1933.29,1333719930.0,2023-03-22,1965.09174,21.81087443,19.15524365,30.23981383,0.030438492
,1933.11,1933.56,1905.96,1915.14,1413172803.0,2023-03-23,1962.94,17.71431934,31.56995237,29.81459136,0.070373775
,1915.32,1915.41,1881.07,1888.27,1289371531.0,2023-03-26,1962.94,13.70960255,40.8188229,33.7948248,-0.000446429
,1885.65,1907.04,1864.91,1906.0,1382767992.0,2023-03-27,1946.566,10.18017807,40.18516654,38.95079409,0.021793019
,1910.35,1936.48,1906.4,1918.1,1443713878.0,2023-03-28,1864.91,26.49818169,32.59624419,33.22447206,0.034511785
,1920.09,1922.04,1901.62,1919.42,816219129.8,2023-03-29,1864.91,22.87977862,31.34162075,29.70079629,0.091768648
,1920.01,1932.68,1905.12,1908.55,899532139.4,2023-03-30,1866.3414,25.82447219,25.47323713,23.89757689,0.077795014
,1910.49,1928.66,1883.2,1888.55,1207122600.0,2023-04-02,1867.744172,18.63153924,31.8084331,24.34284386,0.020596591
,1888.61,1892.03,1865.96,1871.88,920249011.5,2023-04-03,1936.48,15.53065269,37.52058611,27.76434858,0.090095271
,1872.65,1880.46,1856.35,1866.68,917610296.0,2023-04-04,1935.0696,13.02470873,37.89789693,31.98049515,0.073081464
,1866.83,1878.77,1857.54,1875.07,816046790.0,2023-04-05,1931.920816,11.06037876,32.1823008,35.35341241,0.007969834
,1875.88,1889.07,1863.66,1866.79,920686094.3,2023-04-06,1928.897983,16.48663886,26.2576032,32.85455708,0.074296632
,1867.47,1869.43,1833.68,1838.48,1159448412.0,2023-04-09,1925.996064,12.45435054,40.34598336,36.84859129,0.046680871
,1837.65,1851.49,1833.08,1844.02,911976049.1,2023-04-10,1920.4571,10.76028239,35.30134369,40.1346242,0.171619168
,1845.65,1872.11,1844.41,1871.33,945249179.4,2023-04-11,1913.466932,23.66480362,28.02965194,33.79640979,0.061088517
,1871.46,1963.89,1871.46,1963.55,1976076732.0,2023-04-12,1833.08,58.31631094,15.16387464,38.78245372,0.049766459
,1973.09,1981.87,1928.93,1934.47,1653334666.0,2023-04-13,1835.6962,52.29908741,11.41718339,43.85844783,0.023048856
,1934.51,1945.05,1918.52,1931.68,974599061.5,2023-04-16,1841.543152,45.28941451,15.14610152,45.06212209,0.07841004
,1931.84,1937.65,1904.39,1908.04,920078571.1,2023-04-17,1847.156226,37.42808116,19.89131889,42.16865992,0.043997801
,1905.96,1911.51,1892.82,1904.98,870448151.9,2023-04-18,1852.544777,33.36055927,24.45715805,36.81474556,0.190376984
,1903.36,1924.4,1903.28,1920.12,872141116.1,2023-04-19,1857.717786,37.04305077,21.2024437,34.89105221,0.193506494
,1918.49,1928.76,1902.15,1904.4,983367311.0,2023-04-20,1862.683874,33.46354296,17.52863903,34.16278178,0.067621796
,1904.94,1906.66,1881.15,1885.6,828534036.3,2023-04-23,1867.451319,27.70992424,28.6687797,27.67037352,0.125520833
,1885.77,1891.87,1875.14,1888.32,751330393.7,2023-04-24,1872.028067,24.28671511,29.56500709,24.09660455,0.061538462
,1887.3,1905.73,1885.17,1905.68,885578270.8,2023-04-25,1875.14,31.16543387,24.84927615,21.53246187,0.118253968
,1907.54,1913.28,1888.89,1892.0,847028219.4,2023-04-26,1875.14,31.12524141,20.09612118,21.53242277,0.047645503
,1892.94,1895.17,1880.25,1889.73,739650247.5,2023-04-27,1879.4092,27.15365861,24.92102744,18.08341095,0.034370718
,1889.41,1890.34,1867.73,1870.65,954322377.9,2023-04-30,1981.87,21.86797451,30.84889741,17.87395782,0.077750329
,1871.63,1878.96,1860.43,1866.4,692271755.2,2023-05-02,1979.5872,18.232201,32.26986958,19.85841102,0.049777184
,1866.68,1868.35,1852.35,1857.23,620266016.9,2023-05-03,1974.820912,15.45822629,35.04352926,23.64301482,0.121600529
,1856.97,1875.26,1846.67,1869.73,732689811.9,2023-05-04,1967.472657,17.66769362,26.15511606,22.78793,0.02542785
,1870.41,1872.22,1848.8,1850.61,608135094.1,2023-05-07,1957.808445,14.02513736,20.76270413,22.10386215,0.074926647
,1850.73,1854.21,1825.61,1833.69,824217001.9,2023-05-08,1948.917369,10.66782677,35.20228061,28.38045027,0.114298776
,1831.64,1856.07,1828.99,1844.36,774760647.1,2023-05-09,1936.586632,9.829053736,27.43063626,32.15241656,0.078757354
,1845.64,1852.05,1835.61,1841.93,589100077.1,2023-05-10,1925.488969,8.418638072,23.49448939,35.16998959,0.103469968
,1840.05,1843.44,1831.2,1838.59,578841593.5,2023-05-11,1915.501072,7.426828236,24.97124361,38.96652224,0.053713846
,1840.82,1849.56,1818.08,1821.64,900563856.3,2023-05-14,1906.511965,5.386648166,29.56045333,45.00773003,0.1129329
,1821.81,1826.65,1807.53,1818.31,724969980.4,2023-05-15,1895.900129,4.457084455,33.9811947,51.36801129,0.002272727
,1817.87,1827.77,1810.1,1821.6,640117260.5,2023-05-16,1883.528311,4.769793613,28.33297692,55.33079042,0.073374369
,1821.54,1846.72,1821.02,1845.01,857624318.5,2023-05-17,1872.888547,20.77413472,21.75795214,44.72725596,0.015964857
,1846.69,1883.2,1844.5,1877.32,1474765388.0,2023-05-18,1807.53,43.11594926,15.14323049,45.38465839,0.105031295
,1878.68,1903.06,1874.4,1883.2,1600492732.0,2023-05-21,1809.0434,48.86546434,11.81745608,48.51808442,0.050941558
,1883.45,1898.91,1866.08,1891.31,1278704726.0,2023-05-22,1812.804064,37.17503727,15.05318873,47.28569095,0.044895833
,1891.37,1942.64,1891.37,1942.63,2200023946.0,2023-05-23,1816.414301,52.47371138,10.25727967,51.28806647,0.048200758
,1943.81,1962.66,1928.16,1959.12,1873018024.0,2023-05-24,1823.987843,53.64671523,8.091440829,55.78802849,0.040687374
,1960.95,1977.57,1938.12,1941.74,2639659500.0,2023-05-28,1835.081616,49.97160992,6.215537156,60.20554096,0.057330406
,1944.03,1944.06,1884.91,1888.61,2341777845.0,2023-05-30,1849.330454,34.83525216,31.5809769,49.14439665,0.087648643
,1884.49,1893.84,1844.32,1849.79,2315169572.0,2023-05-31,1977.57,26.45082838,43.70825473,44.2350304,0.040909993
,1850.79,1877.0,1837.24,1866.34,1654648922.0,2023-06-01,1974.905,21.3044631,38.66878548,41.1787136,0.054908484
,1866.35,1925.11,1865.73,1919.37,1656340392.0,2023-06-04,1969.3984,37.21525318,28.36585029,35.64173696,-0.003447972
,1922.13,1935.8,1899.54,1901.99,1973491107.0,2023-06-05,1964.112064,35.90822172,23.57190808,32.66143487,0.123507524
,1902.75,1927.66,1893.61,1927.65,1981012702.0,2023-06-06,1959.037181,29.96398737,22.55278927,28.95155954,0.042897727
,1929.16,1950.81,1928.13,1932.33,2368815636.0,2023-06-07,1954.165294,38.59970481,19.77022565,29.61302135,0.093349151
,1933.4,1947.45,1920.65,1939.61,2305888932.0,2023-06-08,1950.81,32.75424492,21.00296414,28.06240029,0.076949388
,1941.52,1983.98,1941.24,1980.09,3454344564.0,2023-06-11,1837.24,44.58398285,15.9912898,31.89030466,0.086933107
,1984.36,2003.25,1972.0,1987.87,2886509416.0,2023-06-12,1840.1748,47.54914969,13.21513086,36.81296795,0.077631579
,1989.43,2034.8,1977.52,2020.64,4126695944.0,2023-06-13,1846.697808,49.69229779,9.45448951,43.05645851,0.053679654
,2020.15,2067.1,2015.19,2037.06,5017807683.0,2023-06-14,1857.98394,52.74704387,7.149679803,49.6704951,0.040776515
,2040.58,2050.03,2017.7,2042.07,3162810844.0,2023-06-15,1874.713224,44.33326009,6.009220441,54.96172437,0.041025388
,2045.06,2094.33,2037.9,2094.33,4869184016.0,2023-06-18,1890.104166,53.15530162,4.457803574,60.87438674,0.102063793
,2097.53,2107.6,2075.21,2091.39,4740608880.0,2023-06-19,1910.52675,51.25083436,3.761116071,65.96474646,0.012570346
,2093.56,2117.3,2057.03,2064.83,4110606954.0,2023-06-20,1934.17554,37.58740555,10.80017199,63.8437437,0.076163721
,2067.21,2082.97,2043.84,2050.78,3496822261.0,2023-06-21,1959.812964,30.90154111,14.87493184,58.07711122,0.029166667
,2054.62,2074.38,2042.28,2055.53,3444862502.0,2023-06-22,1981.861149,26.13463263,13.32998771,52.95086577,-0.016505456
,2057.37,2119.8,2057.37,2117.73,6490412666.0,2023-06-25,2000.822588,38.5395729,9.61708598,54.37252549,0.086937096
,2124.01,2154.86,2120.42,2129.42,5312422087.0,2023-06-26,2019.858974,47.89822414,8.00659521,57.76928695,0.090480353
,2132.61,2186.68,2132.48,2186.36,5476287740.0,2023-06-27,2044.159159,49.77067169,6.052703301,61.87839096,0.034407648
,2193.51,2205.97,2146.06,2150.99,5972286481.0,2023-06-28,2072.663327,45.51916282,4.588295507,65.83994825,0.024506067
,2154.8,2160.24,2094.07,2097.29,5081976179.0,2023-07-02,2205.97,34.12156327,23.11275353,56.51888484,0.049918831
,2096.72,2113.74,2069.6,2075.97,4051078375.0,2023-07-03,2205.97,28.227972,28.69594853,45.37952962,0.031815722
,2079.42,2104.38,2067.22,2088.7,2576140129.0,2023-07-04,2200.5152,23.88633084,25.26741867,36.86556977,0.08654802
,2090.38,2101.59,2046.55,2049.44,3073992137.0,2023-07-05,2192.517488,18.59198088,27.99082311,33.52778277,0.011931217
,2050.28,2064.57,2033.43,2049.38,3077498315.0,2023-07-06,2180.840089,16.07257139,29.90714315,32.83991115,0.055394269
,2050.36,2085.23,2049.69,2077.76,3042543961.0,2023-07-09,2166.09908,22.85399645,25.02671889,27.1794853,0.049298701
,2081.75,2102.09,2067.85,2076.96,3797986583.0,2023-07-10,2152.832172,27.15647339,20.9459868,24.32577907,0.073987603
,2078.25,2084.92,2064.52,2072.24,2859490490.0,2023-07-11,2140.891955,24.21584455,20.44544569,21.14906479,0.033237133
,2072.24,2099.71,2072.24,2097.55,3187695774.0,2023-07-12,2130.145759,28.78298413,17.29344156,21.9064193,0.0375
,2095.72,2121.83,2080.42,2084.93,3390660605.0,2023-07-13,2033.43,34.32827979,13.40057017,26.29455252,0.179082966
,2085.68,2105.67,2079.18,2097.09,2376427574.0,2023-07-16,2035.198,29.0917333,12.07046061,29.30598481,0.10910637
,2097.99,2144.6,2089.16,2144.16,2560191289.0,2023-07-17,2036.93064,40.82306093,8.62751636,36.46608966,0.129619503
,2147.69,2171.13,2146.52,2154.07,3548829029.0,2023-07-18,2041.237414,49.32896931,7.352266898,43.98437028,0.091720779
,2154.02,2174.63,2141.82,2165.24,3348679900.0,2023-07-19,2049.03097,40.27600105,8.631901069,48.12777729,0.042217813
,2165.7,2179.72,2152.82,2163.92,3052410660.0,2023-07-20,2059.078892,36.89551168,7.265414372,51.92136855,0.102400794
,2166.47,2228.74,2166.44,2227.16,4375196233.0,2023-07-23,2071.143003,49.40023574,4.919593184,57.91440804,0.110889943
,2227.21,2244.13,2194.16,2200.5,4737608810.0,2023-07-24,2090.054642,44.98603222,3.752171959,63.25207611,0.100961538
,2202.99,2206.46,2162.55,2164.31,2910732419.0,2023-07-25,2111.625193,35.6847104,17.86065922,57.25921179,-0.015634366
,2168.46,2186.49,2152.54,2156.2,2432508770.0,2023-07-26,2130.175866,29.7415559,19.79657226,49.82245196,0.063274045
,2155.49,2165.97,2124.32,2126.48,2425780564.0,2023-07-27,2244.13,23.69090901,29.55329548,42.06003653,0.017232785
,2126.85,2138.67,2091.5,2100.34,2502886528.0,2023-07-30,2241.7338,18.39350115,38.50305037,40.71684049,0.02457483
,2097.85,2126.57,2094.06,2106.18,1858002176.0,2023-07-31,2235.724448,15.4225301,32.28392727,39.64228366,0.017045455
,2106.06,2124.32,2070.33,2077.58,1924434900.0,2023-08-01,2229.95547,11.5498159,35.21401537,41.83455435,0.073760331
,2078.6,2086.84,2062.0,2086.84,1812473856.0,2023-08-02,2220.377942,10.09234413,35.0020926,44.51545792,0.068718821
,2088.56,2109.29,2083.92,2089.84,1781941702.0,2023-08-03,2207.707707,20.97007121,30.14555013,39.20245432,0.041245142
,2095.43,2101.9,2041.69,2051.47,2687148235.0,2023-08-06,2196.05109,14.85537412,41.80696999,40.87501707,0.06415733
,2051.57,2069.73,2030.19,2048.26,2333573298.0,2023-08-07,2180.614981,11.98631882,39.34984225,43.36053944,-0.043939394
,2047.72,2055.31,2013.37,2019.85,1737014500.0,2023-08-08,2162.563983,9.54272281,39.50377482,46.90583889,0.038390152
,2018.72,2061.08,2000.23,2060.91,1888326470.0,2023-08-09,2141.676826,6.966859537,34.66941924,50.83160464,0.042205387
,2058.96,2080.81,2045.98,2066.05,2156583946.0,2023-08-10,2119.045334,15.00848963,29.05749743,47.0416337,0.051634464
,2065.4,2087.93,2057.7,2080.86,3018460512.0,2023-08-13,2100.03488,16.28484022,24.71686411,41.74631837,0.009274564
,2079.25,2094.04,2073.49,2077.24,2091390638.0,2023-08-14,2000.23,17.79952488,21.93283737,35.47763197,0.061791383
,2077.03,2078.76,2041.12,2045.44,2157312370.0,2023-08-15,2002.1062,14.15034773,35.06737604,36.88190065,0.082552415
,2044.05,2044.05,2014.0,2025.12,1679980623.0,2023-08-16,2003.944876,11.6554227,44.09334619,41.14270072,-0.0049806
,2025.98,2043.01,2025.4,2033.13,1541367399.0,2023-08-17,2005.746778,10.35661186,39.17984648,44.55134078,0.142535347
,2033.2,2034.88,2008.03,2011.14,1447408943.0,2023-08-20,2007.512643,8.565868869,43.59123423,49.07178993,0.051290213
,2012.46,2019.51,1991.81,1998.28,1408981602.0,2023-08-21,2094.04,7.004109914,46.31965439,54.00340684,0.012362259
,1998.14,2016.18,1990.29,2015.98,1332564770.0,2023-08-22,2091.9954,5.774145373,39.21662199,58.06909854,0.066724387
,2016.8,2048.26,2015.8,2045.45,1510488985.0,2023-08-23,2087.927184,25.85695924,30.75304055,48.1850373,0.020808081
,2045.86,2052.2,2009.09,2013.93,1550582685.0,2023-08-24,2084.021697,19.03653467,26.74676839,41.91617202,0.100883838
,2014.21,2016.11,1989.22,1993.38,1262767877.0,2023-08-27,2080.272429,15.78926308,34.78913018,41.04597465,0.084902597
,1994.03,2009.7,1989.37,1998.48,988628562.2,2023-08-28,2074.809283,13.59727065,29.95942346,40.34981676,0.062169913
,1999.01,2002.81,1988.51,1993.42,865120452.4,2023-08-29,2069.673926,12.11809359,27.35452261,39.99985298,0.025714286
,1994.63,2001.72,1985.1,1990.59,1130008041.0,2023-08-30,2063.180812,10.46429246,26.42144183,40.65208882,-0.007537245
,1990.82,1991.11,1958.83,1960.78,1186618411.0,2023-09-03,2055.372731,7.860025698,40.09948754,45.9661202,0.059250842
,1960.79,1977.96,1946.62,1967.83,1099139697.0,2023-09-04,2043.787603,6.036743791,39.83511444,51.50888984,0.088452381
,1966.8,1974.11,1954.19,1961.37,796870408.1,2023-09-05,2030.184139,5.097300721,33.63594093,55.94310555,0.029366883
,1960.72,1960.78,1929.66,1932.45,1150920608.0,2023-09-07,2018.485159,3.892080396,43.97354393,61.50197874,0.026459562
,1933.25,1946.75,1933.06,1942.68,1072212419.0,2023-09-10,2004.273134,3.434339957,38.80189605,65.9490773,0.096885395
,1942.98,1986.99,1941.86,1986.99,1518343397.0,2023-09-11,1992.335032,30.60393013,26.50482409,54.19480569,0.044454887
,1987.17,1998.54,1962.71,1967.57,1135057516.0,2023-09-12,1929.66,30.99431751,20.16320869,47.59025916,0.031771474
,1967.26,2007.48,1967.25,2007.06,1495521906.0,2023-09-13,1931.0376,28.7891163,15.09441603,44.31359198,0.055691175
,2009.99,2010.86,1961.05,1964.91,2028465611.0,2023-09-17,1934.095296,20.7255459,14.35298276,39.08418626,0.111303123
,1965.45,1974.98,1952.88,1969.18,870444156.8,2023-09-18,1938.701178,17.93890658,17.39371349,31.5759551,0.063568222
,1970.42,1986.72,1960.62,1985.43,1176680758.0,2023-09-19,1943.030708,22.41745556,14.51305447,29.54145291,0.068121693
,1988.71,2040.28,1988.67,2029.78,3293921368.0,2023-09-21,1947.100465,45.22463801,10.11322849,36.32299363,0.103731807
,2029.42,2037.02,2003.83,2010.35,2326895207.0,2023-09-24,1954.554828,36.78872577,8.226772084,41.7482262,0.116033714
,2012.21,2015.56,1999.62,2004.45,1565573472.0,2023-09-25,1961.412842,33.08392345,10.05806635,44.07303396,0.066875522
,2006.64,2030.51,2005.42,2022.91,2093809519.0,2023-09-26,1967.722214,37.22855207,8.341401786,47.93658364,0.166565657
,2023.52,2027.19,1993.46,2004.3,1814359022.0,2023-09-27,1973.526837,29.17287396,14.20902142,45.24792932,0.078087402
,2004.58,2005.32,1964.44,1971.1,1830486743.0,2023-10-01,2040.28,21.97056506,28.22689308,38.69103064,0.038852814
,1970.28,1982.51,1954.35,1976.29,1737314092.0,2023-10-02,2038.7632,18.11884428,29.55998421,35.75207831,0.038083213
,1977.83,1978.27,1954.13,1958.72,1199101325.0,2023-10-03,2035.386672,15.25338394,25.02925795,33.45530359,0.041349834
,1958.87,1976.19,1957.23,1967.97,1189931385.0,2023-10-04,2030.511272,13.20335788,21.66537283,31.61788382,0.06116342
,1967.58,1970.15,1954.02,1956.92,1106519418.0,2023-10-05,2025.928395,11.55228207,21.44471429,31.29026627,0.078582165
,1963.8,1964.02,1917.69,1921.24,1801766294.0,2023-10-08,2020.175724,7.972736049,39.09753058,38.25703487,-0.009173641
,1919.97,1926.72,1902.87,1908.66,1170172722.0,2023-10-09,2009.927151,6.647343859,42.927852,45.24218455,0.095863919
,1908.29,1913.58,1885.37,1889.59,1283182145.0,2023-10-10,1997.080293,5.335852212,46.69755669,52.0918813,0.088758117
,1890.04,1905.05,1884.4,1894.76,1088547980.0,2023-10-11,1981.440852,4.519886521,40.27482658,57.63741577,0.093479437
,1896.18,1897.6,1870.19,1874.6,1700129815.0,2023-10-12,1965.914316,3.605159376,42.61585157,62.9900014,0.032296257
,1874.13,1876.62,1846.79,1851.43,1253291071.0,2023-10-16,1948.683939,2.826893886,50.35038213,68.26560872,0.147975289
,1851.18,1884.67,1851.03,1864.62,1008437861.0,2023-10-17,1928.305151,7.750445208,38.6030827,67.92437019,0.099368687
,1864.28,1908.4,1864.25,1907.89,934894218.2,2023-10-18,1912.002121,20.48299162,27.91752996,57.41158632,0.087212349
,1908.66,1915.98,1893.94,1903.84,970612892.0,2023-10-19,1846.79,22.53162744,23.80560546,46.47914135,0.136156092
,1903.59,1903.91,1867.09,1875.65,742925392.6,2023-10-29,1848.1738,17.23162021,35.35909703,44.07710642,0.17716112
,1876.47,1878.83,1856.9,1878.7,694222217.4,2023-10-30,1849.529924,14.66364565,37.01432832,43.91166924,0.013824378
,1878.29,1878.98,1860.47,1864.4,571483276.5,2023-10-31,1850.858926,12.78140928,31.98521243,43.70885398,0.069387755
,1864.19,1872.19,1853.49,1858.56,812089291.3,2023-11-01,1852.161347,10.90954775,32.76741062,44.97595911,0.048141186
,1858.27,1859.48,1842.73,1847.7,964477711.4,2023-11-02,1915.98,9.372663318,37.2009489,47.93100446,0.065374117
,1846.75,1846.77,1817.76,1826.23,972367278.9,2023-11-05,1914.515,7.128794131,48.26129787,53.19673908,0.021784168
,1826.68,1850.58,1824.56,1847.54,938929040.6,2023-11-06,1910.6448,8.679617388,38.30031172,55.167327,0.011525974
,1848.06,1864.85,1847.1,1858.76,996586291.9,2023-11-07,1906.929408,19.41226356,32.56838488,49.19579203,0.0520537
,1858.11,1869.01,1851.19,1863.94,782743264.9,2023-11-08,1903.362632,20.03401493,27.41886081,42.46913029,0.089157447
,1864.4,1866.93,1847.85,1852.08,836005656.1,2023-11-09,1899.938526,16.53493378,25.68737763,38.31066321,0.129897377
,1852.29,1873.34,1846.52,1853.48,1099318030.0,2023-11-20,1896.651385,18.26443127,19.65541486,31.38217468,0.174543651
,1853.17,1853.87,1821.38,1829.65,950479583.9,2023-11-21,1893.49573,13.4734974,34.79650682,33.94062997,0.040339105
,1830.11,1850.54,1816.4,1850.33,1087098496.0,2023-11-22,1890.466301,10.0209081,29.61781096,37.04026186,0.072077922
,1847.69,1864.59,1826.49,1860.2,1348347430.0,2023-11-23,1886.022323,17.09293239,21.81843778,32.06106531,0.085912247
,1859.24,1908.19,1852.67,1907.95,2011763359.0,2023-11-26,1816.4,37.00925303,14.74549004,34.25241654,0.047318182
,1909.97,1926.52,1889.71,1896.67,1754750756.0,2023-11-27,1818.2358,39.71711477,11.62288469,38.34631593,0.100555556
,1896.4,1902.63,1885.23,1894.53,1280228972.0,2023-11-28,1822.567168,35.3001143,13.193663,39.7942849,0.036317941
,1894.79,1907.07,1871.93,1876.6,1014195575.0,2023-11-29,1826.725281,27.56216885,18.59813844,35.71929739,0.032215007
,1874.24,1876.4,1851.32,1858.53,1323519357.0,2023-11-30,1830.71707,23.02369444,28.96018831,30.8594127,0.051750992
,1858.47,1861.67,1837.85,1851.23,964010431.3,2023-12-03,1834.549187,19.28376772,33.44168355,30.05795961,0.075
,1848.71,1859.32,1843.37,1847.81,1197257895.0,2023-12-04,1837.85,16.97571792,29.43909069,29.41679715,0.090212215
,1849.01,1857.35,1833.02,1837.71,1544935438.0,2023-12-05,1926.52,13.82145151,31.87339078,31.43452168,-0.011747475
,1837.24,1841.8,1830.31,1841.04,1141812383.0,2023-12-06,1924.65,12.45526178,31.05419162,33.6969915,-0.028571429
,1840.42,1861.22,1834.64,1852.77,2799146434.0,2023-12-07,1920.8764,25.9276362,24.1511544,27.66706793,0.045467224
,1866.12,1963.98,1866.12,1963.98,482482239.1,2023-12-10,1830.31,61.66326766,11.16780581,36.0001153,0.018142464
,1989.54,1989.71,1928.76,1948.57,4842774387.0,2023-12-11,1832.9834,56.42854881,8.161876696,43.74554948,0.040886307
,1952.19,1990.39,1940.15,1985.44,4309019196.0,2023-12-12,1839.252464,44.4708234,6.389794999,49.97110155,0.050561598
,1990.36,2017.22,1976.04,1988.04,3909198570.0,2023-12-13,1848.320716,48.23442667,5.227022384,56.06600903,0.050974026
,1989.53,1997.12,1973.42,1994.6,3151635750.0,2023-12-14,1861.832659,42.65090578,5.901640337,59.99074267,0.036929413
,1986.06,2022.82,1951.02,2022.35,5157846979.0,2023-12-17,1874.263646,40.56110955,4.103016343,64.31804212,0.050892857
,2025.73,2070.59,2025.68,2060.49,6868177566.0,2023-12-18,1889.119282,52.47572454,3.266854563,69.11019013,0.084590806
,2065.06,2107.32,2053.27,2106.48,5984699176.0,2023-12-19,1910.895768,55.91294632,2.541467198,73.54904154,0.062935477
,2113.94,2150.98,2110.76,2141.87,7009575176.0,2023-12-20,1938.39516,63.76241928,2.068731287,77.5822409,0.009708284
,2148.16,2154.51,2102.79,2109.1,6274324812.0,2023-12-21,1972.408735,50.19731611,4.906991264,78.50382706,0.055849346
,2113.69,2132.63,2082.93,2088.07,7111733830.0,2023-12-24,2005.186962,39.98052165,12.04137506,73.5443642,0.041709602
,2089.89,2109.35,2055.35,2070.84,5248782611.0,2023-12-27,2032.065109,31.32219866,20.49443423,63.01475343,-0.058035714
,2072.09,2085.36,2059.49,2068.9,4290932298.0,2023-12-28,2054.10519,27.72642839,18.14168505,54.59106482,0.092656971
,2072.45,2096.44,2056.87,2060.15,4483982461.0,2024-01-01,2154.51,27.77584957,14.87642417,49.72149792,0.055127165
,2060.47,2061.92,2024.14,2030.1,4044659923.0,2024-01-02,2152.5572,22.86443445,27.56467746,41.6412974,0.018818681
,2030.95,2058.31,2023.76,2058.0,4048857455.0,2024-01-03,2147.420512,19.01990093,23.11475781,35.25673795,0.057130125
,2058.57,2072.08,2046.05,2049.28,5581107805.0,2024-01-04,2140.000881,23.65149424,19.95489163,29.90083131,0.059769961
,2049.9,2056.49,2019.77,2022.92,5241408380.0,2024-01-07,2133.026428,19.05755673,29.98006274,28.37541066,-0.091111111
,2025.89,2059.66,2025.62,2059.49,4675224906.0,2024-01-08,2123.965914,17.01917501,24.12056416,26.15265433,0.035569986
,2063.56,2098.04,2063.42,2080.12,6118317867.0,2024-01-09,2115.630241,33.86057566,19.19901248,26.4485754,0.093121339
,2084.59,2116.44,2084.44,2089.62,5134848789.0,2024-01-10,2019.77,37.1154611,15.47938283,29.38631254,-0.018231768
,2091.28,2106.43,2082.49,2088.99,4307763277.0,2024-01-11,2021.7034,32.00635069,14.46982202,31.05550992,0.140016097
,2093.48,2121.67,2093.44,2120.62,5450421806.0,2024-01-14,2023.598132,34.78866753,11.71753048,34.76615516,-0.00327381
,2125.2,2178.37,2125.11,2175.17,8023862407.0,2024-01-16,2027.521007,53.54367739,8.25087206,42.47208282,0.050666667
,2181.8,2215.54,2154.02,2163.06,9768969869.0,2024-01-17,2036.571946,55.48687342,5.919027223,50.121993,0.066292517
,2163.39,2167.43,2133.12,2155.82,8174986283.0,2024-01-18,2050.889391,46.3541058,14.97102636,50.33257583,0.054286386
,2156.52,2165.67,2123.86,2130.18,7677740058.0,2024-01-21,2064.061439,37.06206292,16.40966905,47.99066322,0.064325397
,2128.56,2134.81,2090.64,2098.69,6366070003.0,2024-01-22,2076.179724,29.30465181,28.71696635,38.59510523,-0.018181818
,2096.99,2112.15,2087.22,2098.29,4294566752.0,2024-01-23,2215.54,25.53404134,26.78711207,31.3550762,0.108928571
,2098.97,2120.46,2083.45,2088.04,3897022599.0,2024-01-24,2212.9736,24.94025085,21.62393855,26.50846557,0.070806277
,2088.49,2096.75,2072.78,2084.09,3764505451.0,2024-01-25,2207.792656,21.57377212,24.71367586,22.56347017,0.060146878
,2084.64,2098.14,2075.37,2094.46,3833776581.0,2024-01-28,2199.691897,19.43686139,21.29974669,18.96537624,0.054260323
,2097.48,2114.79,2097.23,2104.72,4566522231.0,2024-01-29,2192.077183,27.78031946,18.45459152,19.20636432,0.07207483
,2105.87,2128.11,2105.46,2119.61,5544217593.0,2024-01-30,2184.919352,32.48049111,15.48070088,22.45406882,0.101245716
,2119.17,2131.28,2088.48,2097.93,5295605057.0,2024-01-31,2178.190991,23.73280503,21.99617314,18.7227874,0.145648148
,2103.2,2103.22,2063.68,2067.01,4180632139.0,2024-02-01,2171.866331,18.10269636,31.65735145,20.42623718,0.107126984
,2067.47,2072.9,2053.46,2061.7,3216727222.0,2024-02-04,2163.211425,15.79926998,34.31857882,23.73129451,0.059566327
,2063.93,2084.8,2060.55,2076.27,2438058255.0,2024-02-05,2152.236282,21.30789089,28.63683573,21.9198579,0.044583333
,2073.83,2087.24,2067.59,2085.71,2591534908.0,2024-02-06,2142.358654,20.03111347,24.52429953,19.55278427,0.056619048
,2095.1,2107.57,2086.76,2090.64,2842550237.0,2024-02-07,2133.468789,32.17764044,20.44199343,20.10278563,0.032363817
,2094.18,2097.97,2082.72,2096.38,3212283454.0,2024-02-08,2125.46791,28.09888439,21.20885197,18.87693494,0.047898998
,2101.28,2109.32,2083.6,2085.82,4085678472.0,2024-02-11,2118.267119,31.47928542,16.73639162,21.21694224,0.008400178
,2085.81,2103.91,2081.81,2101.16,3586984128.0,2024-02-12,2111.786407,25.66603051,15.1414324,22.13172701,0.129896384
,2101.56,2101.55,2064.84,2070.59,4667179304.0,2024-02-13,2109.32,18.55233582,23.75727819,20.16578807,0.137698413
,2071.71,2081.62,2064.34,2076.5,4252722895.0,2024-02-14,2103.91,15.95101351,20.83185877,18.78649893,0.054255793
,2075.62,2077.1,2055.72,2062.03,3869118742.0,2024-02-15,2101.55,13.10839239,24.30448267,21.01435279,0.081935749
,2060.68,2062.32,2030.29,2034.82,3775422196.0,2024-02-18,2096.741,9.828400381,38.08910353,28.60704788,0.079085498
,2034.79,2043.5,2025.89,2033.06,3113556978.0,2024-02-20,2088.76688,8.386269724,36.16644369,35.35633732,-0.005555556
,2034.39,2044.44,2020.88,2026.59,2241961799.0,2024-02-21,2079.964117,6.733878168,33.23030415,41.54515649,0.045454545
,2027.57,2030.4,2000.55,2005.83,3206167025.0,2024-02-22,2070.510658,5.132336265,41.52519946,48.8361189,0.00599361
,2006.89,2011.81,1976.68,1979.02,3086951071.0,2024-02-25,2057.91774,3.802073609,48.37369138,56.15407548,0.061707208
,1980.9,1997.52,1973.3,1992.3,2017739061.0,2024-02-26,2041.670192,3.107864414,42.08936058,62.17276903,0.040413534
,1992.7,2007.85,1980.43,2001.64,1869813526.0,2024-02-27,2027.996153,10.20526958,33.44703236,60.38680041,0.012605042
,2002.94,2009.5,1992.46,2000.77,2038100977.0,2024-02-28,2017.056923,10.1334387,28.84599184,57.91068534,0.05047619
,2001.02,2007.57,1970.04,1972.09,2598737229.0,2024-02-29,2009.5,7.349892462,37.33193356,59.74878812,0.053991988
,1972.63,1975.39,1946.42,1960.3,2082786089.0,2024-03-03,2009.5,5.809979601,46.59264122,63.36415337,0.148968254
,1976.14,2078.16,1976.14,2078.0,375209978.3,2024-03-04,1946.42,47.79328799,22.55783751,57.86546535,0.030880231
,2094.71,2095.19,2003.77,2007.69,4113676958.0,2024-03-05,1946.42,38.0695682,15.03696494,54.9664852,0.10861057
,2008.93,2036.32,1992.34,2017.03,3450838357.0,2024-03-06,1952.3708,31.71166597,16.86605095,50.08529715,0.093413729
,2020.95,2040.9,2017.0,2030.55,3199205820.0,2024-03-07,1958.083568,30.43313628,15.14761681,46.77524383,0.136002134
,2032.58,2061.2,2032.58,2052.65,2922771559.0,2024-03-10,1963.567825,35.45916147,13.02092771,46.67687513,0.078701878
,2065.63,2111.24,2064.08,2111.24,4551632348.0,2024-03-12,1968.832712,48.00626822,9.750020327,50.58897457,0.135748462
,2123.91,2124.08,2093.89,2108.72,4248523332.0,2024-03-13,1977.37715,47.24369958,8.392174523,54.43753704,0.004444444
,2110.55,2110.55,2074.05,2080.87,3943592302.0,2024-03-14,1989.113378,39.0293057,16.3840617,51.72323587,0.096249399
,2082.41,2086.03,2064.32,2070.25,3387980384.0,2024-03-17,1999.910707,34.56143713,19.63903506,46.88496215,0.012878788
,2073.59,2075.62,2060.08,2073.53,2885637819.0,2024-03-18,2009.844251,31.35034282,20.3493665,41.76369048,0.030952381
,2074.54,2091.52,2064.44,2067.29,3633936555.0,2024-03-19,2018.983111,35.95625529,16.92423025,40.60908033,0.089643458
,2072.48,2084.59,2058.78,2063.95,3496284036.0,2024-03-20,2027.390862,29.95035301,17.76027585,37.59726908,0.073106061
,2065.52,2074.97,2045.11,2048.57,4313017714.0,2024-03-21,2035.125993,24.12326361,23.21180535,30.46292435,0.030503827
,2050.68,2051.67,2027.77,2031.55,2489118485.0,2024-03-25,2124.08,20.19264386,31.25129498,28.66964135,0.095578231
,2033.0,2048.74,2032.13,2041.7,2354348503.0,2024-03-26,2122.1538,17.6125516,27.25819606,27.23501494,0.052791069
,2042.09,2053.71,2025.1,2030.86,2235485534.0,2024-03-27,2120.266124,13.91390338,26.69405688,28.08241996,0.032652417
,2033.42,2039.34,2023.13,2035.64,2653349469.0,2024-03-28,2116.459479,12.11243234,24.81138554,29.34439758,0.079239406
,2034.71,2040.48,2014.32,2018.33,3205332325.0,2024-03-31,2110.85971,9.604032982,26.64746843,32.87840334,0.032962963
,2017.18,2019.76,2006.96,2012.07,2874754306.0,2024-04-01,2103.136533,8.524322248,30.11599145,37.47844416,-0.009772727
,2014.55,2018.07,2004.28,2010.21,2291645585.0,2024-04-02,2093.51888,7.403458704,28.71146489,41.78286679,0.040616368
,2011.66,2017.21,1999.85,2006.78,2536233987.0,2024-04-03,2082.810215,6.134209361,28.16405137,46.27233375,0.016463745
,2007.13,2011.37,2000.33,2004.05,3037267308.0,2024-04-04,2071.195784,5.398487361,24.78612424,49.86390732,0.067101719
,2009.05,2026.82,2000.36,2026.81,4256676334.0,2024-04-07,2061.207375,19.40627421,18.2341581,40.51392216,0.10106679
,2035.2,2046.61,2030.44,2036.01,4143783989.0,2024-04-09,2052.617342,35.37320597,14.61940871,40.713883,0.015418895
,2038.11,2045.46,2016.34,2025.3,3485660640.0,2024-04-10,1999.85,25.92503056,23.64762714,33.48992073,0.099228896
,2025.7,2031.9,2017.88,2023.35,3063772653.0,2024-04-14,2000.7622,22.33480065,20.37278362,27.71075091,0.119366415
,2022.32,2026.99,2002.21,2006.52,2797577433.0,2024-04-15,2001.656156,17.10219376,30.41490944,27.77193712,0.110515873
,2004.97,2004.96,1988.19,1991.71,2103019219.0,2024-04-16,2045.46,14.05708693,38.61814494,31.54301715,0.043612314
,1992.37,1992.37,1967.39,1972.14,2093612793.0,2024-04-18,2044.3146,10.78565887,49.00893592,38.01927401,0.032193137
,1972.92,1984.46,1953.29,1984.43,2259959457.0,2024-04-21,2041.237616,7.913225487,48.00407649,44.75475591,0.002380952
,1984.08,1992.78,1964.42,1969.02,2058305185.0,2024-04-22,2035.960759,12.8937306,36.84434859,45.43450152,0.003922466
,1969.41,1979.57,1963.34,1969.17,2536431999.0,2024-04-24,2031.000513,11.05522347,32.53957903,46.20398515,0.048422411
,1971.36,1974.91,1960.92,1965.93,2366975594.0,2024-04-25,2026.337883,9.582930402,30.50977221,47.40241543,0.018483194
,1973.54,1981.55,1965.14,1980.27,2682586956.0,2024-04-28,2021.95501,14.62771961,25.52549878,43.35002982,0.07475091
,1990.32,1990.31,1974.52,1980.34,2959458501.0,2024-04-29,2017.835109,21.33633727,21.33360148,34.68130616,0.026967593
,1991.51,2016.61,1979.31,2006.28,4800044602.0,2024-04-30,1953.29,37.39451212,14.366803,36.64269719,0.019347042
,2025.79,2026.62,1995.49,1998.96,4133362726.0,2024-05-02,1954.5564,36.06321542,10.71603964,40.15108782,0.090226535
,1998.45,1999.17,1969.96,1974.37,3795748296.0,2024-05-05,1957.438944,27.78265483,28.3239876,32.31383591,0.066404303
,1980.23,1980.81,1952.63,1958.75,2891319980.0,2024-05-06,2026.62,21.75798326,35.51767065,30.65579341,0.078660667
,1959.91,1970.71,1955.16,1960.81,2140502622.0,2024-05-07,2025.1402,18.92697998,30.89634885,29.3293594,0.146696557
,1961.28,1968.25,1954.22,1960.6,2547030826.0,2024-05-08,2023.689996,16.50498052,27.80004313,28.56226038,0.007621753
,1963.45,1970.55,1955.15,1966.23,3121286363.0,2024-05-09,2022.268796,16.27050836,23.64801348,26.54609002,0.042802634
,1973.79,1981.79,1961.89,1974.5,3155142168.0,2024-05-12,2020.87602,24.08597038,19.05185826,23.57083841,0.059375265
,1979.68,2000.55,1970.54,1998.89,3408608158.0,2024-05-13,2019.5111,34.38947418,13.94338457,27.31720467,0.0997595
,2000.7,2027.59,1999.14,2027.51,4088853665.0,2024-05-14,1952.63,48.91135155,10.55886535,34.75181193,0.07031746
,2030.87,2048.29,2012.56,2017.97,3708430055.0,2024-05-15,1954.1292,51.38525081,7.663917562,42.60989968,-0.002575203
,2029.1,2029.1,2009.35,2018.76,4233816404.0,2024-05-16,1957.895632,43.20127804,9.031900834,47.1713192,0.054383377
,2044.81,2068.91,2028.07,2064.45,5251024787.0,2024-05-19,1961.511407,55.34993009,5.999184622,53.8255501,0.052842262
,2069.88,2121.01,2069.52,2092.0,5854354212.0,2024-05-20,1967.955322,67.16182165,4.071742355,60.7740222,0.047083076
,2095.57,2118.34,2081.07,2115.94,5206208112.0,2024-05-21,1980.199697,53.10762474,3.219694757,66.33279988,0.059383754
,2116.74,2140.24,2108.37,2131.49,5687680913.0,2024-05-22,1991.464521,55.96078709,2.631169532,71.2699732,0.020064831
,2135.25,2142.58,2106.36,2109.34,4441538472.0,2024-05-26,2006.342069,45.75664468,2.088771891,75.26971148,0.070654762
,2111.67,2124.57,2096.83,2113.27,3893764144.0,2024-05-27,2022.69062,38.21493066,7.406919083,73.72158351,0.033560642
,2133.73,2153.39,2086.44,2089.42,4575063274.0,2024-05-29,2037.077346,39.81970859,4.947033608,74.55699107,0.084920635
,2091.03,2100.11,2065.59,2069.53,4217494196.0,2024-05-30,2053.361118,32.79917094,14.72380057,67.25259629,0.039214328
,2073.06,2086.44,2068.08,2083.04,4311015630.0,2024-06-02,2065.59,29.35796867,13.17901835,61.40908046,0.040410053
,2087.8,2096.57,2073.02,2079.07,4004070244.0,2024-06-03,2153.39,31.32451036,11.28128888,58.53594668,0.031349206
,2087.03,2092.71,2077.56,2085.3,4084715877.0,2024-06-04,2151.7826,28.07376041,10.11055552,56.23743965,0.042072226
,2087.74,2091.88,2072.31,2079.71,3992976493.0,2024-06-05,2150.207348,24.04467567,12.50963091,51.30113409,0.071632653
,2080.56,2089.1,2073.47,2077.78,4388278720.0,2024-06-06,2147.091454,21.03131931,10.94188359,47.35208965,0.084691099
,2093.71,2093.71,2068.84,2073.19,5189079522.0,2024-06-09,2144.100196,16.83497691,12.47324772,40.85812576,0.026404521
,2088.14,2089.15,2072.23,2082.09,5490609782.0,2024-06-10,2139.584584,14.3927656,10.66378242,35.66295466,0.028814935
,2099.77,2115.27,2086.81,2115.24,5555361739.0,2024-06-11,2135.339909,31.26745184,7.866490586,40.48978299,0.098959836
,2116.91,2134.12,2116.33,2121.62,5894089245.0,2024-06-12,2068.84,42.05003536,6.6295564,46.9443227,0.046984127
,2125.31,2127.09,2106.25,2112.29,6443029208.0,2024-06-13,2070.1456,34.55346094,14.0706741,45.98040467,0.039976927
,2116.03,2117.15,2090.13,2095.25,5472253552.0,2024-06-16,2071.425088,26.80784391,24.29001728,37.76981572,-0.000867928
,2098.6,2099.02,2073.91,2076.49,4055737884.0,2024-06-18,2072.678986,21.26936636,32.61715298,34.42758744,0.043831169
,2077.75,2086.85,2073.34,2078.76,3404372633.0,2024-06-19,2134.12,18.67459888,29.15271728,31.92371594,0.039177489
,2095.13,2095.38,2063.9,2068.31,3870744903.0,2024-06-20,2132.9044,13.77862443,29.37152059,32.7662468,0.045739399
,2068.71,2079.76,2057.34,2062.94,4374597459.0,2024-06-23,2130.144224,11.17126398,29.35033964,35.1855326,0.006786616
,2063.09,2079.36,2058.81,2066.16,5077255116.0,2024-06-24,2125.775971,9.180771202,24.12070411,37.12096124,0.013303571
,2067.32,2077.63,2067.03,2071.77,4187796834.0,2024-06-25,2121.669812,8.165665054,21.45370866,38.66930416,0.05
,2075.75,2077.26,2055.2,2060.16,4058047734.0,2024-06-26,2117.810024,6.450899743,28.20989328,43.49083611,0.06710373
,2059.61,2059.97,2046.95,2051.92,3715903825.0,2024-06-27,2112.801222,5.574632299,32.86131352,48.99119095,0.039637288
,2051.73,2059.79,2034.5,2037.09,3607198408.0,2024-06-30,2106.2161,4.207058052,36.8766367,55.09686736,0.036607143
,2038.7,2053.38,2030.38,2053.38,2999965022.0,2024-07-01,2097.610168,3.289632073,32.74127825,60.42548283,0.047008349
,2085.83,2162.49,2085.82,2100.43,4576831720.0,2024-07-02,2030.38,57.82588198,14.27804032,60.41957427,-0.005666186
,2101.84,2104.38,2076.95,2104.22,5083528935.0,2024-07-03,2030.38,49.12120751,16.99647918,58.0530981,0.069760795
,2107.78,2129.37,2105.83,2119.69,6482546981.0,2024-07-04,2033.0222,56.51389722,14.49561989,58.27702659,0.01209408
,2122.0,2147.12,2121.26,2140.97,6002931855.0,2024-07-07,2035.611556,57.88334894,12.07365946,59.71814742,0.156829323
,2143.95,2149.19,2128.72,2136.35,4569836106.0,2024-07-08,2038.149125,51.44178057,10.44561483,61.02314973,0.022806122
,2138.61,2152.24,2129.71,2152.14,5535958885.0,2024-07-09,2040.635942,45.51032039,8.811030121,62.33044095,0.009545455
,2162.87,2176.6,2160.63,2175.4,5744083392.0,2024-07-10,2043.073024,54.98336433,7.267650585,65.19445262,0.019196429
,2188.64,2205.15,2185.02,2204.61,7080698146.0,2024-07-11,2048.414103,63.60224196,5.739237411,68.84485256,0.075908178
,2239.41,2290.95,2230.5,2257.59,7620498521.0,2024-07-14,2057.818256,79.08310425,3.255519979,73.49435454,0.07034632
,2277.86,2288.16,2231.69,2240.41,8731436037.0,2024-07-15,2076.468796,58.41543978,2.404718847,77.21395613,0.088916765
,2243.07,2310.84,2231.83,2310.59,9114401553.0,2024-07-16,2093.627292,49.09561913,1.650380645,80.47026974,0.107517483
,2323.68,2364.76,2311.93,2364.63,12059266113.0,2024-07-17,2115.348563,59.78327939,1.300703726,83.52446798,0.028435374
,2373.53,2459.94,2355.59,2424.32,15548800738.0,2024-07-18,2145.277935,70.40089787,0.861288485,86.33612669,0.008730585
,2431.49,2494.71,2408.25,2485.94,15238271291.0,2024-07-21,2189.330624,62.57680648,0.638044223,88.66517076,0.105270563
,2491.17,2504.53,2441.56,2488.09,13915535441.0,2024-07-22,2238.191325,53.60698501,0.51622878,90.55061545,0.133522727
,2493.92,2563.45,2469.56,2563.43,14116330996.0,2024-07-23,2286.132286,56.00766227,0.38074635,92.17040398,0.020432409
,2573.23,2600.41,2513.43,2536.11,16208577315.0,2024-07-24,2341.595829,52.85757737,0.292002634,93.51656406,0.125212121
,2540.14,2572.88,2518.47,2568.11,14137899049.0,2024-07-25,2393.358663,44.70924821,0.246988585,94.59349212,0.033806818
,2606.42,2708.58,2606.4,2681.56,15810596235.0,2024-07-28,2434.768931,61.949379,0.164936079,95.56857916,0.004547619
,2706.73,2737.68,2655.15,2661.09,19609177106.0,2024-07-29,2489.531144,56.71482067,0.132587463,96.36156974,0.005903188
,2669.41,2709.89,2609.02,2696.65,17266391543.0,2024-07-30,2539.160916,43.63885963,10.64585085,89.24479959,0.026785714
,2708.25,2791.02,2707.57,2760.9,21911503161.0,2024-07-31,2578.864732,52.62855462,8.385040363,85.89867769,0.135652681
,2772.24,2805.57,2742.53,2755.62,21713431008.0,2024-08-01,2609.02,48.17807901,7.122096867,83.5673514,0.040105502
,2770.39,2806.69,2744.1,2796.38,21864992278.0,2024-08-05,2648.33,40.87233522,6.000438692,81.73326359,0.017107813
,2802.04,2815.94,2644.85,2651.32,23716716874.0,2024-08-06,2806.69,26.57284849,24.19650708,66.32274307,-0.014883576
,2644.73,2759.67,2630.86,2759.67,17950918628.0,2024-08-07,2806.69,19.99085631,20.89334296,53.49967877,-0.032142857
,2772.84,2811.15,2744.86,2766.38,20070434103.0,2024-08-08,2630.86,27.91679558,18.02173983,47.1076974,0.106740395
,2780.09,2860.96,2779.24,2860.91,25779453510.0,2024-08-11,2630.86,32.78871535,14.47390426,45.43638897,0.089126984
,2876.48,2937.4,2876.46,2931.65,27242034766.0,2024-08-12,2640.064,43.93365533,12.07151254,47.72739786,0.130526696
,2947.7,2971.69,2891.43,2923.46,21515010633.0,2024-08-13,2657.90416,43.71732893,9.913354389,50.7881252,0.024958153
,2936.62,2959.19,2883.81,2957.75,23430581150.0,2024-08-14,2683.007027,36.13335466,9.947256718,51.99584327,0.016154956
,2979.6,3036.64,2975.11,3000.81,29958519217.0,2024-08-15,2706.101665,47.60895147,8.107342456,55.77622829,0.106740685
,3017.2,3048.15,2945.49,2966.33,28836997376.0,2024-08-18,2739.155499,36.59768659,12.90540395,54.19302445,0.017112489
,2981.03,3002.74,2943.61,2968.44,18906373792.0,2024-08-21,2776.234839,31.37340187,11.51703121,52.61353365,0.184360795
,2974.78,3018.93,2967.47,2974.46,19160652086.0,2024-08-22,2808.864658,31.38522079,9.96894754,52.44831885,0.048835979
,2987.06,2990.04,2885.39,2894.57,19740593801.0,2024-08-25,2837.578899,23.39228948,27.40477966,43.53846677,0.114468864
,2899.8,2902.75,2770.39,2782.6,18649533170.0,2024-08-27,3048.15,16.67742307,44.47864205,43.92266607,0.056493506
,2791.09,2860.89,2761.02,2786.4,13727368394.0,2024-08-28,3042.5948,13.12417864,37.00109302,44.66502961,0.076594896
,2791.3,2800.28,2727.57,2749.57,12243601366.0,2024-08-29,3031.331808,10.99274671,38.46331973,46.84110494,0.027589286
,2749.68,2781.75,2686.61,2695.93,10517682349.0,2024-09-01,3013.1061,8.68558756,39.42646474,50.2517515,0.073499089
,2698.0,2823.7,2678.91,2823.25,13104631803.0,2024-09-02,2986.986412,14.47433539,28.17663607,46.62671824,0.024489796
,2834.42,2860.43,2802.92,2830.16,13577105289.0,2024-09-03,2956.17877,20.6034356,24.68022844,39.10193244,0.075478469
,2860.07,2860.39,2732.4,2739.46,12925688215.0,2024-09-04,2928.451893,15.3162184,32.48599717,38.46522083,0.05025974
,2740.21,2758.92,2686.62,2727.36,9651513246.0,2024-09-05,2903.497704,12.96665241,37.21597376,40.43660565,0.069167811
,2732.83,2760.45,2697.84,2701.9,10122408249.0,2024-09-08,2881.038934,11.46810604,31.91614387,41.77576435,-0.016854257
,2702.57,2706.54,2637.71,2646.03,9439106426.0,2024-09-09,2860.82604,9.59117456,40.99040808,45.83589463,0.105475774
,2648.07,2688.26,2616.98,2632.94,7245568421.0,2024-09-10,2834.052115,7.914400089,38.90860983,49.90759539,0.047824106
,2636.3,2651.19,2601.91,2610.21,6851179051.0,2024-09-11,2803.662019,6.875611421,37.81550177,53.77218044,0.108608631
,2625.46,2688.52,2604.83,2688.38,8169274613.0,2024-09-12,2771.381696,15.09726667,29.5751012,49.4995295,0.055076868
,2698.52,2734.58,2630.11,2637.79,10339235957.0,2024-09-15,2744.266225,22.45378057,22.07061542,39.7717383,-0.017936508
,2635.97,2637.52,2570.62,2580.76,7361988384.0,2024-09-16,2734.58,18.65035029,33.3342773,37.46672495,0.006559524
,2584.35,2606.04,2551.4,2576.76,5669194962.0,2024-09-18,2734.58,15.91002455,33.60483981,37.12065401,0.045587212
,2601.29,2643.51,2570.27,2588.35,5092948691.0,2024-09-22,2697.944,22.87381834,26.96615706,31.33871452,0.104355803
,2607.86,2608.43,2517.79,2529.33,5660302684.0,2024-09-23,2668.6352,17.51969661,34.20676072,31.52301375,0.033172963
,2529.14,2547.47,2462.61,2470.39,5689561357.0,2024-09-24,2643.51,13.75245857,40.83351296,35.14076051,0.0035
,2473.06,2519.97,2443.28,2519.57,4813223004.0,2024-09-25,2608.43,11.06474187,37.77922164,39.05131111,0.086887927
,2519.04,2541.69,2479.65,2486.76,4841407720.0,2024-09-26,2575.4,15.01602547,31.54506588,38.34098574,0.107340299
,2483.91,2494.57,2442.63,2464.4,4050658037.0,2024-09-29,2548.976,12.8047801,37.39559088,40.46985196,0.033218954
,2466.6,2508.86,2462.79,2508.86,3715359935.0,2024-09-30,2541.69,15.36109617,32.1469382,39.44240926,0.09384105
,2510.35,2623.56,2510.11,2623.56,7616522258.0,2024-10-01,2442.63,41.09207797,22.37398221,37.45254337,0.023057644
,2629.73,2643.76,2582.72,2597.49,6778195881.0,2024-10-02,2446.2486,39.74653805,18.6103874,37.20578528,0.038060489
,2597.51,2653.63,2583.25,2653.58,6138206706.0,2024-10-06,2454.149056,34.72721793,14.978902,37.71065819,0.04170671
,2656.8,2707.16,2656.35,2690.72,7095953027.0,2024-10-07,2466.117913,44.93499963,12.6330502,41.39070605,-0.026058201
,2692.49,2699.55,2652.66,2663.32,4593727244.0,2024-10-08,2485.40128,38.36270079,11.93631947,43.620277,0.019460979
,2661.8,2672.65,2643.12,2668.17,3761512707.0,2024-10-09,2503.141977,34.40169377,14.03953323,43.3031765,0.018008563
,2668.08,2700.23,2667.82,2699.66,3062337799.0,2024-10-15,2519.463419,40.69179702,12.29756172,45.35949871,0.19004329
,2704.79,2748.8,2704.04,2742.88,5660237738.0,2024-10-16,2534.479146,51.76235874,9.956288999,49.83490477,0.024359668
,2747.69,2780.97,2734.19,2745.36,7192792167.0,2024-10-17,2555.911231,54.90354061,8.11729814,54.71578792,0.054483886
,2733.35,2748.78,2689.46,2697.91,8180262572.0,2024-10-20,2582.918283,42.46954694,23.35583638,49.58002852,0.061142191
,2698.71,2700.82,2635.43,2639.92,5900791044.0,2024-10-21,2606.684489,32.36873607,37.45276039,41.12031481,0.081493506
,2640.12,2669.38,2632.62,2665.81,4171665620.0,2024-10-22,2627.598751,27.73363155,33.18426215,34.68575252,0.01131734
,2675.2,2684.66,2637.54,2645.39,6278951854.0,2024-10-23,2780.97,28.60968002,26.99131208,28.33073837,0.014112103
,2646.3,2650.18,2614.65,2627.14,5419104157.0,2024-10-24,2778.1014,24.33003217,32.59083514,25.56714766,0.078186815
,2629.84,2632.94,2610.14,2617.95,4732487865.0,2024-10-27,2771.563344,21.72343893,31.21842401,24.04066598,0.046632653
,2620.91,2647.23,2620.66,2645.36,5344800912.0,2024-10-28,2761.877943,25.69741075,26.63734524,19.59173365,0.041627786
,2648.37,2692.11,2647.99,2692.05,6128264580.0,2024-10-29,2752.773667,41.62291699,20.6032402,22.42928435,0.044094729
,2693.81,2705.24,2671.3,2677.62,5953950788.0,2024-10-30,2744.215647,41.12210657,17.09002428,26.20015402,0.016666667
,2678.97,2696.85,2670.12,2677.4,4205505238.0,2024-11-05,2736.171108,35.21127946,15.26806653,28.86165702,-0.014596561
,2679.47,2684.81,2669.19,2675.51,5222486851.0,2024-11-06,2728.609241,31.86558079,14.38305532,30.64955957,0.056096982
,2681.59,2738.12,2680.7,2738.06,9771124074.0,2024-11-10,2610.14,49.05009764,9.744105446,37.89035093,0.00821158
,2740.12,2782.43,2734.41,2760.21,11315207127.0,2024-11-11,2612.6996,59.2588193,7.442722782,45.84898197,0.069047619
,2765.7,2788.35,2741.63,2748.96,7859740799.0,2024-11-12,2619.488816,48.86321161,5.781945048,52.44682875,0.024794942
,2754.56,2757.38,2728.11,2734.83,7911976449.0,2024-11-13,2629.620487,41.59467038,11.7928528,53.12180096,0.060974702
,2738.91,2762.51,2729.67,2748.78,10320331436.0,2024-11-14,2639.144258,37.11138852,9.75728846,54.170098,0.054941478
,2753.43,2788.12,2748.29,2753.76,11726756905.0,2024-11-17,2648.096602,42.75023995,7.733521784,57.20854628,0.051653624
,2758.42,2759.54,2696.42,2702.65,10468320522.0,2024-11-19,2656.511806,30.30075382,29.41247929,46.06435048,0.026071429
,2705.17,2713.93,2683.79,2711.75,7092879946.0,2024-11-20,2664.422098,25.81380457,31.26229533,38.76068258,0.005325987
,2711.56,2722.59,2676.25,2680.44,8257643887.0,2024-11-21,2671.857772,24.23513143,24.33638845,31.05024005,0.118139649
,2690.52,2698.76,2661.22,2667.4,7728861251.0,2024-11-24,2788.35,19.79446788,27.21330444,27.99662179,0.070386905
,2682.29,2694.67,2661.21,2683.24,6345809598.0,2024-11-25,2785.8074,16.4385734,22.6047096,25.55591307,-0.009210526
,2704.58,2719.84,2685.64,2716.66,7449898988.0,2024-11-26,2780.823504,26.28668668,18.35082884,24.00042021,0.023650794
,2721.52,2755.98,2721.35,2755.47,9312934840.0,2024-11-27,2776.038964,39.52558255,14.64886078,28.38426876,0.002929505
,2757.13,2774.14,2738.8,2748.05,8545525373.0,2024-11-28,2661.21,41.71708359,11.94224805,33.80514382,0.057455535
,2762.3,2764.85,2707.94,2738.06,8832225893.0,2024-12-01,2663.4686,30.40771976,23.4052259,29.64664639,0.04875942
,2749.27,2773.47,2746.47,2758.04,10541746564.0,2024-12-02,2665.682028,29.35172133,19.32959888,27.83475781,0.049548113
,2772.74,2793.03,2751.31,2775.85,8521219300.0,2024-12-03,2667.851187,32.93022416,15.38424352,29.53104705,0.0925
,2795.98,2795.78,2747.65,2750.87,9132468907.0,2024-12-04,2672.85834,25.44176991,13.61507953,29.68097916,-0.007773109
,2752.38,2764.29,2717.34,2734.93,8369687403.0,2024-12-05,2680.23364,19.91862342,24.67427223,25.87770102,0.084424603
,2735.65,2735.67,2675.92,2689.0,7460305000.0,2024-12-08,2795.78,14.80560177,36.13518961,29.0764272,0.000510204
,2687.75,2709.58,2662.36,2676.15,5629945822.0,2024-12-09,2793.3828,11.810648,34.6345281,33.08945205,0.024702381
,2676.11,2694.85,2660.36,2669.82,4413320291.0,2024-12-10,2788.141888,9.969407094,30.13913083,36.52913281,0.066666667
,2671.36,2715.71,2662.72,2715.71,5050654450.0,2024-12-11,2780.474975,16.74272583,23.19470333,32.45434923,0.018672439
,2730.24,2730.31,2678.09,2682.29,6144065744.0,2024-12-12,2773.268076,19.22234864,18.06679914,26.58325729,0.036039332
,2684.0,2684.32,2622.76,2630.91,5935604847.0,2024-12-16,2766.493592,14.49891072,35.7131451,29.71646276,0.064744079
,2633.18,2648.55,2611.89,2633.87,4343234741.0,2024-12-17,2754.994904,12.25690618,34.77571585,33.34899596,0.020807453
,2634.49,2656.08,2621.0,2628.26,4270082576.0,2024-12-18,2740.684414,13.6942303,29.34758174,33.95275274,-0.025241915
,2626.62,2634.57,2593.18,2596.82,4760267483.0,2024-12-19,2727.804973,11.13163847,36.43355507,37.801039,-0.012089763
,2587.3,2614.28,2569.0,2583.29,4518385107.0,2024-12-22,2711.649976,8.863506235,39.89077703,42.96884963,0.025910364
,2582.29,2612.2,2580.49,2612.2,4430024603.0,2024-12-23,2691.678979,7.521869585,33.85265543,47.10309813,0.052563226
,2615.67,2645.2,2612.94,2626.31,5202263039.0,2024-12-24,2674.503922,22.73562312,28.28349055,39.85729772,0.043681319
,2625.44,2639.08,2607.75,2630.71,5329274455.0,2024-12-26,2659.733373,19.02191305,26.36945119,35.12325493,0.131884051
,2631.98,2641.17,2601.84,2609.58,5474868765.0,2024-12-29,2647.030701,15.14103311,24.05528508,32.6471189,0.007751623
,2613.7,2613.95,2545.34,2576.5,5674686091.0,2024-12-31,2639.08,10.47904467,42.00432522,38.13113123,-0.023571429
,2577.43,2589.42,2567.97,2581.6,3597445334.0,2025-01-01,2641.17,9.353553227,37.49289217,42.5183411,0.108008658
,2583.94,2586.23,2566.27,2586.23,4603282379.0,2025-01-02,2625.8372,8.314793241,34.27497474,46.2054796,0.082512626
,2586.08,2592.91,2574.43,2591.56,4860201975.0,2025-01-05,2612.957648,11.48457323,30.37146096,45.98907419,0.148953824
,2601.09,2640.73,2594.34,2640.68,6305431855.0,2025-01-06,2545.34,35.04735506,22.02778184,41.35351673,0.078720238
,2654.34,2656.52,2625.24,2646.84,5384672296.0,2025-01-07,2547.2478,37.81420251,18.07840503,40.14485552,0.042784993
,2670.51,2672.14,2642.59,2653.38,6407614174.0,2025-01-08,2551.618688,40.44301359,14.91964251,41.33631309,0.041726792
,2656.5,2656.61,2629.06,2635.09,7305342582.0,2025-01-09,2558.849967,33.60100962,20.70396429,37.81890832,0.030109127
,2651.68,2654.82,2602.46,2609.67,3997909324.0,2025-01-12,2565.647369,23.96803699,29.33271971,32.26811223,-0.007224026
,2610.05,2615.55,2580.74,2594.13,6650883104.0,2025-01-13,2572.036927,19.3564697,35.69422989,31.75002205,0.013423521
,2596.83,2611.38,2589.99,2595.96,5824904135.0,2025-01-15,2578.043111,16.86418218,31.09833584,31.33554991,0.042688312
,2598.66,2616.97,2580.4,2588.62,5933711675.0,2025-01-16,2672.14,13.22507844,30.04643923,32.84323578,0.159647817
,2590.14,2604.01,2580.01,2601.21,6257235624.0,2025-01-19,2670.3052,11.23605733,25.77192072,34.13011825,0.029132231
,2602.89,2623.61,2600.77,2607.99,6570477886.0,2025-01-20,2666.693392,22.554004,21.86079361,27.61624749,-0.003214286
,2608.27,2618.99,2597.61,2613.08,6190141891.0,2025-01-21,2663.226056,19.15295728,20.79306581,22.91416035,0.108066378
,2616.89,2667.23,2614.37,2665.45,9203088350.0,2025-01-22,2580.01,41.7510037,14.07401707,28.246949,0.060714286
,2670.23,2681.49,2644.79,2654.35,7857792326.0,2025-01-23,2581.7544,41.12871603,11.04920766,34.12715112,0.062301587
,2656.75,2662.36,2638.65,2643.93,9128673515.0,2025-01-26,2585.743824,35.04604345,13.24498919,36.33074889,0.007892108
,2642.3,2650.71,2625.58,2633.32,8924065889.0,2025-01-27,2589.573671,29.30421373,19.59604875,33.03519742,-0.000808081
,2635.07,2657.96,2634.69,2657.77,9402678034.0,2025-01-28,2593.250324,29.32419489,16.31912453,32.12672261,0.123395692
,2662.42,2727.58,2662.01,2727.58,12955764137.0,2025-02-02,2596.779911,55.51061936,10.24927451,39.46701613,0.205
,2728.65,2764.17,2720.42,2730.0,11875967538.0,2025-02-03,2604.627917,61.85619854,7.936717461,47.0248891,0.043837535
,2733.58,2745.15,2707.37,2715.91,8919697775.0,2025-02-04,2617.391283,49.74151109,13.14744378,49.25758832,0.129166667
,2719.59,2726.07,2704.24,2711.45,8958007305.0,2025-02-05,2629.133581,43.5771309,13.29499566,50.05527162,0.016428571
,2713.88,2720.48,2691.56,2699.81,9247375287.0,2025-02-06,2639.936494,36.15691735,18.49699539,46.50667207,0.010895191
,2697.52,2725.95,2683.28,2688.31,8398660629.0,2025-02-09,2649.875175,27.51573369,18.71393689,41.01319381,0.07047619
,2684.96,2699.79,2665.72,2677.32,6960292235.0,2025-02-10,2659.018761,22.21646146,25.03611079,34.00399244,0.11484375
,2678.13,2691.91,2673.03,2683.86,7246221260.0,2025-02-11,2665.72,19.60150522,22.08927183,28.39663135,0.024743466
,2687.17,2697.41,2679.78,2685.73,8717847063.0,2025-02-12,2665.72,21.00213636,19.42104651,23.49957393,-0.011538462
,2686.77,2697.34,2673.88,2678.47,7921300983.0,2025-02-13,2673.03,17.48834802,20.37940064,20.32657993,0.058073265
,2676.92,2698.31,2675.9,2698.03,9470308267.0,2025-02-16,2764.17,15.29710579,16.98605232,17.30759685,0.0235235
,2701.27,2738.0,2700.53,2727.91,10049654833.0,2025-02-17,2762.4046,38.03873505,12.38748552,24.01985185,0.095481602
,2735.94,2757.3,2726.43,2739.82,10437006215.0,2025-02-18,2760.674508,43.11145627,9.820721549,31.79451931,0.081111111
,2738.91,2752.35,2720.69,2743.74,8627687600.0,2025-02-20,2758.979018,34.06307456,11.56472952,35.29729759,0.074090566
,2724.09,2768.9,2690.42,2755.4,11548337613.0,2025-02-23,2675.9,20.64011223,22.20661222,28.96904916,0.01364273
,2754.55,2785.1,2746.0,2758.75,11085464759.0,2025-02-24,2677.76,24.73723113,17.83076396,26.42015004,-0.010622711
,2759.08,2781.95,2758.84,2765.88,9909386228.0,2025-02-25,2682.0536,21.58287654,15.55708378,24.38103075,0.002443654
,2786.65,2827.15,2785.98,2815.04,11392401816.0,2025-02-27,2686.175456,37.04358787,10.94837701,30.37964955,0.069952
,2829.12,2890.28,2826.86,2890.28,14250475737.0,2025-03-02,2694.633929,51.69200562,7.526009913,39.22012483,0.072435897
,2900.23,2929.21,2867.46,2876.66,14284510596.0,2025-03-03,2710.285614,54.44857723,5.698576954,47.5863432,0.105892256
,2877.22,2894.62,2842.78,2846.3,12946493939.0,2025-03-04,2732.178053,43.39192543,14.20895857,48.20189365,0.06525974
,2846.92,2850.16,2808.75,2821.13,10972654473.0,2025-03-05,2751.881248,36.07688992,25.66725502,41.93337631,0.143506494
,2822.74,2834.07,2811.37,2818.43,10101817682.0,2025-03-06,2769.614123,32.34101904,23.00933327,36.91856243,0.131412338
,2819.88,2819.92,2766.08,2772.1,10093654130.0,2025-03-09,2929.21,24.74428554,37.36381338,33.59858013,0.055672269
,2770.17,2791.03,2743.65,2751.42,8378055058.0,2025-03-10,2925.9474,19.66347054,39.41238582,33.56481553,0.121478521
,2752.31,2762.25,2712.74,2719.2,8391149050.0,2025-03-11,2918.655504,15.50496612,44.28062453,36.47813798,0.11344697
,2718.13,2745.58,2717.29,2736.48,8235268755.0,2025-03-12,2906.300574,13.47025464,38.4696931,38.80879595,0.092403274
,2735.97,2739.55,2693.55,2714.85,6836640408.0,2025-03-16,2894.686939,10.63390541,41.2362926,42.84663976,0.037354137
,2715.94,2732.51,2699.2,2704.7,5408314075.0,2025-03-17,2878.595984,8.931591774,34.63503931,46.07691481,0.076007326
,2721.82,2723.89,2690.58,2697.04,4346632264.0,2025-03-18,2863.792305,7.442345206,33.17491661,49.53228819,0.070238095
,2699.26,2706.58,2676.3,2682.15,5143997643.0,2025-03-19,2846.471075,6.256884571,35.40251791,53.61817399,-0.059386068
,2679.97,2685.87,2666.69,2669.31,4561311283.0,2025-03-20,2826.050546,5.556149299,37.04903062,57.67813188,0.072727694
,2667.61,2669.0,2614.09,2614.68,6320141366.0,2025-03-23,2803.740069,3.960064641,53.76963981,63.39863929,0.148888889
,2610.46,2645.99,2592.32,2640.78,4483599004.0,2025-03-24,2773.396058,2.935552562,50.35285936,68.51539104,0.01540404
,2652.87,2652.87,2581.32,2582.73,5180718708.0,2025-03-25,2740.802368,2.051220726,39.81547734,72.85254928,0.057880952
,2580.19,2625.6,2579.45,2621.86,4204408895.0,2025-03-26,2708.905894,1.650372878,32.82660918,76.36728612,0.054861111
,2632.13,2666.17,2621.46,2663.3,5223083341.0,2025-03-27,2683.014715,18.69907705,26.5447432,64.56200029,0.022014791
,2661.63,2718.95,2657.88,2693.12,7568226197.0,2025-03-30,2579.45,35.3780476,20.00756707,57.19995139,0.069087302
,2691.6,2696.5,2654.57,2676.17,5797791700.0,2025-04-01,2582.24,29.20527928,17.89400869,50.56312102,0.136448413
,2693.13,2712.25,2669.06,2700.04,5444435901.0,2025-04-02,2584.9742,30.53734936,14.61147909,47.50532894,0.013382395
,2700.23,2732.85,2700.23,2703.39,7844642487.0,2025-04-03,2587.653716,35.32146926,12.44383367,47.58344896,0.018719213
,2702.09,2710.13,2667.56,2670.06,5658973766.0,2025-04-07,2593.461567,28.47120477,24.91427813,39.39930369,0.104469507
,2671.62,2674.88,2631.68,2666.61,5309568997.0,2025-04-08,2599.037105,22.84983911,36.39371438,36.09171266,0.014312771
,2681.8,2701.12,2671.65,2676.28,4484619741.0,2025-04-09,2604.38962,31.60884892,30.40017573,29.26320797,0.044545455
,2677.58,2687.92,2667.0,2670.7,5637981250.0,2025-04-10,2609.528036,28.10197247,29.49345347,23.89375787,0.040791546
,2673.01,2676.7,2657.32,2662.08,6280296245.0,2025-04-13,2614.460914,24.9026406,31.82219263,21.55469686,0.027630547
,2678.52,2704.58,2669.22,2689.22,8544357888.0,2025-04-15,2619.196478,34.58259173,24.25321828,20.75501142,0.118511905
,2702.46,2704.97,2685.36,2696.23,7265122242.0,2025-04-16,2623.742619,30.6506258,21.32742266,20.19137088,0.028368506
,2701.23,2740.13,2697.63,2722.73,10797363282.0,2025-04-17,2628.106914,43.12836359,15.94483066,25.35643615,0.044324315
,2724.51,2731.81,2700.85,2706.04,8433589785.0,2025-04-20,2634.828299,35.27927572,13.0429729,29.48848836,0.10047619
,2704.19,2716.7,2691.07,2698.28,8775720294.0,2025-04-21,2641.146401,29.68817432,17.02329682,29.01338911,0.073083333
,2695.15,2707.86,2682.8,2688.32,8321282189.0,2025-04-22,2647.085417,24.87080424,19.61589601,25.57317387,0.066028139
,2687.69,2687.69,2653.74,2655.94,7575517247.0,2025-04-23,2652.668092,19.43205352,33.70351484,25.83025592,-0.01875
,2656.49,2668.06,2641.88,2658.02,7879381268.0,2025-04-24,2740.13,16.1001405,35.69220503,28.22982638,0.08389116
,2657.75,2684.51,2657.37,2661.6,10875991144.0,2025-04-27,2738.165,24.19219098,29.20347501,24.46089885,0.049761905
,2661.01,2676.05,2645.24,2647.07,8912843920.0,2025-04-28,2736.2393,19.23105343,31.28841173,24.34207061,0.001948052
,2648.99,2666.54,2630.3,2631.98,7575206278.0,2025-04-29,2734.352114,14.77586967,33.59042106,27.25368307,0.006216931
,2631.91,2642.07,2622.72,2623.83,9374122656.0,2025-04-30,2730.190029,12.79717238,34.33802405,30.94297485,0.054474915
,2627.96,2645.67,2619.26,2620.39,9245583316.0,2025-05-04,2723.741828,12.95228273,27.95192709,32.0884144,0.051468769
,2618.33,2630.36,2604.79,2610.4,7634193694.0,2025-05-05,2715.383281,10.57262107,33.21341955,36.0122916,0.061414367
,2608.6,2625.7,2608.57,2611.43,8747668846.0,2025-05-06,2704.323953,9.162885082,28.78479656,39.15139336,-0.022619048
,2613.78,2676.25,2611.71,2673.69,10518406353.0,2025-05-07,2694.370558,35.7808146,17.65189873,38.10681384,-0.031423611
,2674.7,2687.38,2655.79,2661.64,11650017852.0,2025-05-08,2604.79,35.67629201,14.28596694,39.04804433,0.06058768
,2661.56,2692.5,2648.48,2649.11,10202701344.0,2025-05-11,2606.4418,26.78114007,14.86444159,36.96134676,0.01297619
,2650.54,2669.28,2632.29,2634.23,9634812613.0,2025-05-13,2609.884128,21.22304814,20.86313664,29.74011286,0.115876623
,2635.21,2642.96,2619.64,2620.27,8736570105.0,2025-05-14,2613.188763,18.2399087,25.55537485,27.13284553,0.023901099
,2623.28,2628.67,2605.89,2611.85,7083348241.0,2025-05-15,2692.5,15.567936,30.65391543,28.23391604,0.024319986
,2608.26,2625.26,2606.09,2609.05,8509221313.0,2025-05-18,2690.7678,13.48930525,26.56100478,29.11477245,0.107738095
,2606.73,2639.69,2605.03,2628.36,7358855085.0,2025-05-19,2689.070244,20.01328795,20.40390643,23.48511118,0.043298406
,2627.68,2681.58,2617.46,2677.45,7312790196.0,2025-05-20,2685.708634,35.82814233,13.28334741,27.96915636,0.057210884
,2712.26,2771.47,2667.85,2669.51,10698651681.0,2025-05-21,2605.03,56.88286451,7.791029235,37.55667028,0.084794372
,2674.07,2705.56,2669.58,2688.55,9822070682.0,2025-05-22,2608.3588,48.21347889,6.603616517,45.22668141,0.039280704
,2693.04,2703.78,2665.48,2679.98,7609542212.0,2025-05-25,2611.621024,40.09770566,7.293995664,50.02499669,0.033954082
,2712.69,2745.89,2670.35,2674.76,7585022591.0,2025-05-26,2614.818004,44.68694121,5.154761834,55.88309069,0.07167546
,2674.15,2684.77,2655.29,2675.62,6527839582.0,2025-05-27,2617.951043,39.09373948,10.90364003,55.98310334,0.044155844
,2675.61,2696.78,2666.5,2693.06,8586004334.0,2025-05-28,2621.021423,39.17257444,9.394013736,57.04946503,0.047816693
,2715.95,2726.6,2686.93,2694.66,9226322933.0,2025-06-02,2624.030394,45.8258823,7.657750726,59.91239884,0.111295996
,2694.04,2699.28,2656.34,2658.93,6679561325.0,2025-06-03,2626.979186,36.65844052,20.37713121,53.63909628,-0.02462406
,2660.22,2664.59,2641.07,2646.95,5163334523.0,2025-06-04,2629.869003,32.24224861,25.7435673,45.15274977,0.11984127
,2643.85,2661.77,2635.3,2640.96,7970886663.0,2025-06-05,2632.701022,27.56989502,25.17183731,37.03155854,0.073260971
,2639.27,2645.22,2626.39,2629.89,9137414919.0,2025-06-08,2771.47,24.4227848,27.69983966,30.88268729,-0.000358852
,2629.23,2657.34,2627.76,2653.09,8689350320.0,2025-06-09,2768.5684,27.45333167,22.62785348,26.63321214,0.06259231
,2654.31,2683.25,2653.57,2678.17,10160981076.0,2025-06-10,2765.724832,38.51380288,18.3463711,28.40026302,0.017624141
,2677.53,2686.45,2660.86,2664.47,9907005575.0,2025-06-11,2762.938135,34.16674423,15.28000937,30.35943179,0.040082645
,2665.23,2672.42,2654.69,2655.38,12515308962.0,2025-06-12,2760.207173,29.84644104,17.74823703,29.37139283,0.0410727
,2654.61,2667.68,2653.43,2655.85,11443272637.0,2025-06-15,2757.530829,26.48224311,16.74436558,28.00261577,0.025916306
,2652.18,2679.74,2652.13,2658.66,13186945742.0,2025-06-16,2754.908013,30.17025362,13.15354726,30.25768515,-0.032539683
,2659.28,2670.25,2649.6,2654.75,7653249313.0,2025-06-17,2752.337652,25.13165767,13.00295325,30.56714362,0.022161172
,2654.51,2662.69,2649.78,2653.68,9085886877.0,2025-06-18,2749.818699,22.23035423,11.50183806,30.8147104,0.0
,2650.96,2661.33,2628.27,2628.91,11231489965.0,2025-06-19,2747.350125,16.23201449,25.95420203,29.2609456,0.019565591
,2628.81,2631.82,2594.01,2595.97,9145858510.0,2025-06-22,2744.930923,11.71357868,43.95242175,34.99171298,0.035714286
,2598.63,2608.56,2584.47,2600.76,6471952678.0,2025-06-23,2738.894086,9.58797327,43.1628804,40.72298699,0.119467787
,2603.47,2629.26,2599.72,2600.53,5767895001.0,2025-06-24,2729.628641,22.75094352,33.76984738,36.47745176,-0.084259259
,2601.11,2607.71,2594.34,2600.2,5942852256.0,2025-06-25,2720.919122,20.25692395,34.47905075,34.37859009,0.06549062
,2599.7,2617.65,2594.71,2595.74,7780242243.0,2025-06-26,2712.732175,24.6491037,27.91575662,28.74577575,0.029979214
,2594.94,2626.21,2594.23,2622.28,7121736114.0,2025-06-29,2705.036444,25.17657685,20.96230231,24.82339863,0.059141839
,2627.93,2638.72,2622.5,2631.48,6387207015.0,2025-06-30,2697.802458,32.20208734,18.07000553,25.48095622,0.098484848
,2633.06,2663.24,2632.19,2660.39,7033050287.0,2025-07-01,2691.00251,43.44895623,13.55395644,30.8737026,0.096904762
,2667.9,2696.13,2661.37,2694.82,9744843376.0,2025-07-02,2584.47,56.08414639,10.0284696,38.63145472,0.06625
,2700.17,2716.93,2685.77,2703.96,9645550680.0,2025-07-03,2586.7032,58.4403214,7.813564484,46.18781663,0.049718915
,2708.24,2722.33,2697.32,2706.36,9500003269.0,2025-07-06,2591.912272,51.75615758,6.396234172,52.55061712,0.06207483
,2715.4,2718.1,2680.45,2684.01,8377327148.0,2025-07-07,2599.737336,38.58550339,16.17092944,50.22750399,0.055844156
,2683.77,2690.13,2662.59,2683.86,6574166815.0,2025-07-08,2607.092896,31.3021898,25.35969473,42.2795314,0.008874459
,2679.37,2707.91,2679.16,2705.9,7451877102.0,2025-07-09,2614.007122,37.33818258,20.34776033,39.71428804,0.099675325
,2709.09,2743.09,2706.89,2731.8,9682488740.0,2025-07-10,2620.506494,51.20441368,15.42004732,42.51354101,0.073977167
,2767.53,2798.75,2757.89,2760.8,11416428467.0,2025-07-13,2630.313175,62.46798373,9.980883053,48.50025218,0.096336996
,2761.96,2765.91,2723.82,2725.71,8172143326.0,2025-07-14,2647.156857,48.91030845,25.38263661,45.13395842,0.041363636
,2725.63,2763.27,2724.9,2760.17,9419165808.0,2025-07-15,2662.316172,39.21247214,20.34981914,42.44092341,-0.007275132
,2759.58,2803.78,2759.11,2794.78,14034839880.0,2025-07-16,2675.959555,50.73916479,15.79290671,44.45782516,0.057553712
,2797.41,2878.77,2796.58,2870.63,16592105455.0,2025-07-17,2691.298008,64.03034523,10.34719698,50.00157129,0.060200691
,2878.39,2922.84,2861.06,2870.95,21464994133.0,2025-07-20,2717.544087,65.78846297,7.856365116,55.73409241,0.115442177
,2874.29,2902.94,2856.88,2892.72,16327115239.0,2025-07-21,2750.391433,53.733795,8.079682057,59.35884645,0.019139194
,2895.07,2975.77,2894.48,2973.7,20085367294.0,2025-07-22,2777.983204,63.65962699,5.718177218,64.19024337,0.043488456
,2976.27,2992.26,2947.86,2978.88,19575270558.0,2025-07-23,2813.584827,59.3261465,4.783802361,68.36744588,0.030221088
,2982.86,2990.45,2963.79,2982.64,18490428794.0,2025-07-24,2849.319862,52.84496299,4.261187918,71.70920788,0.033038449
,2984.92,3013.17,2958.34,2964.2,26577438238.0,2025-07-27,2877.907889,50.34358534,3.326840697,74.88790717,0.017316017
,2967.51,2976.92,2917.51,2971.31,19360873034.0,2025-07-28,2904.960311,38.81597209,18.30181612,67.0934316,0.063944389
,2976.0,3028.79,2976.0,3002.07,18529322886.0,2025-07-29,2917.51,49.96825594,14.33272375,64.75872327,0.06229128
,3008.33,3020.17,2947.71,2954.14,16441354409.0,2025-07-30,2917.51,37.24154256,20.62613544,57.54953049,0.000297619
,2961.8,2967.03,2915.47,2922.63,15988911994.0,2025-07-31,3028.79,30.36306567,28.36557105,46.71986992,0.075291202
,2923.87,2923.88,2856.95,2858.9,13075004920.0,2025-08-03,3026.5236,23.3616475,41.98630387,43.07604597,0.116160328
,2857.27,2890.05,2832.6,2875.36,10822449403.0,2025-08-04,3019.740656,18.72810239,42.06531819,42.13838332,0.054761905
,2875.57,2906.24,2831.63,2834.0,9333988482.0,2025-08-05,3008.512217,19.45181128,31.81997015,38.53525479,0.02407708
,2840.03,2856.63,2826.86,2832.06,7631375953.0,2025-08-06,2994.361639,17.34481392,30.10884376,36.20778065,0.034013605
,2831.28,2861.34,2831.27,2850.37,8537581255.0,2025-08-07,2977.611475,17.14253071,26.48647461,33.24958777,0.03749442
,2852.72,2875.45,2820.05,2822.46,10210142308.0,2025-08-11,2962.536328,18.94907462,20.74008042,27.50218668,0.064278199
,2824.01,2828.57,2796.24,2796.24,6918983508.0,2025-08-12,2945.437968,16.35991795,27.96912486,27.23949245,-0.002334267
,2799.06,2813.59,2784.49,2785.74,6161894735.0,2025-08-13,2924.550253,14.17998388,29.62258943,28.84259776,0.01856576
,2789.54,2802.14,2784.15,2788.36,7464177704.0,2025-08-14,2902.140612,12.85618353,27.03355318,30.18235759,0.07937045
,2789.85,2803.25,2761.22,2761.22,7735195095.0,2025-08-17,2880.902302,10.1020026,32.92974624,34.75560762,0.007511338
,2760.67,2779.68,2755.88,2770.39,6179855210.0,2025-08-18,2856.965842,8.771856078,31.54814657,39.1022485,0.119761905
,2769.37,2796.68,2769.23,2776.9,5636548038.0,2025-08-19,2836.748673,17.25307541,26.51481041,35.51400459,0.012698413
,2773.37,2783.02,2766.64,2767.2,5200753868.0,2025-08-20,2820.574939,15.41823495,25.37657784,33.29336501,-0.02202381
,2767.52,2775.34,2756.85,2757.97,5020104817.0,2025-08-21,2807.635951,13.40646187,28.97404007,33.98126767,0.072579365
,2754.44,2770.8,2737.85,2739.95,6548638336.0,2025-08-24,2797.284761,10.38735855,35.43475396,38.11746313,0.024361472
,2740.31,2764.95,2730.74,2761.26,5753219653.0,2025-08-25,2785.397809,8.038124885,32.12116257,42.48772797,0.08622449
,2764.3,2775.09,2760.73,2766.09,4185315734.0,2025-08-26,2730.74,14.67601525,28.71376637,40.46071558,-0.016666667
,2781.38,2822.79,2767.77,2819.1,7683386442.0,2025-08-27,2730.74,38.54244943,18.84644233,39.23262106,0.050643338
,2820.01,2824.85,2778.92,2781.0,8095610446.0,2025-08-28,2734.422,29.75089249,13.98142771,38.59790939,0.075604652
,2784.11,2784.56,2745.69,2749.83,6061822379.0,2025-08-31,2739.84768,23.36930561,29.32008601,33.13714289,0.032454365
,2768.4,2773.69,2741.39,2761.86,5105746658.0,2025-09-01,2824.85,19.11121435,26.40339951,29.71404125,0.049119048
,2777.52,2791.67,2741.46,2741.97,4438251813.0,2025-09-02,2823.1808,23.47743875,19.49954833,25.62240531,0.140767677
,2744.41,2749.88,2724.99,2726.33,4728052861.0,2025-09-03,2821.544984,20.20393901,26.0070506,23.00949634,0.09012605
,2723.81,2732.75,2702.25,2719.77,5144322259.0,2025-09-04,2817.682785,16.64830822,34.55127733,25.40100099,0.045062831
,2714.23,2727.47,2705.77,2708.25,4402767272.0,2025-09-07,2810.756818,14.39526205,29.87538942,27.31420471,0.066737013
,2707.03,2711.84,2663.78,2672.25,5233766698.0,2025-09-08,2804.246409,10.47189257,45.54529661,34.37373576,-0.000650067
,2634.85,2634.85,2511.91,2511.91,728702830.7,2025-09-18,2793.009096,4.901194044,71.70326013,44.93976716,-0.01229128
,2487.56,2634.55,2483.15,2623.62,9179573080.0,2025-09-21,2764.899186,3.010778464,51.37381492,53.73737889,0.021888958
,2631.16,2682.28,2630.97,2682.25,5292773925.0,2025-09-23,2731.089284,15.344039,43.2876029,52.52180875,0.090416126
,2683.46,2689.67,2645.3,2654.35,4124821864.0,2025-09-24,2701.33657,15.51391433,37.68006369,50.35152923,0.053722944
,2653.84,2661.42,2637.37,2652.0,3260440604.0,2025-09-25,2682.28,14.26213178,37.30025922,49.21724322,0.03412037
,2655.86,2671.68,2647.96,2663.51,2935914911.0,2025-09-28,2483.15,16.88524614,33.92549587,46.081136,0.009005963
,2662.51,2664.99,2596.04,2604.96,4629042657.0,2025-10-07,2486.9206,12.70765098,44.16223539,47.92685614,0.016439394
,2610.28,2610.31,2535.3,2559.59,5762701111.0,2025-10-08,2490.615788,9.508548849,53.42992592,52.29840943,0.000242504
,2585.73,2677.09,2575.51,2582.18,5273221480.0,2025-10-09,2494.237072,25.13445358,35.78846321,45.33626515,0.059923405
,2583.97,2584.24,2493.16,2503.35,6707245266.0,2025-10-12,2677.09,19.04236646,49.02884422,45.07933809,0.086282468
,2521.01,2547.81,2478.39,2547.6,4975408545.0,2025-10-13,2677.09,15.46998283,43.82241292,45.62706787,0.001991342
,2547.77,2553.57,2523.58,2528.16,3366198262.0,2025-10-14,2669.142,15.81368818,39.79128141,45.12591699,0.049032738
,2527.92,2528.59,2498.87,2505.58,3101830945.0,2025-10-15,2661.51192,14.1960528,44.22584032,46.38105349,0.000856181
,2505.73,2522.59,2478.56,2487.17,3270054864.0,2025-10-16,2654.187043,11.93513534,44.52872822,48.64978174,0.067152015
,2489.08,2507.12,2482.94,2503.85,2791189909.0,2025-10-19,2647.155161,10.75887955,40.14024224,50.46476435,-0.028274389
,2503.44,2509.08,2469.37,2509.04,2615556436.0,2025-10-26,2640.404555,8.948470066,39.13608562,52.92786617,-0.017131752
,2506.96,2576.41,2503.98,2571.34,4573943406.0,2025-10-28,2630.142482,32.2424407,28.28461401,43.65008057,0.048055556
,2570.59,2602.98,2557.74,2566.16,5459767682.0,2025-10-29,2620.496133,36.95634601,23.25112287,39.4727299,0.06547619
,2568.41,2605.5,2548.39,2600.38,7513938473.0,2025-10-30,2611.428565,28.85379796,21.74288064,34.38900768,0.058962843
,2614.19,2638.12,2593.67,2631.14,9203146430.0,2025-11-02,2469.37,36.68276557,17.92036653,34.38348556,0.040589569
,2629.67,2650.61,2610.96,2622.89,6052226904.0,2025-11-03,2472.745,35.83342554,14.9832596,35.71281995,0.039326299
,2623.76,2627.56,2587.28,2595.24,5150768939.0,2025-11-04,2479.8596,29.66030489,22.52970291,31.30281044,0.066900093
,2597.0,2612.53,2576.83,2607.42,4681922815.0,2025-11-05,2486.689616,24.9067155,23.61022879,25.57669533,0.007256236
,2609.72,2622.44,2589.63,2596.12,5416939357.0,2025-11-06,2493.246431,25.73041656,19.93909991,22.99754105,0.045631629
,2598.4,2599.27,2560.92,2566.09,4907624328.0,2025-11-09,2499.540974,20.96712227,30.10680122,21.97703297,0.025239985
,2570.66,2576.85,2544.1,2561.94,4514408236.0,2025-11-10,2505.583735,17.5074202,33.61350611,23.88279777,0.073879552
,2563.87,2569.99,2548.01,2565.16,3626175111.0,2025-11-11,2511.384786,15.3785824,29.52622759,25.4074096,0.060365936
,2565.78,2569.52,2540.24,2544.59,3848586412.0,2025-11-12,2516.953794,12.78909585,29.02287419,28.09106208,-0.021611722
,2538.63,2559.01,2530.32,2545.73,3499821672.0,2025-11-13,2522.300043,10.60247243,29.97241001,32.02059763,0.03767422
,2550.18,2550.18,2533.03,2540.57,3893975794.0,2025-11-16,2527.432441,9.401397367,26.57705911,35.16422608,0.012359708
,2543.89,2555.32,2534.97,2550.36,3946074359.0,2025-11-17,2530.32,11.68242732,22.75384894,34.56147309,0.090252976
,2549.19,2579.12,2547.42,2566.07,4105406134.0,2025-11-18,2533.03,25.55459148,17.77493936,31.24010225,-0.03633157
,2570.92,2580.09,2550.62,2561.08,3778632771.0,2025-11-19,2534.97,21.04121088,14.1714414,28.89395742,0.094705295
,2559.89,2563.92,2549.82,2560.29,4688868299.0,2025-11-20,2539.5956,18.76592898,13.25254831,26.55904031,0.029486436
,2562.34,2600.93,2562.34,2600.22,6286733917.0,2025-11-23,2544.036176,39.03679298,9.53701261,33.39360621,0.025378788
,2601.2,2650.66,2601.11,2650.66,7035480137.0,2025-11-24,2548.299129,57.08919318,6.646167993,42.54378254,0.080730626
,2654.29,2658.19,2635.55,2655.99,5823028664.0,2025-11-25,2554.440781,53.62559924,5.680153159,50.20392842,-0.012142857
,2661.7,2671.91,2647.39,2665.6,6692971095.0,2025-11-26,2562.740719,54.00848795,4.746222502,56.93193117,0.070429293
,2670.11,2678.29,2658.12,2676.03,6662383143.0,2025-11-27,2573.657647,50.77239781,4.059849807,62.58389373,0.058585026
,2674.69,2694.89,2644.13,2649.52,7085449434.0,2025-11-30,2586.213529,45.12246334,2.79042298,67.73753462,0.04862259
,2648.34,2658.42,2630.66,2645.24,4716383581.0,2025-12-01,2601.428235,37.17608531,10.8442559,65.15697576,0.015319114
,2640.9,2652.52,2638.17,2644.7,4481394150.0,2025-12-02,2614.512882,33.37788639,9.736322113,63.09252867,0.098818133
,2647.41,2658.97,2622.88,2631.17,5235699337.0,2025-12-03,2694.89,25.26354416,17.66884536,54.01200388,0.003675595
,2629.69,2636.97,2602.95,2609.69,5334415331.0,2025-12-07,2693.4498,19.6381546,26.77917071,46.28647842,0.046088435
,2609.67,2618.22,2601.38,2606.67,4669548743.0,2025-12-08,2689.829808,17.26011153,24.66535551,40.56175828,0.065455026
,2607.36,2620.57,2605.6,2614.07,3755027796.0,2025-12-09,2684.52282,17.07485363,21.74006143,34.85322886,0.002867965
,2613.84,2618.53,2596.7,2609.03,3738772373.0,2025-12-10,2679.53425,14.03969281,25.12267659,33.54260006,-0.007359307
,2608.11,2611.99,2601.5,2607.37,3497979757.0,2025-12-11,2672.90751,12.68526453,22.69905778,32.49409702,0.076738089
,2607.05,2614.31,2587.88,2594.87,4007455077.0,2025-12-14,2666.810909,9.7292349,29.41803986,36.05411573,-0.033201766
,2593.58,2602.89,2587.23,2601.61,3441903770.0,2025-12-15,2658.917819,8.297223004,25.69902925,39.08077765,0.07913523
,2601.81,2619.99,2600.86,2619.99,3294227122.0,2025-12-16,2650.31528,23.1780485,20.98306869,32.25870015,0.017317821
,2622.33,2632.81,2619.14,2625.69,4053720782.0,2025-12-17,2642.745047,33.12122186,18.02801771,31.70859396,0.009816654
,2629.77,2631.09,2608.89,2615.03,4577827903.0,2025-12-18,2636.083241,25.75754244,24.28494751,25.955413,0.032092671
,2614.64,2616.25,2588.73,2595.1,4528715671.0,2025-12-21,2632.81,19.15765713,36.83281004,27.07795977,-0.014285714
,2595.08,2597.16,2574.84,2581.21,3515930719.0,2025-12-22,2631.09,15.20727479,42.07005187,31.04226686,0.044660494
,2579.33,2584.72,2568.94,2584.49,3429893942.0,2025-12-23,2623.215,12.86321317,41.34852619,35.34272295,0.052447619
,2585.6,2593.57,2577.63,2585.87,3224664663.0,2025-12-24,2614.531,19.81299179,34.6120045,33.712493,0.004539474
